Mean,Median,MAD,Standard Deviation,RMS,Shape Factor,Crest Factor,Entropy,Skewness,Kurtosis,Gradient Mean,Gradient Std Dev,Rolling Median Mean,Rolling MAD Mean,Spectral Centroid,Spectral Entropy,Peak Frequency,Spectral Flatness,Spectral Spread,Spectral Roll-off,Low Band Energy,Mid Band Energy,High Band Energy,Spectral Crest,Spectral Flux,Spectral Kurtosis,Spectral Skewness,Spectral Slope,Datetime,Size,No,Label
8.551932928024765e-07,-0.00028603617083767727,0.03043156371632721,0.0470999552252991,0.04709995523306296,1.2782064398175899,9.152955548532956,-106.88298919943932,0.14024642253057792,4.1488669265491875,-3.2314735523577736e-07,0.03968189156219034,-0.00027469308170294016,0.03102743293947487,25.865473405543995,13.053619876155295,33.31796908239966,0.4191048158393931,11.331410773835433,39.7248617217416,1805.5888614381631,39366.538925681074,22586.747364460152,96.30099593772312,593699.1036739207,1443.7513277556889,24.880298341424687,0.018821038504813137,20240921135825,1505,XXX0001,1
-2.3169596642838473e-06,0.0005879318487657255,0.029880755811493784,0.04317712045711186,0.04317712051927791,1.2436909091222421,4.883101938958175,-217.65210612904596,-0.01345267235839223,2.8977355662795934,-3.7668000082921816e-07,0.03605568092853478,0.000648209621315802,0.030015226552157753,26.633331575204974,13.0153687197746,33.31796908239966,0.4760655756766863,11.683523991341485,41.16791944405049,1682.0781704456394,31318.55922791411,20874.89023931385,114.11485477098915,526827.7099422521,1789.8870229553352,28.953122842851666,0.029984550719729358,20240921140614,1505,XXX0001,1
3.3429411874434614e-06,0.00010296383614048343,0.030861809586295925,0.04556468926257107,0.04556468938520173,1.252600074933446,6.858246516790679,-133.21516871857762,-0.0064096231161761075,3.138067441578843,-2.1254879936211053e-06,0.03730669298181125,0.00023798364296389137,0.03113198067963354,26.25625218865461,13.039709284984466,33.31796908239966,0.49615674145632377,11.743624760918506,40.95163806552262,1977.2424000896485,35214.34450555987,22313.111758643776,100.52825970588815,557826.0943498451,1404.061567636957,24.779425906591477,0.02548009580386817,20240921141909,1505,XXX0001,1
-1.3056549966920889e-06,-0.0005627354553934438,0.03818392335647935,0.057412244697579155,0.057412244712425606,1.2666361438912168,9.314656165098398,-75.42261297661531,0.09217682293908616,3.8492922197162502,7.465799704542844e-07,0.047169644022266914,-0.0005647981852807537,0.038417606341542475,25.72509118019067,13.006724523494183,33.31796908239966,0.4313117454116017,11.40635911808997,39.22138703729967,2515.166524872817,46343.84939698588,28271.997654304785,78.1805196640262,744699.2943939248,632.0117303571225,15.621258394011607,0.0190828270597674,20240921154729,1505,XXX0002,1
-6.81421916680577e-06,7.90741500949349e-06,0.035825650862808534,0.05389809000547554,0.05389809043622904,1.2609076784184865,7.969008944569263,-99.83979576926947,0.02506085515179009,3.291892354880741,-1.4874991092757876e-06,0.04424602376263015,9.089748166306315e-06,0.035982172775835854,26.05829610114313,13.03721493514399,33.31796908239966,0.5241110934600558,11.58850228678148,39.56530988512268,2633.5898032189584,42136.67742254021,27815.438923976213,82.98945804033437,668156.5234824882,776.2018790171261,17.114193317866167,0.026190616937853455,20240921155518,1505,XXX0002,1
-6.38239038620074e-06,-0.0003791926513512858,0.040199812945162186,0.060222531333516634,0.06022253167171985,1.2618289506107467,6.775890879167735,-86.49041691026312,0.011706970425582284,3.427437312798894,1.0202506811183836e-06,0.047725935366264315,-0.00020229380667354083,0.04095692843818098,25.88107094583072,12.937981266443828,12.803148489575946,0.5065840281902982,11.598744548438269,39.217841440930364,2582.492087814845,40490.7893676315,26486.829532703574,92.39636821211037,936120.7164981484,938.6545945851036,22.164756024937002,0.020902808382711194,20240921161602,1505,XXX0004,1
-1.632172328155663e-06,0.0003017152369750614,0.04145627008236983,0.06168654103578949,0.061686541057382416,1.257245458126739,4.365234276461209,-122.20370267645325,0.0007529025878573499,3.08181199085626,2.011899799898986e-06,0.04918495263565453,0.0001477856374267499,0.04239613947225564,26.758981465134294,12.877415148823234,33.31796908239966,0.43175354419005013,11.62703670865001,39.77450007091193,2298.139312160847,37338.24486797175,28159.88700636338,88.89601820089258,755506.7333860954,638.3100628811278,19.475041971175674,0.0406317086809867,20240921162221,1505,XXX0004,1
-2.3327372010828316e-06,-0.00046765152640662784,0.03563246587955708,0.053353715165791966,0.05335371521678808,1.2585962891489697,5.124131368708254,-131.38571382675775,0.04642793865686138,3.1670081968338297,1.9523598908053163e-06,0.04384833786843767,-0.0005049126532659926,0.035903106267664554,25.63788294391404,12.99062021109098,33.31796908239966,0.4532901152253873,11.477392746337944,39.019288044249045,2439.6190496975805,42693.52984396339,25639.623818747597,80.88128996352889,634698.7910155626,670.7667909715975,16.119331618554938,0.015408949883095905,20240921164510,1505,XXX0005,1
5.24501407283948e-06,3.20265746227592e-05,0.037936374865957835,0.05651183982196565,0.05651184006536749,1.2575416442197842,5.992710908622845,-103.77924677450349,0.007065621951090083,3.199375263467644,-6.549298213981873e-07,0.046973085828012975,0.00023734291997191707,0.03818405350815871,25.78544873436108,12.980950958813162,33.31796908239966,0.49817101578149053,11.546932211332518,39.16465749539072,2803.8391652844607,41107.1502074891,26517.773323986872,86.89739990223661,784572.4547794057,909.5484940168998,20.90272603082894,0.01887154915361992,20240921165102,1505,XXX0005,1
-4.7697913637094584e-06,-8.939798481409807e-06,0.03683794733479227,0.06331740151489061,0.06331740169454825,1.3727280180098476,13.513315947658082,-43.47553361394453,0.32827762032706725,12.973600649834637,-3.2469140628611786e-06,0.050447361418275875,-8.552335453766197e-05,0.03729411994424302,24.124179260483245,13.059586238123087,33.31796908239966,0.4865323382125463,11.662888104968474,38.49808537796057,5072.263366807263,59012.52761008366,29068.792183681366,65.86605693548594,854564.6535612699,518.0722709776015,12.336297832028485,-0.027713753396215714,20240924092105,1505,XXX0006,1
4.2785809952386e-07,-8.156978490846692e-05,0.030433306930132912,0.048267139640081724,0.048267139641978075,1.3221159036215497,13.687895924849355,-64.74250507797915,0.2967458438828611,11.52035544705898,-6.046254562067146e-07,0.04035005001970841,-6.979075292574158e-05,0.030709042131247727,24.096380909034263,13.036583448070516,33.31796908239966,0.39167755771486795,11.308878377609327,38.370443908665436,2545.665630980975,42827.101421957566,19260.541017253978,100.74736590339509,610043.067629533,1600.0289341156395,26.23373996840822,-0.019840354979340998,20240924101639,1505,XXX0007,1
1.8628527198533758e-06,0.00010984727594192035,0.03447263436180936,0.050666791151096104,0.05066679118534161,1.2480089754841368,4.967076557022428,-157.304153997144,0.023982250304714868,2.95365536498841,3.431478852691293e-07,0.043470042468364334,1.0579091877271926e-05,0.03473050133406105,26.106202769220374,13.010658406277022,33.31796908239966,0.4498669510078902,11.28049255566658,39.55821869238406,1937.4860299469508,39613.93395715197,23448.143778189034,96.88417934806115,637390.6085840018,1115.0125810534998,22.06701147853303,0.02451326469643448,20240924103805,1505,XXX0007,1
4.056001877622645e-06,0.00015561030770373796,0.034159318697081754,0.050797369604934084,0.05079736976686325,1.2530933872717633,6.085749883828779,-139.60000446437024,0.0090704521162743,3.0655318602583805,1.489282797073224e-06,0.04412868417251652,0.00021641257732279206,0.03463705180544133,25.944198753970273,12.965810481543606,33.31796908239966,0.4913468718482931,11.302885516308343,39.419940433981,2109.3990024134855,37938.089279412976,22244.64531607764,99.16598753001185,573431.8449427424,945.5377765204096,20.0876389643995,0.02005726958546483,20240924104823,1505,XXX0007,1
-1.6488575747120704e-06,4.299272230260374e-05,0.03154036982218082,0.04788775522743478,0.04788775525582128,1.2666432762189095,9.525097550990267,-96.21568487246688,0.05474516354455531,3.9668614822107524,-1.5457157204232973e-07,0.03981764371200112,0.0001209689728088136,0.032012627002898156,25.81164403159709,13.033801395550132,33.31796908239966,0.4369906552879294,11.446763510632179,39.636221812508865,1859.7850369229022,39857.866076383725,22737.796665470487,96.80111914464374,576173.444018851,1393.5733751750242,23.749458932047155,0.017845688699366983,20240924120251,1505,XXX0008,1
5.928845091256238e-07,-0.0001449659748177807,0.035533262866278684,0.05290006377304552,0.05290006377636794,1.2586690553552329,6.4565939813043585,-102.56412129594716,0.03187893861586019,3.2914067814295307,3.283014689682848e-07,0.044706052455306775,-0.0001643325743393486,0.03593402526805996,26.530466382910703,12.991055479798199,33.31796908239966,0.38907281586814846,11.33470195496307,39.70358814352574,1711.3013253401348,37250.19971356024,26565.05832129512,93.21459831423714,619824.2261277146,913.2565973938616,21.373058035833324,0.034174680071116854,20240924134419,1505,XXX0009,1
-1.774810994233608e-06,-0.00010503931086650996,0.03299655566532668,0.04919088251586002,0.04919088254787768,1.2563058316566924,5.3757708529789365,-155.0382672604382,0.012312124374381176,3.0563154294051085,2.358213192481865e-06,0.04100323274749651,-0.00010698290995425822,0.033403679810611736,26.752928310512083,12.98056952588859,33.31796908239966,0.44402065435313637,11.507508158203837,40.490710537512406,1577.7985735627126,34959.02086993985,25583.14165402711,101.60757023320429,583223.9758819465,1186.7337903733517,22.109580570091204,0.03710178930358234,20240924142604,1505,XXX0009,1
-1.550224872595331e-06,0.00025879676076938753,0.029162725270446672,0.046222171590825346,0.046222171616821496,1.3146844330268221,15.999647630274072,-61.95638540477977,0.34255024635000436,11.686068575064747,-1.188861667091318e-06,0.03825610697144565,0.00040616082768173524,0.029510958443123365,25.47535580033979,13.084817185352467,33.31796908239966,0.4602442430774784,11.617030199050456,39.28875336831655,2302.4626598195896,39060.414023957186,22415.076946520367,94.15513058708491,506402.27704650746,1483.3250666086012,25.315758092534413,0.010357777036584581,20240924153623,1505,XXX0010,1
-5.63365831811781e-07,-0.0003144411529438418,0.034407299896712165,0.05192450904683419,0.05192450904989036,1.2638044075468544,6.336524685667147,-114.52689684762704,0.06393074114991279,3.4493506123127355,-1.758324927439066e-07,0.04272599383354213,-0.0002733294489623062,0.034789692641128786,26.371277960684303,13.038408139547158,33.31796908239966,0.3885447236063658,11.544127033033046,40.309885122677635,2242.0388799958187,42748.61172795316,26415.757427495282,85.70461165605117,637187.450168369,985.8180473137597,19.27759123916942,0.03337215937626688,20240924160212,1505,XXX0011,1
5.003621115128394e-07,-3.8094157766645036e-05,0.036858837397502425,0.05528605203231701,0.05528605203458126,1.2580962959122932,9.003977633251775,-77.40011048558549,0.0497820202003913,3.584819043854619,-1.214081715164178e-06,0.0453977564678815,8.105751288197159e-05,0.03714568832343954,26.063929480045203,13.027011082026174,33.31796908239966,0.3862688719594976,11.62243196503881,40.15742447879733,2506.639468946414,46751.6558551058,27973.320602915042,79.18425682349597,676824.3377722873,778.0754331796602,16.227816315742377,0.02801505923992111,20240924163742,1505,XXX0011,1
-8.784754612457296e-07,-0.00036243618653305273,0.031077151030656888,0.05130969237536502,0.05130969238288523,1.3485086517197618,14.568599316304038,-49.87857333851459,0.18054818211037765,15.963567463213279,8.015473021627978e-07,0.04207217346002508,-0.0002303490006884917,0.03135546355458422,24.809536386359603,13.06816447361932,33.31796908239966,0.4218579489833506,11.602463221631956,38.95901290597078,3038.405065699314,45329.62169309793,24917.72354227547,81.15003109394944,617401.1422912583,1000.1617322575858,19.145211569789577,-0.004706855103150661,20240924171133,1505,XXX0012,1
1.7066214887096545e-06,1.0380470585687543e-05,0.0357513334796911,0.055018153462098575,0.05501815348856763,1.286887474047025,12.790837510396743,-60.714308224746105,0.133813211041745,6.215351602476007,-1.1611947324362253e-06,0.045977760077142577,-9.310261319163827e-05,0.036317210373824245,25.59546057075935,13.018061019940546,33.31796908239966,0.44499711234911443,11.522319274573805,39.30293575379379,2607.0841222223735,42822.650330432305,27046.13744604899,86.90681802402939,658320.2032188522,888.9542597715814,19.592067663603927,0.014733232514721233,20240925162029,1505,XXX0012,1
-6.756916336944497e-07,-2.483656800005235e-05,0.029092578763057764,0.04252425788130595,0.04252425788667417,1.248250348531746,6.333562315405851,-158.67685238419932,0.052929108085818584,3.135720617915045,-2.9337634292680785e-07,0.03492953318342136,0.00010877652908041308,0.029423977105369852,26.34985321364019,12.969783905108152,33.31796908239966,0.4209694895307474,11.585399623480864,39.997872642178415,1445.5985270953884,28034.13227841868,18443.47617807273,128.28038958488386,480694.0940628977,1759.7931338596175,30.692600901762294,0.022047682355909592,20240925170059,1505,XXX0013,1
1.5755359028446593e-07,7.142150338746572e-06,0.03177654051989382,0.0463525086938018,0.04635250869406957,1.2475989553329878,5.548054257748768,-168.4776357775347,0.013602852612266281,2.9572369100861615,1.2713257283722002e-06,0.03785531533086824,1.8100903577064678e-05,0.03206475690467231,25.629294707304318,12.926780588474935,33.31796908239966,0.363243691519579,11.65881942048319,40.06523897319529,1411.0031159392868,32675.917953846372,18628.068778627134,115.11660084507896,519955.82900864084,1182.5189182397567,23.941188090016873,0.011323233803816456,20240926091937,1505,XXX0014,1
-4.982837501528768e-07,-1.1658231894504053e-05,0.034032049972269156,0.05059344917628676,0.0505934491787405,1.2538599104206896,6.079483116618824,-129.0860600840858,0.043479578486352,3.127087261960594,-1.4103744486629504e-06,0.04224112352468033,-8.634855387217101e-05,0.034527548721668556,25.3107469590697,12.912475109987803,33.31796908239966,0.3889885278284396,11.51913914382589,39.59722025244646,1605.8170947914878,36846.54802216663,19758.0197361774,106.7170544750605,577238.6606771061,941.1897516756325,21.095527130420514,0.0061921073670556685,20240926093029,1505,XXX0014,1
-1.4308204302557236e-07,0.00028891783082634834,0.027991010866020957,0.03985887137949112,0.03985887137974794,1.238467456112252,5.760960642072581,-197.80511183230658,-0.03142952454252839,2.886711177521925,-1.1670246929023136e-07,0.03346056680260914,0.00045517376454370305,0.027999006018175676,26.338735801341763,12.987990652900054,33.31796908239966,0.35260163767854624,11.572267766031171,40.18578924975181,1462.8940784831334,27773.835577313414,17680.584614679017,129.97495044291628,448788.17230001837,2211.3778584115744,33.7244145906174,0.021407368110910954,20240926100132,1505,XXX0015,1
-2.3716670378787656e-06,-0.00010125580238743055,0.02880487993682391,0.0418174410866405,0.04181744115389479,1.243154209799614,5.9663324056993705,-166.04220738388125,0.011290425663202135,2.9659115103820266,-7.336993405627173e-07,0.03528225650893841,-9.80415816815934e-05,0.02918179275148454,26.147794846438178,13.008747192802689,33.31796908239966,0.48244263354311767,11.549461889177147,39.841866401928804,1636.8814881952192,29842.403823124638,18561.154383449873,127.46034190054027,498001.4080481768,2196.8677729193428,33.22474868759121,0.01958015737401376,20240926101134,1505,XXX0015,1
-3.164670289948211e-06,0.00019112620096354942,0.03143403410143843,0.046194172641670146,0.04619417275007276,1.2561488147385387,6.88207942122668,-141.42969641279174,0.03682136211599492,3.353966480736403,-8.579535326521869e-07,0.03844339226236119,0.0001944530499237969,0.031530410166442285,25.96723961716191,12.99631377098154,33.31796908239966,0.48167911033984057,11.488949151963375,39.75677208906538,1660.4236628474202,34545.452173644786,20931.830063244517,113.74871437507332,529159.4849478874,1659.632689487147,27.367259949688982,0.018845717207662677,20240926102853,1505,XXX0016,1
5.048120684712738e-06,-8.100379301595917e-05,0.031754323703526634,0.048984303066905564,0.04898430332702483,1.2814579170480127,11.68963258472728,-81.4938137140214,0.14606189483547136,5.135707421080718,1.7498200941627656e-06,0.040281780202024976,-9.03346638417411e-05,0.032319390226771966,25.58172886001768,13.042326317450083,33.31796908239966,0.5155376763285965,11.662677363437533,39.742589703588145,2435.538194698683,39577.049591079325,23087.838380760164,94.55020997744523,568090.0822803212,1195.0325987339827,21.999606961596335,0.012929640666753834,20240926111117,1505,XXX0016,1
2.962807502325824e-06,0.000879438016976083,0.03084218137207835,0.04982911532330561,0.04982911541138894,1.3310508753912367,13.43399835395012,-58.33006029097444,-0.08455175584761736,12.007458307924852,9.88524640895921e-07,0.04164805590849845,0.001013370546547287,0.03135625283626647,24.931918622237603,12.993228505079584,33.31796908239966,0.468394747469547,11.436610695140919,38.53708693802297,2275.5225760176263,39927.87581701998,21568.84296909337,101.1015043467579,544909.0719017305,1268.5571967248734,23.194635900943457,-0.0014393351623803055,20240926114015,1505,XXX0017,1
3.8077501987585415e-06,4.711518194878278e-05,0.030521818530628003,0.04525126220552929,0.04525126236573434,1.2548239579017784,5.029913024585377,-179.63772033461413,-0.01438748278816462,3.0567489551332305,3.3730677413117813e-07,0.03745618596022575,3.376257745086883e-05,0.030915260708787407,26.237451908881905,12.96419538788447,33.31796908239966,0.5069290576052569,11.768574404440983,40.74599347610268,1984.9887862392488,30129.93733949642,20509.495049247438,113.66564858502045,505525.86590320664,1255.3285323757748,24.506202924745782,0.022197186183988218,20240926114654,1505,XXX0017,1
6.977430863317517e-07,0.0001923645211665974,0.036786592971292664,0.054238524194760836,0.05423852419924882,1.252680403389935,5.307514098953526,-139.09081091197316,0.00490044825752748,2.9880271681787267,-6.053235645438661e-08,0.04571156789823805,0.00020481074963050642,0.03708004237145986,26.380989405323596,12.909158274767174,33.31796908239966,0.3912518716228936,11.44688433110739,39.891504751099134,1881.6526276844534,37815.214347413406,25235.105796113025,95.18192165013367,652445.1684812452,729.8755930666713,17.68731750802077,0.0305609342897439,20240926130037,1505,XXX0018,1
-2.1090610091977695e-07,0.000541638989691636,0.041487908115494715,0.062434743824699344,0.06243474382505557,1.2592391484079852,7.669752960369847,-78.59098299161815,-0.012039751844892295,3.2550652005348857,-1.1801257090705164e-07,0.053028765683534325,0.0006706347117222116,0.042110519503273165,25.76961031629725,12.85734432087514,33.31796908239966,0.35260343642746494,11.476189419020907,39.60076584881577,2209.696077889785,44480.50721285344,26068.952672799685,83.30582589116925,810619.1856082302,439.8122947739171,14.427166152296072,0.01910373607708124,20240926130738,1505,XXX0018,1
-4.171940230728493e-07,9.240033047761887e-05,0.031805078405687484,0.04664315182957227,0.046643151831438044,1.2489771390353275,4.930374224617838,-172.7943210416954,0.008871019428670605,2.9845070564091705,6.675699516360505e-07,0.039556977537288186,0.00022406258923947844,0.03204392654860089,26.83318286329466,12.940851531083052,33.31796908239966,0.38989969242382383,11.427222199099388,39.98723585307049,1533.3186543582929,30182.580110514926,22182.502013043362,116.56730542695031,533496.7284829519,1314.5584179922787,24.924974849773815,0.03366371050328524,20240926132818,1505,XXX0019,1
1.6624929982578573e-06,0.0004653922686131207,0.031286109999791124,0.04698604048113205,0.046986040510543794,1.262502401282742,8.979152882142344,-105.91068485677322,0.034033845505738035,3.6823200277033705,-1.668621715578582e-06,0.038784611545920104,0.0005146135302300083,0.03191658980136787,26.392832686711255,12.989902244284217,33.31796908239966,0.4485639432549955,11.51829593670357,39.373847681179974,1934.3567414794702,34042.628054856716,23520.1888773572,98.49376973212587,503060.3950189735,1110.1434249736149,21.87378188829416,0.028242831425344787,20240926133532,1505,XXX0019,1
-1.2539669342617667e-06,0.00019612852447581548,0.028669079082825025,0.040925085493766514,0.040925085512977626,1.2375709899911083,5.5513624065227125,-206.98411579345805,-0.013486554621750264,2.8290613519401826,-6.274341777431353e-07,0.03447345442498575,0.00036969336551256963,0.028792928624481393,26.44796742644547,13.009609523526944,33.31796908239966,0.4450705454325794,11.60506606645832,40.664444759608564,1347.4695641264534,28329.50859627968,18800.607079275724,132.81001758173255,497465.41977165197,2461.5399621625097,35.865862965516044,0.02392168112380249,20240926151607,1505,XXX0020,1
-5.347821823129273e-09,0.00010302538930721371,0.02878972620897631,0.041515251722667235,0.041515251722667575,1.2418339607974886,4.734888648268295,-223.32143000202896,-0.03620636356713483,2.8808334906257653,1.1472126622469387e-07,0.03489758469304325,0.00016430065138822435,0.029099368421041428,26.409475059054483,13.007643737831682,33.31796908239966,0.34799088402775974,11.679522954317045,40.834633385335415,1422.1517366304724,29032.328044796777,19283.04835532988,124.14593549122674,484074.196011608,2039.9529242027859,32.39280216162681,0.023891753349141048,20240926152510,1505,XXX0020,1
-4.430535841397076e-07,8.525818379933464e-05,0.03529716402416218,0.05201535639095818,0.05201535639284509,1.2500255451594533,4.097912341737588,-166.77843333715197,-0.0011837969580815726,2.9714918487235846,-2.1847341635633006e-06,0.04236696756376353,9.123414313955406e-05,0.03548023464871838,26.652661738461266,12.978329488053244,33.31796908239966,0.3944285427803693,11.709807920599316,40.55098567579067,2186.7471328916117,38732.62973494749,26202.105050094113,93.38414129008144,644063.6482955308,963.6739133929419,19.464080869958575,0.03779824651060741,20240926154209,1505,XXX0010,1
1.6651380265912758e-06,0.00017064425544432548,0.02859252502456753,0.04353707547493824,0.043537075506781035,1.2776573679670609,12.836204581515371,-81.88467518702352,-0.08933247493263022,6.51511105884055,-2.6806098902508678e-06,0.03636789952417675,9.923873437807707e-05,0.029023081272921993,26.284116389020568,13.070952703872715,33.31796908239966,0.4770075355383947,11.649468157506194,40.18933484612111,1927.944841915887,33026.55486486082,21291.74785431548,107.60734911636814,496838.7679404869,1750.0135816246434,29.20710961048514,0.024618275509301943,20240926155627,1505,XXX0010,1
-4.281704474981228e-06,0.0001592108586739253,0.0285496421527874,0.040871744511883544,0.04087174473615821,1.2382025788201967,5.373241408223005,-212.2302677683218,-0.0040101818738755065,2.874030798861998,3.2890372964529364e-07,0.034455086527265644,0.0002862987002402911,0.028701775777273678,27.154155935650156,13.050541242935758,33.31796908239966,0.5278302526803013,11.606741362311224,41.125372287618774,1633.3598120288189,27798.13632898656,20336.032398654537,125.73201724163185,467056.49851555494,2289.9766567043866,34.24321393071985,0.03652086069952708,20240926160349,1505,XXX0010,1
-1.8477355401693164e-07,-0.00015892952860755913,0.03958418644179759,0.059622518828111,0.059622518828397315,1.2621395390430685,4.542791378837132,-121.84802810611879,-0.002964753606610075,3.199329788009443,3.0010130193975775e-07,0.04913018301012193,-0.0001167724924227813,0.03979365212014273,26.938101031400475,13.093857126155076,33.31796908239966,0.34790452195950733,11.46111281531568,40.82399659622749,2326.971112788173,51365.392639780635,34719.741154647025,69.73297619157385,734660.8171420218,684.0488376954604,14.940167594295566,0.0583775337593441,20240926165619,1505,XXX0006,1
5.740858431475851e-06,9.537201831793596e-05,0.04019881334958602,0.06015712372518465,0.060157123999112765,1.2539874432226543,5.663874076485122,-113.40187484903305,-0.005149458351825332,3.0624869611455416,-9.180622108543547e-07,0.04924010718854386,-2.5287080210360923e-05,0.04050614216615039,26.86905736450248,13.048164396421326,33.31796908239966,0.5018669228916117,11.679630541778925,41.16791944405049,2743.142632588983,48626.21931377407,33649.48393315825,67.21367259674464,749932.2909408134,459.58503453936254,12.504997102950787,0.05413898354323735,20240926170335,1505,XXX0006,1
-2.485582317061667e-06,0.00022352409021831254,0.027033130235464966,0.03941419327365726,0.03941419335203155,1.2635895275782394,15.492191925415563,-85.18402126139732,0.18172418850190306,7.0951442754500444,2.791774025997639e-07,0.03319301550911726,0.00011135596671978016,0.02697784224509229,25.652482313726818,13.116400517147408,33.31796908239966,0.5035900324117867,11.453213492704345,39.891504751099134,1841.0795364696735,31661.69196864872,18010.20541465754,121.70004507615137,461704.71622179495,2986.423092998712,40.264548625253624,0.011471608106316082,20241007164947,1505,XXX0001,1
-7.297425411998782e-07,0.000158917864020673,0.02915825218896283,0.04378481717437701,0.04378481718045816,1.275129812366524,13.690967632682545,-85.30148589792219,0.2912854820797985,7.082721147091234,-9.288244551925107e-07,0.03662354687357452,0.00017554893795738234,0.029373205944501237,25.246689704516886,13.07806891341487,33.31796908239966,0.42954730414341225,11.401374373914885,39.16465749539072,1857.918122412185,35673.82884052186,19677.329437043212,110.13610869800931,484394.79277311405,2006.169600833542,31.267246859867228,0.004838227895410637,20241008090842,1505,XXX0002,1
7.359032368428337e-07,0.00023916996573963064,0.025271352777122943,0.039373453518897615,0.03937345352577475,1.3338177039870138,15.756297821975204,-70.81702807305416,0.30960224840043044,20.052741982554036,6.556901590396928e-07,0.03295546589089615,0.0003785238607894919,0.025180039905463233,24.436838420264383,13.046081017114195,33.31796908239966,0.4314711180295184,11.474797147652431,38.74273152744291,2075.933218437872,32088.862834052652,14896.882600491783,124.18684411131449,413297.22417627135,2516.514359367464,36.604555719154654,-0.009374900401647715,20241008100500,1505,XXX0003,1
2.045526020369336e-06,0.0007870707568863123,0.02536079985142303,0.04188622672472321,0.04188622677467014,1.4037750070345527,19.00045758247685,-53.124803643824244,0.34231587364159893,43.41056567885293,-1.3183990757952228e-06,0.034745029389396026,0.0011012005959283955,0.02513162411877547,23.856639501473413,13.055682510148708,33.31796908239966,0.475311099733229,11.415684147833513,38.02297546447312,2422.0311049614406,36398.62112194983,15718.564180241996,116.21960454331,428317.91376565467,2397.8254212235183,34.20686669010702,-0.021192329808461117,20241008101250,1505,XXX0003,1
2.377798824359277e-06,0.0003549367644116309,0.025651088991181743,0.03619345490911232,0.036193454987219355,1.2358933897487583,8.398751024880434,-146.4081153876907,-0.006207898177164322,3.2190245521709264,-3.7827606698416355e-07,0.03087792405973684,0.0005121498731470305,0.025695850166989536,27.474612418777976,13.091528226023613,33.31796908239966,0.5095446579430736,11.386206445910593,41.35583605162388,1023.2921231425762,24143.731623978172,17345.11667506699,151.6878507259629,412764.4136028233,3961.5268703652246,48.98418518826295,0.03583370413694323,20241008111203,1505,XXX0004,1
1.9619225902374104e-06,0.00017193734495947162,0.028078187208144267,0.04447376927765769,0.044473769320931965,1.3220031042858955,12.471249839568399,-72.79460760002826,0.3270728735207931,11.3550511465075,4.6160389380330306e-07,0.037588696078456614,0.0002920231612092319,0.02858965661296896,24.85978935500083,13.073674936080394,33.31796908239966,0.4752412844520181,11.291388691886176,38.89164657495391,2332.5697666916853,38243.53742653935,18759.69431993904,108.70267326183061,517368.2638173791,2101.995143208716,31.10791924635531,-0.002795967882616213,20241008112919,1505,XXX0004,1
-1.7568003449861774e-07,0.00031148582488813373,0.0282151109917057,0.04444447380205367,0.04444447380240089,1.3135482674886765,13.98717071610222,-69.41623073263318,0.3023073179631183,9.915105815100993,2.9393049807538794e-07,0.03743357486008177,0.0005632269969669628,0.028329688682706956,24.308941060914105,13.032976617696072,33.31796908239966,0.3758273947685402,11.23366175335404,38.07970500638207,2481.6067644352515,38692.792376045065,17507.68858194154,108.05983704410751,515711.23976068094,1932.4768081317425,29.34717231930977,-0.013767834346201968,20241008120533,1505,XXX0005,1
4.665879483151455e-06,0.0002957471130095969,0.029179919724436898,0.04478876416693821,0.044788764409972724,1.2882625154470895,11.94333498180723,-82.50786554346253,0.11886455602989175,6.363859031408903,2.544009119508296e-07,0.03777436480173587,0.00027062030110415214,0.029340854494652072,24.95216409593465,13.09496993401098,33.31796908239966,0.5243590380856958,11.4189628474651,39.11501914622039,2513.900603998234,39016.903902304555,19566.1576049914,100.46113374220457,499441.0088189272,1749.3401342470004,27.605867944331525,-0.000957929093362135,20241008125648,1505,XXX0005,1
-6.089574923605849e-06,-0.000297606738966972,0.028989086244391022,0.04370782882873221,0.043707829252945946,1.2663081127591418,7.3791398915193795,-140.18101684374693,0.08569089737460896,3.840200554715457,-4.169891734798876e-07,0.03748523948542886,-0.0002473725931602233,0.029411143140057577,25.86554568512411,13.11354023686835,33.31796908239966,0.5506949853051721,11.243736032788357,39.83122961282088,1883.9699661055834,36897.39924570226,20144.790273831364,105.94511211712108,496110.4984036309,2023.4207488112784,30.63668011866126,0.01739591463200907,20241008144931,1505,XXX0006,1
-1.0236429908490969e-06,0.00021859764464993696,0.027727687335403615,0.040181551345478024,0.040181551358516907,1.2465138086039573,6.662986148185665,-189.3710342858771,0.049649266554451656,3.239797618212291,-6.088976805762425e-07,0.03390891260322329,0.0002869405192832472,0.02798581752019517,25.76912354793873,13.095518789113958,33.31796908239966,0.4493179892421009,11.31982513044166,39.76031768543469,1474.3823964409876,33009.615492236815,18406.351488620705,117.3002750953285,432816.0616832418,2655.5293239366174,36.90905344305536,0.013878193941911915,20241008151342,1505,XXX0007,1
2.435610054410798e-07,0.00031910704552080973,0.025724547720946095,0.035838538607376236,0.035838538608203865,1.2300848740225032,10.179525372684159,-141.98087865876366,0.023106674766262603,3.4899541330290442,-7.384630464632224e-07,0.030310723633465483,0.0005680392438277411,0.025326277496317516,26.38844585287128,13.067092881668186,33.31796908239966,0.3965824086899176,11.491008775248197,40.877180541767125,1158.2471024586107,25408.62024304532,15467.68895447705,144.10664032643334,379669.89213677077,3301.0987854925447,44.54186456621792,0.019890701841195558,20241008153238,1505,XXX0008,1
-3.626356492288035e-06,-0.00015986982676785284,0.02835018001338107,0.047270610142676896,0.047270610281774546,1.3713530795574003,19.174397207421702,-53.871705031186224,0.6285033294666552,20.616122926253496,-8.235668472849338e-07,0.03933795975687851,3.7053007400981614e-05,0.028473407761428142,23.959131747756484,13.087673990492293,33.31796908239966,0.4994089420872977,11.28082550030518,37.739327754928375,2983.609369584092,44124.307400135054,19208.188493277434,95.42985579600396,552896.5471088182,1678.1391414899085,26.329283626191092,-0.02345497564243712,20241008154836,1505,XXX0009,1
2.1624947918356865e-07,-0.0001833631447485714,0.03343600921340334,0.05042546990011144,0.050425469900575136,1.269234630781059,9.86844958593644,-82.83924934229815,0.1107897428945213,4.117677094780491,-7.164650976009996e-07,0.04051558388471643,-0.00017176363071788261,0.03376995659737697,25.3682368506083,13.029111613771935,33.31796908239966,0.38627798915954814,11.849121502788568,40.12551411147355,2343.152913701556,42119.09330569489,23218.777714313794,91.83205895578233,611229.6831125009,1135.1784537218996,21.445646813967414,0.00852394225667395,20241008162427,1505,XXX0010,1
1.3553680619656439e-06,-0.00012454119437499238,0.029128178764274572,0.0451444265099618,0.04514442653030786,1.2963290848518498,16.823901976618803,-61.444235969093754,0.1974064974938181,9.231105437072669,-1.0420284462350106e-06,0.03822794183500767,-6.41499810622144e-05,0.029497190574723147,25.170898597278285,13.107095639403191,33.31796908239966,0.4588996831139546,11.273474749434975,38.98028648418664,2297.3514486572867,39641.86302037113,20529.565762664097,101.70074761276813,510382.3681478858,2002.2288543512982,30.099823235464395,0.003671503563085228,20241008164255,1505,XXX0011,1
-2.0332323782125525e-06,0.0003773804029836604,0.029072155119130416,0.04483923070223692,0.044839230748335325,1.3019100588309567,20.759661358190098,-55.642435906553686,0.5272858379859873,16.305283880411725,2.0993728697803176e-06,0.038025397031847576,0.00046936553139404017,0.029232584671198217,25.428698601864305,13.110840896031968,33.31796908239966,0.4803407548073854,11.374639287372627,39.40221245213445,2325.798182330185,38955.605969205084,20679.208466282602,98.8003612527317,494026.5132533462,1806.2619756353836,28.701938625344724,0.009078634563813802,20241008165154,1505,XXX0011,1
-1.8737539788182077e-06,0.00016769461186197593,0.024604535610363236,0.033437653262428806,0.03343765331492881,1.2203939170576596,7.916868699747566,-231.8297011393488,0.027999123242032246,2.897239615688152,-3.713188299793126e-08,0.02842142495411528,0.00036655691259724943,0.02428531949159447,27.050191161710956,13.097129933497534,33.31796908239966,0.5089607363208701,11.454938498532433,41.32747128066941,959.035841868016,21364.426762844472,14471.779543473376,174.18801576321815,383107.6197644402,4922.414357074906,57.20173065734947,0.025699337227641093,20241009092755,1505,XXX0012,1
-1.0475845524505781e-06,-0.0002064421458990919,0.031664549460200996,0.04758269319672571,0.047582693208257566,1.2737851760358658,11.529628050904106,-71.53788897170463,-0.025390866398381604,5.966752877739204,3.7974632572360225e-07,0.04091472793538429,-0.0002134869291033289,0.03193851342368177,25.298058012916343,13.051234842451333,33.31796908239966,0.43318866881423507,11.097072145235241,38.962558502340094,2128.004096164523,40745.06183462646,20534.4271175295,92.11995127328561,544313.8248989496,1154.549239929031,22.564848503310614,0.006471088980113483,20241009093914,1505,XXX0012,1
5.815318416423992e-06,0.00030665079946579944,0.02982722067948003,0.043641385742485314,0.043641386129937815,1.2462193355872653,5.526268080265573,-190.9801978443645,0.003788748201846508,2.9772258666694054,-1.2156486107283594e-06,0.03717056252952222,0.00032020259501753005,0.03013167478074369,26.09470157219424,13.083137669251776,33.31796908239966,0.5367806852507864,11.221051143989998,39.90214154020706,1648.7753235944704,35264.11081103714,20405.920857259858,108.45301007471849,505964.3567215743,1924.9786158612596,29.941114482902385,0.021392234788825706,20241009094816,1505,XXX0012,1
-1.2954099202000513e-06,-4.658970894618933e-05,0.02661860322644951,0.03942130000110249,0.0394213000223865,1.2692348255258006,10.7857131091927,-106.3082343869059,0.0988587507084029,5.076849927645111,-1.1912121342876351e-06,0.033664248978931055,8.064736547970638e-05,0.02659605032851753,25.92369310358476,13.119724546840487,33.31796908239966,0.4667689236656531,11.066456295978616,39.3844844702879,1305.7438636399775,32602.457699578958,18037.908979121334,119.30266198462802,430389.10453106393,2899.2956129624895,39.68432525639905,0.016363416574632455,20241009101031,1505,XXX0013,1
-4.5742777577566546e-07,0.0003278559533365314,0.026866676671081197,0.03877630005226304,0.03877630005496108,1.247492666849794,5.086786617849606,-222.2699788092251,0.05736244604229065,3.2207755134300853,-4.1983093785759304e-07,0.03296505812062464,0.000477721523944392,0.02712230343080535,26.361356794241736,13.08471514168923,33.31796908239966,0.41008627115474044,11.225400312296888,40.41979861012622,1196.7029212931677,29763.14174247583,17738.67316914916,131.03823465938603,462396.55219357496,3170.468973687651,41.78746883326295,0.022595055827255912,20241009101809,1505,XXX0013,1
3.2609199532956266e-06,0.00013159747529101163,0.0275025158365724,0.03954200563307663,0.03954200576753616,1.2482387450335586,10.644451003798864,-102.27573882921334,0.05651984677740164,4.8098729811962455,-4.898099127699071e-07,0.033518527140171145,0.00027626961994223686,0.027574033302361477,25.896419672928886,13.048415824948407,33.31796908239966,0.5132683038387299,11.367389252051279,40.12196851510424,1342.6523813374138,29591.05394196685,16633.528325786872,133.22642147161287,444139.4103724761,2688.1392336611716,37.76949859014014,0.014542458856336456,20241009103857,1505,XXX0014,1
-2.4157573541566465e-07,0.00023520591107363716,0.025899096927895875,0.041068520764326454,0.041068520765036955,1.3344756852515245,17.796123225379652,-63.340701947855564,0.48809599715280466,16.265505222043124,-1.1561025884529315e-06,0.03484071513114809,0.0005452934033905175,0.025950311454752597,25.206379262077853,13.088374930370524,33.31796908239966,0.39351830613200056,11.124045119130463,38.82073464756772,1810.6167476032497,34794.73645276593,17815.67384944255,110.01303796951345,425471.1420389391,2203.4771935572685,33.46475976933148,0.0038557420935409832,20241009111858,1505,XXX0015,1
3.5393869234085304e-06,0.0007723501209454383,0.025516087667208795,0.03756010259397179,0.03756010276073465,1.2714772498250595,9.4278850129217,-137.36820336496075,0.13740287746626892,6.234796054661853,-7.881460634038001e-07,0.03181993367381172,0.001170426444765496,0.025402578626179794,26.311612804382403,13.116136265230399,33.31796908239966,0.5354350440722417,11.308623830106928,40.28152035172316,1359.2629962999263,28117.57191592582,16927.864699231497,129.829983234045,390603.66896618804,2888.3153748308737,40.94904775725935,0.020745062431182088,20241009112537,1505,XXX0015,1
1.709592953515634e-06,0.0007027672541262851,0.02582323764005621,0.036162437249183894,0.03616243728959472,1.2313470806408684,5.141689930174431,-269.4756530118282,-0.02739405842702384,2.7974605492173628,9.099344467001669e-07,0.030755177256739343,0.000907226525368825,0.02558711683311281,27.016964652907856,13.130272176588393,33.31796908239966,0.49837863532007387,11.354924136990798,41.089916323925685,1146.0003862955164,26145.966861531735,17316.935763606583,136.244707984104,386326.9908780501,3456.8277672719632,45.964932347591166,0.030652218504326756,20241009115232,1505,XXX0016,1
2.072046151686682e-06,0.0003641050686085021,0.027606839260339452,0.04031931256805517,0.04031931262129733,1.2498214981039382,6.78175406232174,-173.13979688636584,0.03310334966698472,3.218778534814491,1.1396660985632605e-07,0.03391721696624535,0.00044693145646824425,0.0278124468416692,25.72828859079484,13.13717100507349,33.31796908239966,0.4988628929040114,11.411662586365681,39.98723585307049,1756.423357304483,33783.19097423303,18801.43436833072,110.02555595375823,426013.9854940111,2428.8336853183832,35.662373613336946,0.013503549008737672,20241009125652,1505,XXX0016,1
-6.0590190526681845e-06,3.5578177758916613e-06,0.029846702459038314,0.04350555540268889,0.04350555582460871,1.2508946502185874,5.6773045432885,-176.43219556759476,0.028658373693460866,3.1683972661975313,6.95922969805807e-07,0.03683611778727951,1.1425200496895855e-05,0.030201441267420446,25.85437766207134,13.128238463891126,33.31796908239966,0.5530301471664824,11.35601853084761,39.9163239256843,1931.7010603222975,36159.90139033948,20464.85551986504,105.82531048086366,487523.6422634621,2035.761400669484,31.4121773916882,0.017064179955588125,20241009142407,1505,XXX0017,1
-1.1525414811529447e-06,-0.00016883077856573144,0.029938613652541322,0.046375633168228035,0.04637563318254969,1.2991883242583446,21.615138180050007,-43.83840041122739,0.46187597277346565,17.606956323129108,-2.5574746904538673e-06,0.03797200251156,-0.00020278252749230037,0.030316678734850933,25.44386988520044,13.098553779474813,33.31796908239966,0.4448828380064911,11.578534353771014,39.14692951354418,2472.710614999123,39412.21869287876,22780.514510645444,97.59753349419601,516529.4534657933,1786.9682933142108,27.963728479624336,0.009808883409610445,20241009144536,1505,XXX0018,1
4.959605789718353e-07,-0.00012409468495537085,0.031108637337929092,0.04559765702016571,0.04559765702286296,1.2508807600242182,4.682155567646726,-188.69766501908,-0.0024339626229031635,3.089381155608933,-7.592690278721309e-07,0.03963597076290532,-0.00014825447229497676,0.03165442408889837,26.45781898289573,13.081071191257783,33.31796908239966,0.418406331427906,11.046942248386465,40.11133172599631,1480.940731050695,37040.72669385586,21720.172554656332,106.61405865300611,546612.9207021049,1860.3547048600747,29.521182854666062,0.02992885943672476,20241009154612,1505,XXX0019,1
1.9399923010828292e-06,0.00022567965304556717,0.02812076253352467,0.04082715500321124,0.040827155049302746,1.2447327912313235,5.848810823628769,-186.55710835691266,0.01950902154223167,3.0548595270376855,-4.4938430399966877e-07,0.034782665626651846,0.00025790083028930664,0.028319738482569908,26.11654736971906,13.086177880544437,33.31796908239966,0.4851690426426432,11.269863865486036,40.054602184087365,1424.419961809645,32431.141301270363,18599.592405758587,112.67035739864419,437101.5616916293,2047.4334873978191,32.366824995404116,0.019967093423343418,20241009170349,1505,XXX0020,1
4.5712411113205417e-07,-1.7579032079393167e-05,0.026815636519421263,0.03989330512114512,0.039893305123764135,1.2674969795574533,10.199920850271102,-124.70239162292305,0.07730713742010815,4.368727379114213,3.1293328864943715e-07,0.03368966990714856,3.536221222044311e-05,0.02706380471815173,25.895231459936774,13.131265139211767,33.31796908239966,0.42290813580814923,11.336377727362773,40.153878882428025,1514.2295311044493,33638.7834138203,18763.353950784985,111.43874958534579,407395.89625695674,2595.1136335270658,37.199530943081804,0.016461736808197333,20241010100239,1505,XXX0021,1
-4.508337118788756e-06,0.00035089441715689196,0.025419005310839654,0.03504046286675024,0.035040463156773574,1.226209483647835,7.987936461725633,-197.5444465800639,0.0396501923412579,3.1305880565654136,8.739138790959216e-08,0.029614051799356646,0.00033499562142277634,0.025091568505284097,27.10349465164533,13.141948490500749,33.31796908239966,0.5678189751029649,11.597285235152473,41.5153878882428,1246.9282663384238,23717.40835798884,16730.574180866173,149.8690105562603,392643.1308634375,4112.833259307437,51.143899332021704,0.029877953986600852,20241010100951,1505,XXX0021,1
4.584865585110778e-06,0.00013570540016954492,0.02783261264865467,0.04095966655232564,0.04095966680893164,1.256175992691633,8.278834813125068,-153.87757837711467,0.08194567511089554,3.5169794709394115,-7.333143768572633e-08,0.03445174745571096,0.00022509912204270768,0.02805921674475916,25.866528212813233,13.140515006850153,33.31796908239966,0.5393444946105215,11.476185509443859,40.38079705006382,1847.8542022188908,33767.520215419085,19698.471533265503,113.51566541103824,468548.6316184694,2700.253762433364,37.25056889280527,0.016348002360924135,20241010102305,1505,XXX0021,1
-2.920461846348101e-06,-0.0003561470871294701,0.02960726874751126,0.044618034557034725,0.04461803465261376,1.2729837084476467,8.985550129251635,-100.50514074139757,0.0855320248214182,4.541085806290761,1.2514662947856761e-06,0.03737289317388633,-0.0002476923821244015,0.029828626910831525,25.45668151445535,13.100676042357549,33.31796908239966,0.505099639097579,11.49670023187164,39.98014466033187,2219.3173741562778,37788.5256829464,20878.664867279585,103.08651136568422,508585.21225657215,1954.278941614587,29.79966034760764,0.00950118245237948,20241010103016,1505,XXX0021,1
-2.6455673437273666e-06,0.0004827561544408915,0.029479404477538794,0.04290336865609652,0.04290336873766386,1.2511751503853856,9.75942031522528,-122.99584351199836,0.02541294850045651,3.550476421781091,8.416726916490536e-08,0.03525027087158849,0.0006755842373053989,0.029435517200444846,25.756591607567696,13.090897816972937,33.31796908239966,0.49853315109679514,11.640973610957314,39.61494823429301,2108.736138309471,33362.2404475277,20625.546000224076,113.3122211948186,483494.7338025973,2220.170301176857,32.73251914379311,0.014480195000881104,20241010110403,1505,XXX0022,1
-4.0584425815859376e-07,-0.00029766571138387316,0.029243142184683865,0.04266500806011837,0.042665008062048634,1.2521047650715427,12.033262394884474,-99.23755746406377,0.13060141625505886,4.094002030104608,-8.253988208871838e-07,0.03593920129055552,-0.00033179283458403396,0.02934923240214759,25.971532382397786,13.0879988308232,33.31796908239966,0.3996848219396876,11.312275452558577,40.16451567153595,1481.880892243889,34954.91591402878,19715.706261015883,108.37823356696255,464694.2662308008,1991.0504402437468,31.470019328580722,0.0186028157411617,20241010132030,1505,XXX0023,1
-2.1404282249064847e-06,1.5201590507722424e-05,0.030557406507478763,0.046812243390714325,0.04681224343964846,1.277549416300788,9.93437713525542,-103.73191294958006,0.13669118110045841,4.414625320493033,-4.4863846703592184e-07,0.03908686078785709,-0.00012710423346119252,0.031138936309820894,25.37276594981868,13.099557060786536,33.31796908239966,0.48168520194634795,11.401825273325956,39.68231456530989,1969.4975467175384,40554.95678636421,21259.108218265475,99.35963957672328,533012.6067580832,1671.8067412160717,27.205196515702564,0.008131413682474182,20241010132918,1505,XXX0023,1
1.2338737564853931e-06,-8.761284201105923e-05,0.028010508361749356,0.04244909532391489,0.04244909534184747,1.2949689246852918,15.162376013382762,-63.16430314329085,0.19630148212729243,12.143363363851904,-3.0754106407306046e-07,0.036028413751779155,-2.4808093604690632e-05,0.02823168495295526,25.01356314404391,13.085740599144088,33.31796908239966,0.4584386154989133,11.25611182870047,38.87746418947667,1997.9832964936547,35856.31598696007,17684.019656222874,118.34025889698854,492293.0938689132,2635.6479013347166,36.35510963740634,0.0002899103520113863,20241010135019,1505,XXX0024,1
4.230320517894542e-06,0.0003747537605696864,0.026485449543041478,0.038743267999009644,0.03874326822996089,1.2642309863557277,13.305351291843948,-97.17002021570985,0.15708807308515177,7.127376401973283,-2.7881184499605374e-07,0.032657004233541786,0.0005739840906253956,0.02671711412691449,25.924763103103572,13.142025606991599,33.31796908239966,0.5521452008508608,11.468087572046521,40.18933484612111,1719.47563474455,29903.98636149706,18220.52147053302,127.31977944140722,422655.12703861215,3234.322556372626,42.4694813532416,0.01571938404563703,20241010144032,1505,XXX0025,1
-2.2959688990918133e-07,0.00029537041915058716,0.026078682016689534,0.03763308896755015,0.03763308896825053,1.247036442062404,5.583434844050132,-216.1231571654384,0.04940648406379504,3.238610395823285,4.364672087148264e-07,0.03181771531390763,0.00030017367809437984,0.026209989336308165,26.767446382548,13.093893675143057,33.31796908239966,0.3988545344136919,11.30664805258237,40.75663026521061,1171.5604076092673,26957.194358051205,18147.732508900386,133.19126380347655,398993.88764025574,3052.1857530758743,41.687700642328785,0.027867791569349112,20241010152734,1505,XXX0025,1
-2.7249030916790085e-06,-0.00016646967379579502,0.026373274279117544,0.03817924150859405,0.03817924160583403,1.2518837998234873,10.39657344245132,-129.6939103547564,0.0959586146061969,4.093298330057112,-2.0736621027741398e-07,0.03207656668521051,3.5614405523575835e-06,0.02654758829850275,25.847152726619246,13.10875229783925,33.31796908239966,0.5166395893956236,11.59169431537885,40.32052191178556,1714.6393403241718,28387.374122912675,17487.97663016758,134.02387286369444,419916.57082736323,3330.5443673459595,43.40633246834027,0.013751362649930725,20241010154608,1505,XXX0025,1
3.662375745230436e-07,0.0002051439682958377,0.027356546833178483,0.040242686008671376,0.04024268601033789,1.2587165114920584,10.38623857225379,-121.12319499531722,0.07769871918673056,4.458756670886632,6.460502580283856e-07,0.03351718621065738,0.000306418974397948,0.02767022773499375,25.41715177606173,13.036833779056606,33.31796908239966,0.4069196701544258,11.473975299208629,39.90923273294568,1544.1083403646412,30468.452704273954,16538.83208104551,128.57964300308396,440323.54056695435,2407.0045139600584,35.902672901997995,0.006923059468395154,20241018150820,1505,XXX0010,1
-2.386625286459306e-06,0.00021941586758848146,0.0311487301336876,0.044609770711513286,0.04460977077535558,1.2406796922517977,6.286080297512618,-164.99601104921328,-0.023085483330167893,2.9471503935318784,1.166746121141419e-07,0.03766526800945109,0.00011429151205131553,0.03117595238780685,25.931505782468292,13.057657850663478,33.31796908239966,0.4825985340198462,11.230268578505418,39.817047227343636,1539.4586160066847,35601.34692711265,19963.977903858045,110.07330315101142,520339.68991298025,1783.8710479987394,29.06863183623268,0.01814029380634169,20241022104352,1505,XXX0006,1
2.6735700371949965e-06,0.00016339312997809834,0.030877323442464723,0.04545337311261629,0.045453373191246066,1.2519591665456353,4.589448008273955,-189.528589827308,0.005441487451599388,3.085468706067001,-7.190019477989497e-07,0.03843291830688504,9.8107879482116e-05,0.031173354255783926,26.32095836278413,13.101440895516227,33.31796908239966,0.4942318483110592,11.411747764572695,40.70344631967097,1646.4173116445693,37481.76404385422,22346.815088540345,99.92950965544925,487981.2732809216,1667.872343007333,27.590695739429705,0.02767774006269773,20241022112252,1505,XXX0004,1
-3.1213218544561547e-07,-0.00015067759644369749,0.032990305306273775,0.049103231058467194,0.049103231059459254,1.259970282097067,5.360042505014667,-161.2841902638726,0.05921847397804283,3.168546291826248,-4.080821203461975e-08,0.04228773428588406,-0.00013068704882702203,0.033400798086542435,26.513019868791584,13.13140627323545,33.31796908239966,0.3859724087895505,11.17275731523283,40.39143383917175,1720.27525244984,43040.96898778651,25595.31795342326,85.26206242067514,558992.5790453817,1281.0933182673361,23.511189272362703,0.036275911508901824,20241022145854,1505,XXX0002,1
-2.9736138961616704e-06,-0.000568238886085127,0.0332221591688323,0.05110167416888972,0.05110167425540724,1.2762349228300138,9.352829079220891,-93.16410622693765,0.11678491736323177,4.22063148189923,4.985232906006342e-07,0.04307345346917231,-0.00044270547260345534,0.033633681612495,25.41202821404167,13.146092038253828,33.31796908239966,0.49651595314624314,11.247044788977504,39.28520777194724,2413.545331129367,47427.47335161023,25051.80972049109,86.18715766078239,622742.9989039745,1467.490337597682,24.213240830192095,0.010548538938903059,20241023134941,1505,XXX0003,1
1.5783886036545828e-07,4.931665685726713e-05,0.03072118253851352,0.04685542675392136,0.04685542675418722,1.273950704967721,11.337184577228934,-95.51148763718584,0.12517801918213736,4.410107210919162,-1.5704120166831067e-06,0.03883251086927882,9.74010646728924e-06,0.031065063494803195,25.089188609258695,13.119032881440905,33.31796908239966,0.38631207129680134,11.412050083225237,39.331300524748265,2328.1372746480674,41635.32921243529,22012.571409871707,96.8107641800963,535677.0175609604,1833.343798084393,28.47413631289703,0.0020426969093132077,20241023151746,1505,XXX0007,1
-3.0905040830889563e-07,-9.490222680743753e-05,0.03052522478434231,0.04413924455474347,0.04413924455582541,1.246680097549445,4.274278111842082,-209.4173992574237,0.015140242992178898,2.960723716082736,8.24763112416399e-07,0.03803336605355012,-3.898735515734485e-05,0.0308135543422572,26.534685228632213,12.948188588118889,33.31796908239966,0.3720052314709628,11.160176306259961,40.74244787973337,1056.4114617325458,32766.597087224367,18364.73932786833,113.47164596274963,468395.68981373636,1367.5345762000418,25.532329179262348,0.027292906378119295,20241024162142,1505,XXX0002,1
-2.8015901671943466e-06,-0.00020627405486979642,0.03113576483820988,0.04672824650555197,0.04672824658953659,1.2629765335418424,7.524519815498205,-126.16125504262932,0.06526779731804659,3.614742949452473,-9.620518307569004e-07,0.039782957710999496,-0.00017108455765417938,0.031502559782143086,25.686767437156153,13.121043680460106,33.31796908239966,0.49536646917555444,11.289298324667085,39.629130619770244,2004.9729704879028,40811.77614095304,22170.2127261552,97.48522154389399,519966.4653945321,1749.8540886349126,27.88067255214578,0.015230567541426264,20250110113227,1505,XXX0001,1
-4.3036761069570375e-06,0.00020520621561898457,0.02678131654523431,0.03823280703399162,0.03823280727621328,1.2429623735744113,10.263309857101625,-138.03326397304144,0.05577493274734308,3.654885190062697,9.077956283243203e-07,0.032372754009704144,0.00023414515551946634,0.026754817863842137,26.05338827038736,13.124620741980703,33.31796908239966,0.5521645900377056,11.539399311679645,40.409161821018294,1778.69417618869,28572.78539552775,17434.523028032774,129.89758960894338,389215.928991053,3053.9269614606055,41.826243874587504,0.017162477884946636,20250110113228,1505,XXX0002,1
-1.675815353857961e-06,0.00038227206223509416,0.028709951815878425,0.04203914285024454,0.042039142883646234,1.2567953125960294,9.561352516249066,-121.06482092199502,0.0681303175863519,4.075839115990822,1.103098490722666e-06,0.03537552528068825,0.00051707731956185,0.02869134404085011,25.194895118728144,13.101443233173166,33.31796908239966,0.4725389780786413,11.422177263648134,39.561764288753366,2004.33775616691,35366.071309775725,18397.912104230898,110.48885501226562,444055.64950484014,2251.585924555912,33.81898657825858,0.0037332031006373336,20250110114930,1505,XXX0003,1
-1.9270252640143615e-06,1.582321959936651e-05,0.028238249721842364,0.040398698829319575,0.0403986988752793,1.2415140142755805,5.976182999146564,-187.86014733179013,0.034547605748248285,3.1095182570519335,4.313942903827828e-07,0.0340347031992854,5.2030957426497785e-05,0.02828753362900039,25.581179032779833,13.110627899483273,33.31796908239966,0.48944380512698676,11.456163085614218,39.95177988937739,1829.3925838989728,32910.083654937116,18273.664648441154,114.43857413543095,413525.4633747236,2450.3817969571796,36.09852975723571,0.010519055237833294,20250110133744,1505,XXX0004,1
1.5368783612869902e-06,-0.00023349186655097025,0.028092136379688736,0.04004628190177896,0.04004628193126978,1.2418196872264406,6.80546546051159,-173.49873141073272,0.04988306106907774,3.1648413020155393,-9.630162595938305e-08,0.03402257077142245,-0.00010384789643036123,0.028167503229532043,26.173678713368954,13.105408376163947,33.31796908239966,0.47461618949337875,11.313402580497865,40.18578924975181,1470.2447095554276,31735.730765570257,18797.938524628356,121.6596785189562,408139.0199156958,2841.9451604626547,38.79734528020807,0.020806607729433144,20250110134900,1505,XXX0005,1
-1.7058825084143794e-06,7.864060570326537e-05,0.027974490610632938,0.04079021207574003,0.04079021211141078,1.2526999373871013,7.551384706729201,-162.75268620966597,0.06484801758522073,3.446785221979793,3.4612595744715345e-08,0.03432076687289164,0.0001969998375291206,0.028185598438893542,25.075765414834233,13.080729649332653,33.31796908239966,0.4736469733016789,11.392080117709718,39.2320238264076,1828.971942208758,33745.481788429825,17206.86239329598,113.54143312301838,414279.58247475827,2203.252289808829,33.7974680180428,0.001393017371815962,20250110135949,1505,XXX0006,1
1.5428361847181984e-06,0.0002708385646257548,0.02856097614203469,0.041444381249432574,0.0414443812781499,1.249048879648936,8.557293503344546,-145.3722319647118,0.04644001024485706,3.3283975492145705,-3.5869298240691607e-07,0.03504231594563134,0.0005033653826023566,0.028738377807936238,25.43686249525264,13.093022059836136,33.31796908239966,0.4758359451732391,11.41991108855904,39.6894057580485,1947.5921350953743,33508.54996522496,18160.44223428386,117.68781735696508,431893.898998494,2446.379304221806,35.31609383194547,0.008005035196474214,20250110142252,1505,XXX0007,1
2.940819758598417e-07,0.0003076495132261748,0.032424981386008606,0.05067384582628207,0.050673845827135425,1.295182673331461,10.000396924799936,-73.95888423410226,0.05690867133471923,6.205274825629857,-3.6081123259429667e-07,0.04333253216321258,0.00041184882505292055,0.03307453510469229,24.649333160013597,13.030075774630756,33.31796908239966,0.3782855445570828,11.194672423171237,38.345624734080275,2452.5682563460205,44289.08691886846,20283.13329413718,95.01558000082095,566219.1602777196,1185.7426048057212,22.163142000850048,-0.007959568674254142,20250110144802,1505,XXX0008,1
1.597898847198852e-06,-0.00012818510455726512,0.029713450380937454,0.0447613058243198,0.04476130585284087,1.2750346792900513,9.249544156312135,-104.53038694688078,0.11595828654653385,4.912219910120333,-1.0441963525835875e-06,0.037681060951137796,0.0001041645023974249,0.03010944397096619,24.772851321337825,13.06632690494418,33.31796908239966,0.46223637295260556,11.366533869996863,38.987377676925256,2225.0425143314214,38376.61851622511,18650.61067480588,101.45224396947859,467977.8490454959,1602.185942498166,27.30482232722767,-0.004545409039185405,20250110145759,1505,XXX0009,1
-5.724637485973464e-06,0.0005723931153537249,0.03169659732994285,0.047569341981704344,0.047569342326164374,1.265529673930083,8.713093328506247,-108.09917317004863,0.06923288067299381,4.192429702557619,9.280524550043397e-07,0.040190535072085844,0.0006010701496319543,0.03216401213176886,24.717004403154487,13.05088688278137,33.31796908239966,0.5294416337345393,11.39375529157783,38.849099418522194,2573.9988596698627,40128.657991595064,19514.714007892217,101.0316111169257,510958.3542656242,1411.2771009605603,24.511915780204724,-0.0059555614510223695,20250110145760,1505,XXX0010,1
-2.8285205904851843e-06,-1.463205013712155e-05,0.030712000457436522,0.04679858895627334,0.046798589041751645,1.286269549346337,13.098379476398975,-64.72889378597284,0.09360270079827061,8.028871663100885,8.19228804546612e-07,0.03940941978883655,4.352222412128015e-05,0.030915965267296223,24.545812626520927,13.061726233007128,33.31796908239966,0.49193601040785023,11.387644004956252,38.700184371011204,2647.8151783666067,40660.0370859361,19483.390670103367,98.10193761910236,508381.17593353585,1470.4875061237744,25.143637863926518,-0.009669325876236506,20250110145761,1505,XXX0011,1
-1.088775501236005e-06,-0.00020503763569949384,0.03322716100512403,0.04953608917904344,0.049536089191008784,1.2665527859519263,7.986711060127846,-98.05129945122587,0.03030434509992449,4.1545355421948456,-7.772280846328571e-07,0.04079672254889041,-4.5161546447001286e-05,0.033523123724611595,24.38558124735887,13.036629615612641,33.31796908239966,0.4396709374765091,11.362666216633588,38.62927244362502,2546.573698595324,42300.040092579715,20202.551932173075,94.06424185984024,504196.7398731276,1131.2819738273251,22.29319312062521,-0.013564751129170162,20250110145762,1505,XXX0012,1
-4.026209150636657e-07,0.0002516721089994931,0.029286485798227676,0.0439049462131635,0.04390494621500957,1.263315927507853,7.098481547788856,-145.6592192587322,0.034565982089140364,3.608476765745002,1.19696730071639e-07,0.037579943742321896,0.00029224664908368553,0.02970417755359455,25.367929592632702,13.03073868908957,33.31796908239966,0.3935931620115104,11.259206453894441,39.27811657920862,1747.3870064252503,35575.97165760265,18095.10112408054,107.87779088534793,445782.27803929267,1584.6236407718964,27.74273392813891,0.006973763896901272,20250110145763,1505,XXX0013,1
-2.4419240499812895e-06,6.533713381472574e-05,0.03365670937443064,0.050902768130167315,0.050902768188739705,1.277993810298525,7.781438451119266,-100.58129111145072,0.07398049713434908,4.65456322866501,1.5320001641218839e-06,0.04268111995562106,0.0001474154850455348,0.03363289569935503,24.650535821302856,13.096352455675383,33.31796908239966,0.4795283974380967,11.273133466744405,38.600907672670544,2836.2728615835185,46788.32841363709,22450.354231870864,86.09938928949731,578205.0273935954,1205.364542404071,21.864433978846108,-0.008529799769672499,20250110145764,1505,XXX0014,1
-9.633767830137712e-07,-0.0003919152845059731,0.03236197465562138,0.0488385377500189,0.048838537759520566,1.2713426406055919,11.796216728083621,-79.62158803975149,0.13051407946160626,5.145700928596609,-6.55716175293976e-07,0.040372673317902556,-0.000401316923487319,0.03289164769246527,24.949799011799534,13.070774961103364,33.31796908239966,0.43772998417041004,11.342900572670455,39.11501914622039,2191.570179554322,41334.23795338114,21142.474811623695,97.49860623528089,523570.79754110874,1356.4335562391655,24.915142080231462,-0.001065982553459316,20250110145765,1505,XXX0015,1
-6.892971001963802e-07,-0.00046162814221441945,0.03602456772358727,0.060132394741246126,0.06013239474519683,1.3525920940017813,15.902191509329747,-40.361172769369794,0.4578953032538013,15.357146173856835,1.359145829109022e-07,0.048831909419171995,-0.00047890074285085964,0.037033819080399044,23.270064270236933,13.00950741116412,33.31796908239966,0.3960801616328389,11.170906117273102,37.030208481066516,3415.4052570244485,56688.054621666015,22251.970213494744,76.22283890057383,712139.4137277566,627.2237545932884,15.22754296143004,-0.04844371653899419,20250110145766,1505,XXX0016,1
-1.2009465390548907e-06,0.0001522869205337193,0.03224921242736893,0.048769844791891455,0.048769844806677974,1.2726619785947806,10.589451080065585,-85.63072837422968,0.03518387353571505,4.561186590305987,6.255163511805416e-07,0.04051410749613946,0.00018811947427541445,0.032816848294632314,24.9018480472054,13.067458239847571,33.31796908239966,0.45187546840765813,11.369177602976938,38.98383208055595,2195.991550027774,41653.407252130826,20869.163734211543,98.35597571995235,540093.8468013009,1412.8890923891984,25.16102900070566,-0.0021231100415343234,20250110145767,1505,XXX0017,1
-2.999359737071303e-06,0.00021031532094920036,0.03240649539171828,0.0481255039140086,0.0481255040074742,1.256960608238904,6.686849472643324,-117.31765009849602,0.02288174903585898,3.425335013722803,1.0364586425210359e-06,0.040259176546139676,0.00033036517840371584,0.03274322055297145,25.670010451115825,13.070524464222931,33.31796908239966,0.4975950302666195,11.276653859565288,39.59367465607715,1836.0238833634435,38898.277161895385,21569.33695576165,103.41246003432008,543819.6478667946,1481.9665678634842,26.09095870557195,0.014246333486892067,20250110145768,1505,XXX0018,1
-3.6754225729597164e-06,0.00022837887130852403,0.031702173767865785,0.04693881093151767,0.046938811075414914,1.2579720866658828,6.249880674828336,-136.89905716398636,0.016440497404700254,3.38468762675265,1.356840624975449e-06,0.03947330644528628,0.0002712329621703375,0.03193176872632777,24.577497965268044,13.075221976575381,33.31796908239966,0.5019317147922447,11.315712354144878,38.64700042547156,2817.4385695234746,41067.65146690897,20119.11316254797,99.39039783717591,540586.0684287245,1683.839859287021,26.935010249782405,-0.009165828285282165,20250114114121,1505,XXX0019,1
4.567883850626426e-06,-1.953731343137116e-05,0.03042304708348891,0.0461628009863368,0.04616280121233655,1.2704799254271504,7.3864003394642515,-115.68839636828648,0.06990698794419871,3.748830172660642,-2.5436654386477334e-06,0.0393868412817934,7.295984816480548e-05,0.03097573107715225,25.39332770063257,13.09294584824863,33.31796908239966,0.5211134238036164,11.241509639798686,39.3100269465324,1963.9820253962523,39594.87226118652,20577.975373376084,96.28044835394134,493833.12208300736,1445.5391639637787,25.76046216981432,0.008356361089327951,20250114115106,1505,XXX0020,1
4.006729378259709e-08,0.0003986966431536237,0.03144749247291376,0.04706488452640211,0.047064884526419166,1.2675696865737867,9.677736192189581,-85.84793730388574,0.04405119108680297,4.902834277795432,1.5547738519245274e-07,0.039237062163953215,0.00044970968875062095,0.03177333326643439,25.149564406203602,13.05743043325926,33.31796908239966,0.35246154978060096,11.321261713825962,39.31357254290172,1917.9281936150728,39818.55063904614,20753.96129025154,100.66481141954844,518078.94217813504,1526.4465214287236,26.00555125709686,0.0032189914247902933,20250114115107,1505,XXX0021,1
1.6560056555579378e-06,0.0005644976246238706,0.028868079830603126,0.043267598736026494,0.04326759876771712,1.2724635784220042,10.344510515674449,-101.16371595867267,0.11543837331342041,5.444191990557666,-1.7653585562373057e-07,0.03655138953200978,0.0005614615783984326,0.02899251742021502,25.114339969818648,13.110033336433702,33.31796908239966,0.47099583174828624,11.27599634129307,39.086654375265915,2104.3636106756253,37490.13969618856,18973.095781631808,107.4685685389029,475623.9881469278,2243.101256413723,33.34478312446513,0.0023147171452567324,20250114132639,1505,XXX0022,1
2.926279084429762e-06,0.00012411830106992322,0.029635398877629837,0.043934332618062566,0.04393433271551607,1.2569758426467086,10.18307705440475,-101.61964165199875,0.03839736837229646,4.002173841185833,-1.9804366732870083e-06,0.03710657899962965,0.0002449800991340944,0.030154884391690454,25.186029331369404,13.085659318814217,33.31796908239966,0.5012530491257309,11.306014593919464,39.27102538647,1905.4981518743048,36741.843561886846,18809.84559398461,113.95072295444258,518682.50394243293,2275.081278221081,33.27804374903703,0.003672868707023116,20250114133550,1505,XXX0023,1
1.2091676984272611e-06,-8.779682672520588e-05,0.027970114220075885,0.041028170952153706,0.04102817096997179,1.2525616518024247,5.3040244171106625,-209.33539633127714,0.00017816915188551745,3.2136845944672876,-4.3270250893598924e-07,0.03475226212527892,0.0002051072188328068,0.02808303398430466,25.42837108577876,13.091388970651217,33.31796908239966,0.4574914502267357,11.364901968424258,39.60431144518508,1822.6640552636995,33625.56906760238,17843.5394002909,112.92735308241971,420856.0703554783,2214.3623162837603,34.108767127169116,0.007802512028934656,20250114134754,1505,XXX0024,1
1.6456584169598693e-06,2.7505605674472966e-05,0.02886854035860203,0.04220789295534558,0.04220789298742716,1.2502308304570164,4.991458015686555,-203.88987287349272,-0.00846407265454069,3.0500967261561924,9.219923802534474e-08,0.035524384180773236,0.0002918204118859924,0.028998804949828694,25.532160674836064,13.108673054592977,33.31796908239966,0.47537002215091156,11.458129901797262,39.785136860019854,2013.2680201432713,35022.47563853426,19555.85394247586,103.88207510273425,420706.1206274347,1906.1603865102313,30.79661014984216,0.010284889542901443,20250114143306,1505,XXX0025,1
-1.46658327862233e-06,0.00040231525250193634,0.02912668959155848,0.0420012794858299,0.042001279511434675,1.2422647598574001,4.979207261959395,-208.09313974352378,-0.007465509800336133,3.0014855240808758,-5.791982447946552e-07,0.035381789334424533,0.0004723687489411986,0.02959005804744605,25.51973621478583,13.099255039950343,33.31796908239966,0.46910103206351644,11.423854546882653,39.79577364912778,1912.695361950035,34892.018355344066,19441.155054533534,107.34505857304028,423024.79441730503,2100.4369626068005,32.15347302080701,0.009984193216631718,20250114150047,1505,XXX0026,1
3.3099318996461447e-06,3.926544878085549e-05,0.033344511100886265,0.04888272138173444,0.04888272149379499,1.2497710087840035,6.841246439996293,-131.2641805231607,-0.003341574238813215,3.102175962439647,4.919172338712124e-07,0.04321355740056487,-6.190855207322706e-05,0.033925462940022154,25.487452023149988,12.994652368199112,33.31796908239966,0.49791300990858467,11.108709468902425,39.03347042972628,1988.993309564153,37301.375158280636,18922.19256581981,109.23722740465955,531616.0342648171,1208.6042910736128,24.128897904119885,0.009693613926308313,20250114151520,1505,XXX0027,1
-1.203176972648177e-06,0.000567491975915475,0.0304042630188243,0.044533963711843386,0.044533963728096544,1.2517203763244091,6.365267278853068,-157.2086766048199,-0.021578429275268516,3.13556890289341,-7.507653771672102e-07,0.037923570069314676,0.0007999017777357565,0.030668727925587193,25.654673682998776,13.09725221832608,33.31796908239966,0.45973517286146776,11.288851453519763,39.54403630690682,1885.7475003080447,37066.066812013916,20572.625030279203,108.96456944081817,509652.91604257404,2157.52676242282,32.10154617692172,0.01330010799512799,20250114152351,1505,XXX0028,1
-3.018465276117954e-06,-0.00023301034510049686,0.0292519088852589,0.04364154306313489,0.0436415431675209,1.255987481794989,5.062056441213651,-184.94439238885394,0.05844111651829623,3.222967758395555,-2.17867415233229e-07,0.0370554231810906,-9.816928641582666e-05,0.030128929637001263,24.974135173783758,13.060799987003948,33.31796908239966,0.49549627793729006,11.29290571465134,38.98383208055595,1969.5170504869081,36117.481686210296,18057.451065350837,113.02872194543981,466231.7831285364,2019.001342476516,31.105790306874255,-0.00046040572920182885,20250114153855,1505,XXX0029,1
-8.662988280620129e-07,0.0002529908647554129,0.02892056009269022,0.04227494227328478,0.04227494228216089,1.252268568416898,7.580021855821927,-134.30280162124222,0.01907656256404746,3.3974601957887636,2.732719190648747e-07,0.035473118125159186,0.00021643371213132372,0.02902801632019566,25.207287885170516,13.099366204050886,33.31796908239966,0.4424769378125436,11.41420682917332,39.40221245213445,2022.9387909753705,35631.26309841884,18704.656726815243,105.16714498922548,435361.12457718607,1947.3049850912391,31.29927692536734,0.00401046826424727,20250114155554,1505,XXX0030,1
3.828263824959748e-07,0.00034159241626385297,0.02927820816671478,0.04290411815712171,0.042904118158829656,1.2512645715409638,5.145663987857863,-195.87049023426937,-0.004100044735959423,3.0765376771235715,1.6846631190732434e-07,0.036008230905273726,0.00040458316475793844,0.029616799587849293,24.862706672977403,13.0788358276671,33.31796908239966,0.4065238712004331,11.377697150819026,39.10792795348178,2194.323543425621,36263.52630296013,18302.381439662968,105.43187078547646,436104.8148335258,1879.0360314418501,30.573656380862438,-0.0026182419286444047,20250114160638,1505,XXX0031,1
-1.3205337009455475e-06,0.0006170722684692424,0.030536244074102367,0.04721482434784285,0.0472148243663096,1.2999882300052479,18.010278209859628,-57.509325642761354,0.4116398890236892,14.055590176115958,-1.2492536364726037e-06,0.03964178841775884,0.0005850939686673188,0.03086183198559522,24.549763313071214,13.042839357402448,33.31796908239966,0.44789227462634196,11.364872922130123,38.707275563749825,2428.8879540764115,40276.27109083479,19042.348808332157,96.915384707561,495639.4090250173,1256.17927490307,23.803840289212545,-0.009425566063720199,20250114162512,1505,XXX0032,1
-1.887665673796219e-07,0.0002521745870662385,0.02980972086325352,0.04321299704163917,0.04321299704205146,1.2449595691849393,4.368796321273087,-216.4540080286038,0.007298072592883958,3.0204638851368193,-5.1512802604824924e-08,0.03643307418094577,0.00023189633471811864,0.03025109640076286,25.177049234909592,13.080899178555761,33.31796908239966,0.375359041962218,11.359178972883255,39.217841440930364,2074.025790122889,36160.93647243801,18952.977074884016,109.35164488992912,459878.5448739082,2085.9312126227182,31.767714791604654,0.0034808555832246107,20250114163512,1505,XXX0033,1
1.7178561959374596e-06,0.0001483093387787339,0.031078494608272424,0.04683186788992755,0.0468318679214342,1.2783157636291576,22.348276323280416,-46.178188027264696,0.37740639307843576,14.359805291232885,4.855446472995128e-07,0.03946408206560363,0.00020866487380779043,0.031147946601870525,24.903289896275272,13.093789210276302,33.31796908239966,0.4650327268090741,11.258998236023972,38.799461069351864,2262.307404260316,41902.74781013946,20545.659454527995,91.37280352536537,509549.61377149064,1376.2887852009646,24.7907415158537,-0.002091094342748431,20250114165350,1505,XXX0034,1
-4.94163963666042e-07,-0.00023633383861871877,0.03008077067413669,0.04454578591061116,0.044545785913352134,1.255924709708422,5.861347427733343,-177.35097244349373,0.046976779071937765,3.233090070594994,7.724477971492123e-07,0.037524688794198645,-0.00017090788116722616,0.030449840490349954,25.13490123007241,13.097006988766122,33.31796908239966,0.4118647437824134,11.354744953953961,39.26038859736207,2102.3205155429073,38813.504892423865,19793.579421171373,102.66639351435202,476281.59918751253,1925.0666568042325,29.98502903268969,0.0028242458497724204,20250114170315,1505,XXX0035,1
2.361145893029109e-06,-0.0004298781883881205,0.03195557920464444,0.047955075920807604,0.04795507597893504,1.2659453888160535,7.620558150144264,-104.04394121713561,0.09594646035766365,3.7688704526189536,4.930659701291195e-07,0.04128531255295855,-0.00039549676853997847,0.032430657570072546,25.17520932491142,13.04947745407486,33.31796908239966,0.47997291747098353,11.180249011626584,38.84200822578357,2034.2765030235155,39509.15183487508,19464.94114667509,107.95954810061386,557416.9163908991,1598.7880243744469,27.417474415488847,0.003675186207563411,20250115091152,1505,XXX0036,1
2.9276447398657125e-06,-0.0005351712459032299,0.03142381598974181,0.047095394901980885,0.04709539499297814,1.2625889472009155,6.9493999381428315,-120.50160224844714,0.05300844233220723,3.5010492766537813,-1.0024417400163316e-06,0.0396766345554999,-0.0002790666278971678,0.03198370642269959,25.861842027125853,13.116464338134163,33.31796908239966,0.5010845384029189,11.403275401319112,40.097149340519074,2011.772940460962,40559.49518846939,22966.98973461589,96.85213837254074,528860.9294274785,1711.1751738867817,27.368461784051288,0.019265288237331486,20250115095255,1505,XXX0037,1
-2.086550333640534e-06,0.00039327127622253936,0.02916433409736112,0.04287188942610827,0.04287188947688387,1.2492906472526686,6.7660224565815525,-174.8680576932091,0.021850699881152374,3.1189752531843844,1.0153669228551517e-06,0.03608959024881772,0.0005041977911044816,0.029520593024325942,25.98508635062978,13.140592734261379,33.31796908239966,0.4912234639134548,11.433783961430423,40.253155580768684,1748.6010379640127,36305.8716795347,21037.800266870523,108.17741233752083,463991.7550802481,2505.7864817510417,35.257032104784884,0.019849354875769745,20250115102258,1505,XXX0038,1
-1.818023214042331e-06,0.00012146687938213371,0.033154879442969284,0.05005518824099078,0.050055188274006436,1.2652596231398512,5.484977547096429,-140.50805002593083,0.01770306641512758,3.399734517844652,-8.716986432937826e-07,0.041854163912019654,0.00018491812918627933,0.033622674371225354,25.23516655504849,13.079755904988465,33.31796908239966,0.46550281138293,11.235726762932714,39.10083676074316,2120.119579997804,43310.50002411632,22514.770263814287,94.08284128879843,545141.888353669,1339.0851590851594,24.10514097973623,0.00547971186320266,20250115103503,1505,XXX0039,1
8.084576359652603e-07,7.472250162486008e-05,0.03189111201669953,0.04734010758468508,0.047340107591588354,1.25629066073877,5.538646042323284,-164.0756218878359,0.029690261819338228,3.1787967220632494,-2.6295141822860417e-06,0.0400332095952311,0.0002814134351906317,0.03225911881519248,24.90774005323739,13.088973832384962,33.31796908239966,0.4360928841788796,11.26647568290811,38.71791235285775,2532.465733877674,42227.42781530143,20823.78842953672,96.10461071088997,541245.4458440703,1630.962818688422,26.594006925157064,-0.0020199621291749174,20250115105338,1505,XXX0040,1
-3.267517334352426e-06,-0.00040601120857564326,0.03341087894678742,0.05694488930741124,0.05694488940115687,1.3736150465718744,16.129425589364182,-38.95214807889187,0.5414323269341497,22.262793907538835,1.2540988274353627e-06,0.04799455049492582,-0.00032268970895706165,0.03393408634981297,23.810800097393916,13.0443966958282,33.31796908239966,0.46980265778960667,11.054152911033269,37.23939866685576,3109.0492955488116,54954.199273196224,22354.536863428417,74.19339872353507,663061.0490316541,680.675292114806,15.629346764910435,-0.032502711756023095,20250115110224,1505,XXX0041,1
3.5603674603391735e-06,0.00023823238000850741,0.030973896726004507,0.045165787953296545,0.0451657880936264,1.2494824070673187,6.227846370411086,-168.42574112137888,0.010309526213039787,3.090245321035298,-1.1448214366057792e-06,0.03823920057987026,0.0003899937644427861,0.031118820302712086,26.302895021582923,13.162550621416976,33.31796908239966,0.5229249422366014,11.37614092793539,40.34888668274004,2038.0365283981607,38723.35942651133,23588.0829845828,97.06571040015533,482464.5270339134,1999.0327961699593,30.34807029249644,0.028576268267196107,20250115112856,1505,XXX0042,1
8.664550019520538e-07,-0.00018393642190069493,0.03204401836943109,0.049168907992405454,0.04916890800003979,1.2765149568297212,7.168883732123377,-104.65168308422088,0.03370838994453328,4.06896869143865,-2.7023528614214433e-08,0.04117129760656424,3.752631465568089e-05,0.03251760529096757,24.598651534888308,13.098417858130887,33.31796908239966,0.4295549541475937,11.225227050848275,38.46617501063679,2513.6853475092194,46096.196406003066,21628.427623805597,89.42760792216846,538767.364499926,1455.8246917622382,24.211075672095028,-0.009552864372508001,20250115113945,1505,XXX0043,1
1.39773829313631e-06,0.00035891101609892943,0.029780865561795024,0.044686364213646426,0.04468636423550625,1.2723790665627082,12.709014464889895,-69.86442943562346,-0.00043227339632469637,6.5782432602903365,-8.565866893872098e-07,0.03768245568190707,0.0005292037081459987,0.030108258291340256,25.235627265921305,13.097140046886295,33.31796908239966,0.4579398496354355,11.33386214751941,39.14692951354418,2113.1213367298988,38058.287198577,19792.264031113642,105.47320270821255,474430.0082119042,1951.5673187643486,30.345866555070785,0.00484539944389612,20250115115020,1505,XXX0044,1
1.949019545020611e-06,0.00016231692453132739,0.0316391275854534,0.04636832945112529,0.04636832949208727,1.2512956876963321,6.2989973360151685,-138.7148620596908,0.02088157994972747,3.1530089982902862,-1.1622867322231875e-06,0.03980284755372979,0.00030896017389843834,0.03188510607828285,25.84035872595449,13.090581477721248,33.31796908239966,0.46810853337141506,11.21059600558074,39.586583463338535,2020.8516810242872,39155.251067831465,21547.423235219783,93.93282640651043,499819.01030763506,1378.2089311522916,25.39634570851349,0.01797922296478689,20250115120049,1505,XXX0045,1
-3.259106829374749e-06,-0.00013975644143816336,0.03156349313635948,0.046446702979477936,0.046446703093821644,1.255962292412581,6.536651086044408,-145.2381163739168,0.06696820866422401,3.3262296966389058,-1.9041637189662755e-07,0.04006518634804389,-0.00017701419577620793,0.03184821741419357,25.8498394472543,13.086800465736037,33.31796908239966,0.5091494912790829,11.19429729192639,39.53339951779889,1802.3414326411403,38080.42145887486,20987.385221032062,101.9371567802897,489286.2181484871,1520.701275439661,26.775739322291567,0.017644395555238574,20250115130009,1505,XXX0046,1
-1.6368012995506232e-06,0.00030367701121661837,0.029067554743204896,0.04272730705617965,0.042727307087531016,1.2609948065332386,8.421406984750147,-133.36448576050708,0.14292336030522118,3.9907131262977096,6.42992381902864e-07,0.03602231423305825,0.0003591708762433027,0.029012720595988955,25.389480494673393,13.104146150131703,33.31796908239966,0.4653384334246166,11.196526077554418,39.143383917174866,1565.4784238001885,36669.689981646115,19138.869617717988,112.20563896656019,475539.71914279624,2491.9441283598353,35.161292136493984,0.007640714138932253,20250115131107,1505,XXX0047,1
-1.9634457496083386e-06,0.0001609704353384457,0.03454383459491563,0.050744951441207234,0.050744951479192474,1.252270328459216,6.349914522011581,-118.71959186516723,0.018443127003260916,3.126031472370652,8.256850472710799e-07,0.042595086960119335,0.0001300916159572203,0.03474046720743412,26.673940837554156,13.155651207406578,33.31796908239966,0.47748631816518944,11.263866112536624,40.472982555665865,1845.0232074041746,44561.481260885674,28086.59437761664,78.17848231511434,545517.1919427688,1077.46641974766,21.309075439240136,0.04248898668520034,20250115134739,1505,XXX0048,1
-1.0014977611148357e-06,0.00021662394559617947,0.033864154633185456,0.05075968135972679,0.05075968136960666,1.260462762753287,6.134429982463574,-136.18124008288206,0.05002789500066477,3.2732126203903245,1.3884944444871417e-07,0.04249910515490064,0.0002575718889014855,0.03430600694166239,25.51948924386904,13.089283783997612,33.31796908239966,0.43603201439826667,11.4164072960053,39.728407318110904,2260.9602803196567,44210.379968801135,23906.902953992074,92.27492201479873,596131.8275939503,1377.3505834840603,23.848978763322368,0.012486912024738112,20250115140405,1505,XXX0049,1
-2.655098572142665e-06,-1.2738201522233348e-05,0.03644632735605338,0.055197036475104454,0.055197036538962484,1.2756125710722,10.921467209171334,-63.132326218626204,0.11321565165620213,5.100889379959665,9.039220815372428e-07,0.04577077578887551,-6.90341941894305e-05,0.0372462624237181,25.43667679591083,13.065631839450662,33.31796908239966,0.4787427419070278,11.305084170516512,39.47666997588994,2214.262258942657,46201.25714682327,24666.971348138257,88.58937542940592,630945.8140529767,943.8176421604185,20.403304231973625,0.010906704377023688,20250115142737,1505,XXX0050,1
1.951986091052994e-07,-8.550992218276255e-05,0.040848940372792304,0.06251987652208278,0.06251987652238751,1.2700575625974282,9.292944685891545,-64.64670456989643,0.10134167841513923,3.8937275303672374,-1.2646777132100715e-06,0.056962061378609825,-4.958854913715214e-05,0.04283049904208656,25.499451020071167,12.898557645902132,33.31796908239966,0.3419218802352516,10.727422747416208,38.5087221670685,1902.9312891321651,47092.27294194282,21804.796163521358,90.97795365143885,903481.3432069179,674.2893521734657,19.582218880946154,0.012078847270028446,20240919153233,1505,XXX0000,0
2.4785729606201315e-06,-0.00035988948414571176,0.03534632103779771,0.053363001025769644,0.05336300108333128,1.2629359402291505,7.047141587941655,-103.21301193006738,0.094889375796832,3.4520184058639236,1.3688224360440438e-06,0.04713061620954244,-0.0005954257888587059,0.035796853821888935,25.928060250437156,12.961922697758093,33.31796908239966,0.45864922399568236,10.881088823010941,39.26038859736207,1465.477245564395,42076.56652438756,21521.528232663804,95.2474782602737,692210.1799236456,904.1695481021598,20.846101060360134,0.020592231393095562,20240919154550,1505,XXX0000,0
4.186636017221863e-06,-0.0004085579566912925,0.030968791767607445,0.051296442332967616,0.0512964425038169,1.3473999253661866,11.986080817862822,-66.0754830401697,0.458196516871322,11.775105526237093,-3.07500168006599e-06,0.04429970173471524,-0.00043962233770431614,0.03161784361061421,24.643944898829215,13.038161647079171,33.31796908239966,0.4946757762104378,10.906532265107328,37.78187491136009,2495.3833778462176,46753.81565565053,20589.84551473876,91.30018178529326,636685.1103281111,1175.2082753649788,21.115747018273733,-0.00842186503996099,20240919162355,1505,XXX0000,0
-2.855414531712982e-06,0.0003297554400156213,0.027530417700241196,0.04000082910971522,0.04000082921163051,1.2489754406045834,13.877824960595671,-94.85418615847021,0.09318436207026623,4.4546199792194265,2.4209011906082068e-06,0.0345827819163006,0.00041740738791346406,0.027629987096296164,26.71852978682432,13.047021047048489,33.31796908239966,0.5027463461983294,11.142354864267428,40.69280953056304,1152.4112758229053,29556.345737060557,17925.09633918347,131.82460626065654,472751.4757959243,2708.6482271742075,37.507132933495434,0.028477643702584068,20240919163129,1505,XXX0000,0
-1.3751502665285577e-06,0.000348811340041358,0.02841138331681841,0.043983590561331457,0.043983590582828545,1.300165982954781,16.961243302062112,-70.58436740010508,0.4182029754682985,9.8832904351221,-2.0773075110849276e-06,0.037121211881912045,0.00039078614481651144,0.028435691984282075,25.446748050988273,13.037684965106488,33.31796908239966,0.44238472068314943,11.258266239853706,39.710679336264356,1680.0941820404673,37121.40966591767,19187.673887350087,110.62056645533767,534713.1815951902,2100.1649406203187,30.897078315541375,0.00885299289342293,20240919164607,1505,XXX0000,0
-4.00777105106727e-07,0.0004363035486651494,0.027247376394950867,0.04220959753005499,0.04220959753195767,1.2941319914793827,14.71348986569992,-74.38545558597534,0.19882257869113004,9.42282713076129,1.3046193251041015e-06,0.03557896845747663,0.0006164352838821762,0.027724049045001534,25.43159870370586,13.016403145244926,33.31796908239966,0.39157071950622296,11.457335927042758,40.54744007942136,1607.3399200472445,34473.32430729255,17666.755022808906,115.94363789347736,484594.3874972648,2092.976806231213,31.378829033269476,0.007928271140083237,20240919165242,1505,XXX0000,0
-5.833033651693022e-06,-0.00046942402080339066,0.03938920002553146,0.05946192988377076,0.05946193016987215,1.265180293103639,10.66816022985031,-64.6078398093023,0.05747299042278723,4.134213229496663,7.608850176482806e-07,0.05360015278334795,-0.0003961652535734778,0.0406837018976967,25.33668990765575,12.89294752644664,33.31796908239966,0.4866342002792981,10.670721680892134,38.07970500638207,1950.7564966833052,47063.81006932464,20930.981388268905,88.94711465511213,744042.1132730877,539.2415805135629,15.56335332826776,0.008058077279638776,20240919170835,1505,XXX0000,0
-4.693806292082811e-07,0.00020163683431538397,0.04588884186193472,0.06802857226354303,0.06802857226516232,1.2535933117481353,6.611152863326433,-77.3839010744019,0.01239057734806156,3.102732977722845,-4.974865379624722e-07,0.06264606877087239,0.0002382185512141313,0.04763196693590586,25.406350363604563,12.72611873689944,33.31796908239966,0.3523037481089926,10.576336891062233,38.2428024393703,1508.8250319151311,48086.10379845303,19929.337942129067,86.86125878491431,854046.1979953591,366.7233651532923,14.790905667676743,0.009658021972128714,20240920093731,1505,XXX0000,0
5.616680787863981e-06,-0.0004874752446386585,0.04199087626040665,0.0624922290037829,0.062492229256191106,1.260380297179676,10.356305301094045,-62.64394238769049,0.07347653487551808,3.695795749544039,-4.627522333042889e-06,0.0556260231750851,-0.0005273460524927311,0.04322993893331756,25.531704314771236,12.857296212863764,33.31796908239966,0.4791336129112995,10.911044297025498,39.08310877889661,1803.996692336568,46615.44010748842,21393.264780335245,91.58401050280095,842045.2095177425,545.0092584250677,16.79085937455462,0.012676832905601095,20240920104005,1505,XXX0001,0
5.1987394834741776e-06,-0.00027456994984725587,0.03852405197913204,0.058255412578395546,0.058255412810364476,1.2609888511195744,4.458305639835871,-129.75960786755041,-0.003662124376539624,3.1260513063456434,-2.0356392912073896e-06,0.05159956679820896,-0.0002613926319034934,0.03952329099617397,25.96418972290859,12.860576954240539,33.31796908239966,0.48439084384038344,10.968667338699017,39.866685576513966,1533.7193373075852,42540.78910992832,20730.209459090773,95.84902743614057,699636.8473240051,582.3546668124147,16.97998317807161,0.021307251397751508,20240920104718,1505,XXX0001,0
-6.3558411260799985e-06,2.0740162023190432e-05,0.039859259397425115,0.060891491673251225,0.06089149200496191,1.2725590598662395,8.372461048651537,-63.88288418147519,0.020560738936787597,3.905997853859004,-2.1201517713428256e-07,0.05478956714067857,0.0001613875815142732,0.04183791201462016,25.43971927168814,12.898130210376763,33.31796908239966,0.5015411606109026,10.864185960450486,38.6611828109488,1955.3232949845951,44188.63168352998,20752.83498526516,96.12006750477427,778701.2534625232,715.3888522798121,20.133341063394543,0.010052838718185336,20240920111452,1505,XXX0004,0
6.111161400763275e-07,3.35549704904071e-05,0.03124023146841959,0.045747317098432105,0.04574731710251391,1.24696994012356,5.526986377182592,-164.85883358194116,-0.01184299836423503,2.981050165524239,2.518798283571874e-07,0.039642979483677315,0.00020279312346506743,0.03172796771470596,26.51136936631167,12.89862081456408,33.31796908239966,0.38722574245178454,11.121626547770642,40.70699191604028,953.3650332436584,32698.36672656784,18044.06397398927,122.87058868004573,524360.1742425652,1422.5713453668052,25.65834004471072,0.02662535991332226,20240920112638,1505,XXX0004,0
-2.1091161870502322e-06,-0.0005866940847443795,0.049534006331138025,0.07439102328869411,0.0743910233185927,1.2716101033042224,14.001580447161789,-32.56219148722926,0.20836671840294135,6.701267781712475,-3.210715539857197e-06,0.06583303254343323,-0.0005368321233778275,0.05031833010224258,24.295129166857,12.830996785469896,33.31796908239966,0.41587274070715063,10.771616361334369,37.21812508863991,2667.743466337286,58305.13285499177,22997.216119458844,74.42979523360029,884557.3680558986,366.1437686832524,14.404104961946569,-0.020095603104445085,20240920115120,1505,XXX0004,0
-1.3498285410675935e-06,0.000640589068127596,0.04498542115842537,0.06723288405769141,0.0672328840712416,1.2570338645290067,4.8150494147771195,-93.74596367365952,-0.03798013365776996,3.048027012517588,-8.528747185951613e-07,0.055464436802169614,0.0003767095031160792,0.045691713963440864,25.57466873936426,12.776818999527995,13.56545170897745,0.39702996487160486,11.0634766898784,40.49425613388172,1444.7476737123677,45819.689118912924,22205.591185680347,97.59587914665545,801825.7578016523,714.247012385874,19.905753008158875,0.013630546569649562,20240920115822,1505,XXX0004,0
-7.770338971348149e-06,-0.0011778318933401027,0.04133822119664901,0.0634070009952476,0.06340700147136355,1.2797292307151702,7.338195990965806,-73.37750553806114,0.17050985099182303,4.192907621771826,-3.2548307814622734e-07,0.054536793907679675,-0.0012203961624016127,0.04171340818648173,25.296435788189896,12.999365645998676,33.31796908239966,0.5098620663478793,11.04467014213945,38.420082257835766,2582.043360422151,53473.46783800435,28333.730779505866,70.54876336109238,784641.363307487,451.933679747163,13.584975900250324,0.008565796629812812,20240920160056,1505,XXX0000,0
-2.5602335881805632e-06,0.000147744317660944,0.0380176443903969,0.05732712956641612,0.05732712962358623,1.257126423930199,5.566137927786243,-120.51263471754766,0.04490499496286416,3.1879950863598134,1.1538134174101399e-06,0.047875209919746094,0.000185597759763979,0.03852727664573605,26.061426587660737,12.950952726707325,33.31796908239966,0.4502689582893964,11.410906678065938,39.65749539072472,2014.9183305258107,43211.15900730491,26829.89089378702,85.83103918199237,704183.2790493614,630.4643863331543,16.094639734988096,0.02607625411053758,20240920163029,1505,XXX0000,0
1.0371847567950554e-06,0.0002161765371525761,0.04078075800415843,0.059802698825168574,0.05980269883416275,1.2493062558547479,4.641947948886334,-122.45191575774263,-0.01580635097356131,2.97011115619537,-8.297480254248388e-07,0.04940250111359111,0.00018649622503454162,0.040842607316246865,26.136349491336283,12.900367075528987,33.31796908239966,0.4003256193827794,11.324254220322263,39.505034746844416,1899.8794694481332,44360.65321002689,27366.833015393426,77.2420701310812,738711.1481550783,431.3067293083405,13.838388027492092,0.02852257430857908,20240920164155,1505,XXX0000,0
3.168155758231029e-06,0.0005239831094429707,0.04046177100084578,0.06008836773010158,0.06008836781362199,1.2572846216825113,6.67816754276671,-88.51652446835186,-0.05225689570197099,3.2197007504190167,6.073401629437253e-07,0.05172055507143523,0.000533276032844935,0.040793472181386695,26.08271943912942,12.911821287204756,33.31796908239966,0.4576740850267076,11.037398033324124,40.75663026521061,1722.6135609174262,46417.220707529465,24135.81670446601,87.57778056182308,751782.7900852374,549.5951338749492,15.375685530510593,0.026679580027034213,20241017113226,1505,XXX0010,0
-1.5661467355430546e-06,0.0006451560698171738,0.06074201379852677,0.08961047106893645,0.08961047108262243,1.2524867703214138,4.457141923914596,-60.97020050042542,0.02361323590714023,3.0707034137318123,-4.106149286435735e-06,0.08416687480709294,0.0007484502858492375,0.06557451859071159,25.411519699124625,12.729245259956052,27.155722592540066,0.39264005611063574,10.60422881143444,38.01233867536519,2243.6376953525655,56688.251401664806,24253.542808988317,105.3323115455799,1218614.890116957,753.7546593809873,22.248785006228555,0.011702140995057987,20241024160537,1505,XXX0001,0
-4.504581436422412e-06,0.0001364872984532155,0.03945857140623502,0.057514738317065744,0.057514738493466215,1.2458878848761394,4.940950200090726,-126.85723304543015,-0.0006528063508823457,2.9193379064714438,1.655513058755519e-06,0.0512195561493142,0.00013790641833729108,0.03999769709407526,25.894647954409415,12.92713223202814,33.31796908239966,0.486098628578835,10.978748388329294,39.93050631116154,1689.4489761398663,43437.93733101269,21482.659866895767,87.26594116732706,633989.3482853553,612.7691086017704,18.231955334285928,0.020324139448675605,20241024165028,1505,XXX0003,0
-9.299943835825207e-07,-0.00035909359907915943,0.04247046518836911,0.06266334106816746,0.06266334107506853,1.252260243230372,4.5097195088311945,-113.1649269643076,0.0522681725478347,3.006396330948285,-1.6509301300655704e-07,0.05627420172694366,-0.00042157940249763326,0.043492019652063146,25.773252021626888,12.920103284409338,33.31796908239966,0.4004558565473098,11.098025879263,39.785136860019854,1894.9076191790657,46472.3571120204,23461.04615072085,81.66427655877422,715986.9195934188,711.0665762188559,20.61780166213915,0.018948367259755867,20241028134346,1505,XXX0004,0
-3.3651348955292836e-06,-4.587055209995597e-05,0.04051910303957941,0.05962187142607897,0.059621871521045235,1.2497381062425346,4.327706587947771,-130.6732598569437,-0.016726439361544346,2.92868404124391,6.545142789995682e-07,0.053532949895567616,6.369597410902474e-05,0.04121769128575894,26.06285164236909,12.946499872097306,33.31796908239966,0.4647232153169963,10.794477619083366,39.6504041979861,1647.1405891654626,46744.978526185165,23317.446128042935,81.08273512260229,669559.9747943287,545.4087740118999,16.960786425888912,0.025985677888581242,20241028141833,1505,XXX0005,0
7.797695116131307e-07,-0.000313679811099851,0.03886931557333597,0.05718825170630424,0.05718825171162036,1.2483090210540624,4.0816820205885,-145.86379888969702,0.003753519066131358,2.9433593800188547,5.370172994039963e-07,0.05170978738480603,-0.0003958440631567819,0.04001750696426403,26.089337432328293,12.8227889765772,33.31796908239966,0.3850629151664994,10.702699590229484,39.505034746844416,1187.523716595397,41301.035177419675,19724.80659337258,94.64114095949564,643313.9864529455,513.296447472528,16.277444762828353,0.023105366013083755,20241028144319,1505,XXX0006,0
8.136797774621198e-06,-0.0006225262618128396,0.05134391017162723,0.07447834179774952,0.07447834224222424,1.2446151694651804,4.307775271574748,-90.99934473112543,0.049231058060673814,2.856246276651451,3.235610566947895e-08,0.06788317332843011,-0.0006195574978967454,0.05341510442376717,26.069763590337562,12.826486729149217,27.191178556233158,0.504737717426581,10.788912254230363,39.43766841582754,1882.88199443188,49294.96382714608,23741.40521909844,90.54185335763974,1111484.402321233,517.1871068778291,18.301980570795926,0.027325044649983428,20241031131910,1505,XXX0007,0
-2.5551784237693192e-06,0.0003335587872274797,0.03726058777172984,0.055956383510857216,0.05595638356919674,1.2592306824476922,4.1770620556150755,-145.209947779543,-0.016285298408117196,3.089022796292717,-1.9202952391705398e-06,0.04883827148689089,0.0004516743918010562,0.037852966703676466,26.076045490176963,12.94270804826661,33.31796908239966,0.4414172421595336,10.924230241688793,40.23897319529145,1386.5670337951813,44514.51299852868,22934.612273151735,84.98514832588747,653468.0510740702,600.948097351491,16.660583818901934,0.025253394445707244,20241101170417,1505,XXX0008,0
4.14192047997503e-06,0.0003123196436388225,0.03440431314596472,0.05134272033212498,0.05134272049919351,1.2587214273364449,4.278052039039661,-173.82132344430323,-0.00361505790323602,3.086722660227818,8.261593442658809e-07,0.043884719066826734,0.00028515386737066077,0.03475595675950889,26.319987870178732,13.013839156446554,33.31796908239966,0.48896943326775866,11.190644523597157,40.65380797050064,1480.7208962668883,40885.3746753912,23144.45519293451,95.03188744626553,564107.7473056796,1013.0594056456014,21.14632595327977,0.029473017659523763,20241105142418,1505,XXX0009,0
4.73762928386939e-06,-0.00029053722436169285,0.04474069800637311,0.06595996269642142,0.06595996286656351,1.2524320481556932,5.0484221869927675,-100.82532137727037,-0.0008435516415125036,3.01311709248423,-2.2824161294055123e-06,0.0591084335636442,-0.00011112400512064801,0.045874466227449305,25.94547903468477,12.906231032704385,33.31796908239966,0.47537744897108136,10.948490188820855,39.74968089632676,1806.9114104500086,49763.31199406767,24511.301542310837,79.1966127914016,800396.1639796117,601.5349651186183,18.121015121864,0.02453043176256864,20241105143350,1505,XXX0010,0
-5.564916476862557e-06,-0.0007386212654781326,0.04041978533108908,0.06239234693195728,0.062392347180131105,1.2717330038874117,4.5304489086529856,-113.4826680482135,0.0739755862329464,3.282173878209696,2.9815399900543373e-06,0.055729746369463096,-0.0009927644504381635,0.042644847407309616,25.94602684648874,12.781502767305193,33.31796908239966,0.4898269608614811,10.821820469341374,39.28875336831655,1501.9920971443837,40842.70871453933,19164.592804957225,103.45632108914975,792858.4341708696,553.5759233620012,17.995018329143317,0.01984347874416149,20241105152015,1505,XXX0011,0
-2.2677730203605316e-06,0.00027934741801513086,0.03292279128494503,0.048547850383957175,0.04854785043692342,1.2494387815842374,4.583537476933363,-178.63505606706622,-0.02328687467630504,2.9704208458665575,2.70827368784107e-07,0.04342455171859897,0.00039160899134123853,0.03360845132499021,26.638536866309142,12.929332309217845,33.31796908239966,0.46272286111619,10.912435432501512,40.565168061267904,1160.1374145627144,33643.18368117601,18617.976917037853,117.02366066150887,595146.6002731298,1112.1232640355022,24.094223183070568,0.029826398023813712,20241105154011,1505,XXX0012,0
-4.777892827804376e-06,-0.00014103588033037313,0.0381413526126296,0.05734965717025754,0.05734965736928454,1.2612413427661142,6.182115781618681,-96.25767766429118,0.01558427066700562,3.4048854017100108,-8.821248597792117e-07,0.05011658566281105,-4.4105392214259746e-05,0.03883297418501694,25.518747510562456,12.941794592165262,33.31796908239966,0.4809568949829271,11.046002440449959,39.554673096014746,1997.6724690780716,47547.68138329114,22548.40184074788,85.10632449133628,684152.4117495645,597.4829511192494,15.328351482043999,0.012773086652385633,20241105155556,1505,XXX0013,0
-2.5029767327678937e-06,-0.00024582004351578896,0.0601493267150401,0.09147444253518429,0.09147444256942824,1.2656516121377925,4.571916930278447,-57.757032197186916,0.07095000168047962,3.1822685251874687,-2.7024474188335037e-06,0.08373435673223867,-0.0007873015194361082,0.06374576311447255,26.010190389625212,12.768503186945122,27.162813785278683,0.43498140938236096,10.856809089988548,39.61494823429301,2243.4414454090706,56057.85075158383,27152.993218243413,96.50490982065926,1349268.5417045432,631.3156992937528,20.721762107615408,0.029434664535185753,20241127165453,1505,XXX0014,0
-2.0122257966968578e-06,0.00012765120136336554,0.028687098987439187,0.04086102777183701,0.04086102782138364,1.2389937095102093,5.874074243605434,-178.46709449753735,0.0096024947976494,2.881404121956182,2.7555941982472373e-06,0.035532504754052986,0.00021095117327242944,0.02885641721519309,26.44933872388802,12.985947178358963,33.31796908239966,0.4761077560540307,11.085007555992917,40.32406750815487,1105.559134955845,28838.521667748184,16478.78651264036,142.09679114741536,453204.8714455785,2565.4000754422286,36.615195188502305,0.022929431168693608,20241218112838,1505,XXX0015,0
-2.752082734353711e-06,0.0004936559453468901,0.03813576817928677,0.056553527586156185,0.05655352765311893,1.252535871709662,4.991904763652456,-129.23551975118934,-0.013492555957548055,3.0197672711233436,3.231406181167842e-07,0.050980727800094924,0.0005354947454331169,0.039260031596514304,26.4052438537922,12.886635137378365,33.31796908239966,0.4524129375357043,10.7975149607388,39.55821869238406,1431.7418424816929,40749.14353915358,21420.37180135366,97.45079249375512,610774.3909866684,669.4772572149805,18.507001774682113,0.030459689142459927,20241218114459,1505,XXX0016,0
2.8638654025488137e-06,-0.00023400959768782228,0.03861070411032482,0.057059516553141135,0.05705951662501105,1.2523474252895013,5.19169387567299,-127.37833556127649,0.0022584481485249937,3.021037845426766,6.587020749487298e-07,0.05079376004469564,-7.17185420973589e-05,0.039360936805740404,26.381048182002438,12.910202417861314,33.31796908239966,0.45586075559556827,10.93164016115641,40.42334420649553,1398.3068882714597,40744.41575351556,21984.052043621992,99.96288427288896,676517.3769228235,798.67756773314,20.726153388276586,0.03018324204996286,20241218115818,1505,XXX0017,0
5.51383431986943e-06,-0.0008369704500234719,0.039449907996840894,0.0595049124943474,0.0595049127498084,1.2579543210258206,4.164443366151892,-138.89576880177412,0.06426148433647307,3.0332057796408862,-1.5585166430406477e-06,0.05375606793347483,-0.0011224209764898775,0.041198568340632485,26.00297221965536,12.838882345879654,33.31796908239966,0.490083369436141,10.879276882968858,39.28166217557793,1623.0739341269327,40397.47741719218,20030.001534586223,103.46998326657123,632538.5339292631,599.4098635571296,18.18517264457288,0.02122081435705566,20241218125846,1505,XXX0018,0
-4.114118188777362e-06,-0.0006814297419448976,0.05810764654215074,0.08669584032390919,0.08669584042152614,1.2560694281743072,4.272601172613174,-65.34595712899113,0.051804161669648734,3.0434667376045574,-3.701277849160496e-06,0.08176589928769522,-0.0011550488656914826,0.06316013787623485,26.12512329214502,12.683613122380862,27.2833640618352,0.44302040058943104,10.592928098658115,38.99092327329457,1623.4243173534098,49883.952790938696,22836.921879413163,129.7601121940871,1222555.4100590649,853.1948086384236,23.652386202110602,0.02851622758377228,20241218132151,1505,XXX0019,0
-3.0316879787267877e-06,-0.0002458694126363809,0.04594245354546207,0.06727781506184394,0.06727781513015124,1.2483015266534792,4.976518990465459,-97.71178256318657,0.009929002563766047,2.9460193182333643,1.623470128342572e-06,0.06159711234863492,-7.656702185702899e-05,0.04750100905308006,26.170009257345008,12.872940429523405,33.31796908239966,0.45215269278638365,10.769811197482758,39.398666855765136,1826.828562709718,47576.56122856146,23848.09086850573,84.98729358023533,801086.6379334158,462.1164097985714,16.701048367057087,0.029216203435447265,20241218133442,1505,XXX0020,0
-2.3917797393059397e-08,-0.00031242235960392305,0.041298787417719134,0.063958609122986,0.06395860912299046,1.2760996508390805,5.324495541851629,-99.08153702503861,-0.007374800596293065,3.399503293874319,6.001025390981834e-07,0.05709520552676926,-0.00011954670551612474,0.04363859666219823,25.99206187021014,12.83577737432832,33.31796908239966,0.3324011741096232,10.758884447567594,39.46957878315133,1296.9141244057907,45965.06978390492,22486.264195280524,84.93879442478948,722171.0543183206,452.25705044602614,16.322631686742625,0.023594347709108225,20241219160206,1505,XXX0021,0
-9.192050450407272e-07,-0.00010627130878438696,0.036074393396525586,0.05403085001889108,0.05403085002671012,1.2612932702281432,6.3658474123141735,-118.0623865797873,0.03192878419486456,3.3135718303347406,-6.139056500234438e-07,0.046681583637325864,-0.0001673929431216797,0.03675367927944247,26.053460091026675,12.94654389525072,33.31796908239966,0.39760196121033636,10.944163873561978,39.80995603460502,1332.7756134299811,42344.53782404194,22134.989711662296,95.6833850650198,621053.4916499858,816.1449288200236,19.019387099090146,0.02363828352753198,20241219161302,1505,XXX0022,0
-7.0978526441203405e-06,0.0006249363494451182,0.0537495470253357,0.07880853050579846,0.07880853082543082,1.2495505776489932,4.402738509417785,-75.97276976084883,-0.012111264295773718,2.9438498432541857,-3.5244228760745775e-06,0.071051151760274,0.0007665873785621223,0.055175683968311795,25.341982364701753,12.850672071574568,27.169904978017303,0.48116340242566014,10.853873755725271,38.64700042547156,2382.4310816920997,57356.51233974002,25920.78690721897,80.0241790581853,1285430.4096396149,453.23749587031085,16.388099134089614,0.010022739934761238,20241219165359,1505,XXX0023,0
-2.5565689214024406e-06,-0.00021631338707392943,0.03799564871557626,0.056933159812746534,0.05693315987014757,1.257092594103743,3.8818741970448825,-157.58843080266956,0.05101085153243345,3.057988698935304,2.512815360884319e-06,0.05161615332337646,-0.00031731861053064,0.03958676713084006,26.695605600563393,12.854569837829295,33.31796908239966,0.4486805837995697,10.942512480703842,40.721174301517514,1374.8122177460318,38772.51466731359,20981.854188873513,97.33230933275233,623528.9837917236,573.9454189765052,17.920590098860465,0.03531732304971435,20241224100713,1505,XXX0024,0
-2.3180854970340436e-06,0.002006318410538349,0.05804441107972742,0.0882292079158857,0.08822920794633775,1.2604471207017351,4.458954601666691,-63.737694617569915,-0.07944632254905695,2.9994370468082505,-1.342686555276713e-06,0.0824200639643005,0.0030169685402410213,0.06402430973510526,25.8762220572805,12.628498900261654,27.24790809814211,0.4099591343449863,10.72245872550476,38.927102538647,1741.7962256289177,50728.706742164606,23013.631893726924,87.5714916992432,932797.7511811957,433.7578215504618,17.84506749559815,0.0225583942399936,20241224101603,1505,XXX0025,0
2.435183822413327e-06,1.6892906679617792e-05,0.03723297499881985,0.053891304880787076,0.05389130493580634,1.2444814833188833,4.834089744951557,-143.90717006831022,0.006394236430312924,2.9074160395669457,-5.245092087593884e-07,0.04815483902112448,2.910583088943824e-06,0.03758482757682658,26.43166546013199,12.942069698269894,33.31796908239966,0.45373771113174033,10.85463296804582,39.891504751099134,1420.0374079593,40679.67125438091,21919.74093963704,97.14841784127708,667046.2560252483,820.2164983233811,19.938585066739357,0.031235715375624473,20241224102414,1505,XXX0026,0
5.536787925911287e-06,-0.0006225924458790432,0.03443073021349481,0.0500597210321476,0.050059721338342064,1.2450590881836472,4.199299155786983,-181.95301819964004,0.041405519714695804,2.907218024579138,7.751038700816474e-07,0.043813294952521,-0.0005042690693596431,0.034764362287215245,26.190153246808965,12.933165184392058,33.31796908239966,0.5105003201506427,11.05753794235947,40.515529712097575,1444.1600343447212,36102.90617992769,19422.759990662198,112.73572560455256,569178.2580715753,1102.9968724967919,22.960459518176776,0.02311291560591449,20241224103404,1505,XXX0027,0
1.0768927951826208e-06,-0.000795534052833914,0.03582524965656993,0.05483095944691334,0.054830959457488546,1.2693670638111574,5.80971318478166,-111.14779782717221,0.06355556279345344,3.449986812096599,-1.6422206062743162e-06,0.04683245297642264,-0.000667576218604287,0.03675451285586943,25.712040177635856,12.974762818430458,33.31796908239966,0.41190507787834196,11.085348949230749,39.72131612537229,1660.4588801423592,44324.43783492137,23104.4915819403,91.94276175964453,596192.3928713918,826.7716614349357,18.777205170112957,0.016786351589014887,20241224110941,1505,XXX0028,0
-4.994579045023722e-06,-0.0005240563582051046,0.03867916532134537,0.05820402192735987,0.05820402214165623,1.2627485401196865,5.878638427836421,-113.74113208075474,0.0510798464767551,3.268473395822219,-6.519108564027593e-07,0.05169540349508471,-0.0006620477523680409,0.03975099702062461,26.07720534388818,12.933225715497908,33.31796908239966,0.4930171858934437,11.036230784097945,40.04396539497944,1709.8670537543026,43601.148752511224,22484.712488097306,93.50879692255599,721009.6506597104,698.2252311713729,18.761088185636332,0.02489863315502301,20241224113303,1505,XXX0029,0
-1.5926348602552225e-06,-0.0002721928818740316,0.03882351232540843,0.05800762010559736,0.05800762012746074,1.2563045774052763,5.077126663185354,-128.25864384818567,0.04529119511543764,3.0691977718599306,-3.6546637835552334e-06,0.05061957987680142,-0.000230076282704937,0.03963714177138698,26.449954423164865,12.996889739225056,33.31796908239966,0.4368883271890117,11.128778885353336,40.50134732662033,1801.5568775961451,46075.49097681741,26216.960432876047,83.43106918189427,702970.9451051106,650.4631308854085,17.00349467297777,0.03661243715005836,20241224114309,1505,XXX0030,0
9.810891469479603e-08,2.455499938096295e-05,0.047170082185634024,0.07400423277041207,0.0740042327704771,1.2794447299518792,5.307384252190126,-80.12967696572545,-0.004139358620209997,3.3482228043493314,-1.7816761463537416e-06,0.06746871071582404,0.0004973059499152402,0.05078239424655244,25.79747471441312,12.841668960605954,33.31796908239966,0.3346937212569925,10.739448113199082,39.317118139271024,1957.3274441447522,54356.64295020638,25719.01949631038,76.06239684546294,950478.906389293,356.22562990605525,14.757042825003476,0.022316719937856676,20241224115130,1505,XXX0031,0
-9.993836593023002e-07,0.0003248336845448393,0.040402931314261675,0.059508825932161794,0.05950882594055356,1.2546820864155002,4.414455923567684,-128.96284285832945,-0.029788566189495387,3.064965038560157,-2.948934244290669e-06,0.05298085654650684,0.0004589707788328044,0.041204575266870075,26.364564537820208,12.901824831342793,33.31796908239966,0.406044124778062,11.048268928927532,40.621897603176855,1433.1281828950132,41965.126211178766,22853.707480997233,94.99440916471485,701989.6771084142,869.6413292646308,22.00378312785735,0.03081180980241309,20241224125402,1505,XXX0032,0
-5.562609239363409e-07,-0.0004890602328601646,0.040634594308774794,0.06139628858126696,0.06139628858378687,1.2645370044667392,4.7356902263690115,-112.65286526923397,0.04486535222566108,3.144814677127823,1.9970609531701672e-07,0.056357593541550184,-0.0005238653432116149,0.04348604519815708,26.33755224840748,12.789133984637074,33.31796908239966,0.37287506121075603,10.825358747139388,39.9163239256843,1273.4537301199098,39824.18597085775,19626.604739122322,98.6026157411092,558065.8336297697,559.5633182349085,18.754413573233027,0.027682712326639995,20241224130656,1505,XXX0033,0
7.830330564847508e-07,0.0010605802059073799,0.046251157752180985,0.06826383851442094,0.0682638385189119,1.2502627556286712,5.488914207864227,-81.8037744973851,-0.01733005299165639,3.054918533614583,8.308856236804327e-07,0.062160995073259,0.001021006282381702,0.04771941861957208,26.111754924059692,12.787262732076735,33.31796908239966,0.38408310340196106,10.727118869483542,39.60076584881577,1529.952656706174,44497.102721694086,22062.15287147346,91.43496374523414,836246.8372669383,450.21107624035636,17.110652544841653,0.025807138171547787,20241224131755,1505,XXX0034,0
-4.307136305268131e-06,0.0009302160716015938,0.047862216156463744,0.06998360685318729,0.06998360698572849,1.2470230842325796,4.4143480262329415,-98.71713895465527,-0.07704650172884711,2.8927124758038496,-1.5814277957980297e-06,0.06456725078004052,0.0014091773431452242,0.050609115170123425,25.965003016656368,12.777827749968125,33.31796908239966,0.47430170437492836,10.888482494311441,39.324209332009644,1715.288779217365,42238.78777929676,20874.429315208145,96.44478117571164,848029.8563720864,610.8382574229138,20.661420591411854,0.021333018944088355,20241224133021,1505,XXX0035,0
3.643803058597879e-06,-0.00012005069999450856,0.04174808089141585,0.06464073064206782,0.06464073074476856,1.2743091912046351,4.718057784492378,-103.12950397194122,0.0022410609962998803,3.3699893695363907,1.5620659246388584e-06,0.059684450463232515,1.3070596706349044e-05,0.04534527435283768,26.035314129092782,12.868023162800558,27.155722592540066,0.46894374009340706,10.823392999105009,39.35966529570273,1587.5020569104222,43090.27293503191,21218.67689378833,99.1288166139845,690662.9733418394,895.0447151701024,24.080708725580823,0.02326150020648657,20241224134037,1505,XXX0036,0
6.160200265659224e-06,-0.00031013163939985246,0.047060515840390574,0.0695337086292193,0.06953370890209463,1.251116833526091,4.688287176288373,-91.1017723706254,0.04182734605301836,2.9729301639950383,-6.697000026359932e-07,0.06081512693975384,-0.000508668660890762,0.04785823644943959,25.860981376004684,12.832849921315658,33.31796908239966,0.4810766722730684,10.9398301307306,39.78868245638916,1651.6475640752014,48799.66044640617,23447.662690098805,78.16155773526742,872027.3906582899,374.06666262441655,15.272155289882464,0.021701311845975214,20241224135320,1505,XXX0037,0
3.057669345606556e-07,0.00013864201932624505,0.039921625528546625,0.059585468526693434,0.05958546852747797,1.2569400766571213,5.432540881678747,-114.68549146534433,0.028354014626857677,3.1265284489490757,-2.2052339837666974e-07,0.053338340225235766,0.0002244187555062471,0.04088936528207391,26.212253269259854,12.938703371234112,33.31796908239966,0.3587811839716999,10.810828499127856,39.817047227343636,1488.1213633577681,46376.576440247576,23780.16238990487,84.06385504583184,677450.806175115,601.1817074326135,17.646575129865674,0.029605580477337724,20241224140328,1505,XXX0038,0
3.4666968080914e-06,-0.00025354183865287645,0.043096305250649794,0.06500153097039485,0.06500153106283872,1.2609842448531172,4.864575821301706,-100.5081675266179,-0.018143621195424946,3.1297390342005746,-1.4058175696274331e-06,0.059100453419800296,-9.186197949433794e-05,0.04550844844403503,26.003993490682312,12.867176145463883,33.31796908239966,0.459380147206945,10.90382026165463,39.56885548149199,1586.4590952837098,45578.89279701012,22565.610164599802,82.91239294224532,754595.0633149168,449.9080945494076,17.098935824455758,0.023871695230662092,20241224141845,1505,XXX0039,0
5.147454997064906e-06,-2.4715841903319435e-06,0.033745098412925306,0.05046588668455773,0.050465886947074594,1.2564747600106774,4.4787544391893785,-160.36761672580477,-0.0014176094732518969,3.088771194798601,-5.377151220577934e-07,0.04388184682760101,1.457546060100709e-05,0.03441838651638971,26.390059096347063,13.013221395988005,33.31796908239966,0.5088308870653833,11.187754459121201,40.6396255850234,1613.2611634995856,39355.08806708586,22762.424188341247,97.81728952195878,567826.9191555139,1084.1973005984287,22.106874944890944,0.03019232116420715,20241224144050,1505,XXX0040,0
2.474396931982417e-06,-8.009375775240926e-05,0.03971572048580867,0.060257260520591605,0.06025726057139577,1.2647244980529413,5.118430537905779,-115.21926293730493,0.038757894783903124,3.17989918099254,1.3228702935894792e-06,0.055056582328893544,-0.00017294346075372182,0.04212786324941159,26.483494072436773,12.821548712779457,33.31796908239966,0.4493507081543066,10.78611782598996,39.87023117288328,1291.6887117253382,38280.29079241793,19981.955910565976,108.33446856711292,708209.3165761312,629.9998320646396,19.527229018148475,0.030107555035501665,20241224145045,1505,XXX0041,0
3.260290526586415e-06,0.00013155614841323581,0.033868428075792364,0.049992086615774034,0.04999208672208581,1.2527994552578645,4.660091681249809,-165.573021928292,-0.005046903863979753,3.054461572371182,5.738551967769232e-07,0.044356753448857304,5.9621334935130314e-05,0.03447056275176876,26.345111648114326,12.968724521090872,33.31796908239966,0.48099837772491866,10.86986036785922,39.973053467593246,1383.5925004061971,38119.249403578346,20456.448559124183,97.8079659461654,506055.3550560814,873.0789331729704,20.53748047058942,0.027488266450254446,20241224150111,1505,XXX0042,0
7.269659317012417e-07,0.0005855682990516169,0.04402279887490455,0.0668117904307274,0.06681179043468238,1.2620277723204416,5.087175377232486,-100.21619676563418,-0.0058909836673025715,3.164234432538101,5.242001868775362e-07,0.06057612018151822,0.0008919198774586467,0.046209251707586954,25.897862464759008,12.866233615481157,33.31796908239966,0.37658423612843717,10.859378219450154,39.43412281945823,1642.4182187836227,47175.252601163935,23532.469011470832,86.90931798052827,795126.448368875,674.2473339505723,20.001417789818085,0.022154725536308983,20241224151112,1505,XXX0043,0
-3.0371111966912717e-06,0.0006989033934380875,0.03712052334375269,0.05520805121641028,0.05520805129994922,1.2562594652434298,4.00610601666705,-158.32746223575802,-0.0799747624065776,3.0565290863490793,-4.6108157689148486e-07,0.04971718120643795,0.0008843513768228103,0.038596490594286346,26.60304562765346,12.896641509298961,33.31796908239966,0.47225843821979624,11.022347579209887,40.43398099560346,1449.1060480009196,37221.399482972556,20436.876488933496,106.1733635599861,646477.9441290905,829.928314393921,21.902769934352175,0.03228703431987019,20241224152243,1505,XXX0044,0
-8.571946319492743e-07,0.0005253704464883852,0.03864700654417499,0.058104425306726465,0.058104425313049414,1.265240252355416,7.347537700378088,-77.84983853000435,-0.029303105245709303,3.5758413306717625,3.4663096431983777e-07,0.05227323745265054,0.0008292796953433811,0.040161485490613325,26.426175667071668,12.91422435698473,33.31796908239966,0.4015955884625116,10.950097217550383,40.27797475535385,1420.9684812527444,40720.956656668815,22235.14037012832,97.50759588924979,793976.5507529927,798.6981293582262,21.82120484725081,0.031289904644055365,20241224153355,1505,XXX0045,0
-2.541429859801411e-06,0.00017180127379654367,0.05852838490920709,0.09087939205832853,0.0908793920938639,1.2735724645187576,5.311015830682762,-50.56811289684926,-0.004897950215191628,3.212265476106061,-7.80085689665305e-07,0.08654329753830178,0.0003073370680656676,0.06679118162361959,26.17131295786956,12.6523905203859,27.113175436108353,0.4239189605729404,10.544953610146187,38.799461069351864,1553.6597945058484,46962.2658660974,22239.912748901803,157.33290927219804,1031006.7181615853,1273.4004615189597,29.53063101245536,0.02825221952514283,20241224154307,1505,XXX0046,0
3.926071244824492e-07,0.0005035794035806607,0.039051460403141613,0.058240599228592635,0.058240599229915944,1.2576017557145935,5.643226303663541,-111.8205088846108,0.005924644568121101,3.185056420895768,8.89445141440764e-08,0.05174807898435965,0.0007301660860719707,0.04004792350585116,25.662701484850214,12.893921198274633,33.31796908239966,0.37338832888618523,10.880787535535033,39.111473549851084,1564.3215447676212,43970.32583431898,21018.760217007646,93.39895671226492,689502.6024999741,621.695633851125,17.693135660185202,0.015052512727834505,20241224162534,1505,XXX0047,0
-1.5858141933969284e-06,1.644931710481981e-05,0.03510530082661071,0.05175969127493184,0.05175969129922494,1.2545046729802922,5.424055194299473,-134.15016054721116,0.026035173040972765,3.1200617099929366,2.1603238950438064e-07,0.04408115300031195,0.00011506867306180818,0.03538220669881862,25.442769654561555,12.947371409290222,33.31796908239966,0.43138730342485054,11.19276178237814,39.60785704155439,1918.94850526952,41456.178921490464,21221.986323524543,97.11022075356358,561651.1529799531,943.6834593644448,19.518244780842068,0.009774327453561547,20241224164004,1505,XXX0048,0
-1.714833725476413e-06,-0.0015734164936937849,0.06451048257617774,0.09795515639294784,0.09795515640795804,1.2670996260135192,4.4804009742734845,-53.45330243014246,0.16144428534558694,3.2448993400749297,-3.977841531307894e-06,0.08836648490684676,-0.002304208082916581,0.06836832742270742,25.79711323161801,12.665432031167969,27.258544887250036,0.39144655103282316,10.716009124245591,39.13629272443625,1788.542370325244,58207.2124304106,26541.206021691534,110.17430782186183,1474306.890315008,560.6414337623661,19.342738685806122,0.023531358188144592,20241224165051,1505,XXX0049,0
3.658312323058645e-06,0.00035720019893972565,0.03167211337462985,0.04703544150930231,0.047035441651570024,1.262520587627163,12.254751300181802,-78.31851449376862,0.15041901848590866,5.214104294598251,-3.7343861118956445e-06,0.04197749246167799,0.0004952456015745503,0.03233618890861578,25.740232867414765,12.945240948284718,33.31796908239966,0.5061376394871608,11.123197442847685,39.43412281945823,1651.1373417477207,32782.75465165952,16583.288811526225,124.10679694968606,509596.1504655896,1300.157540925816,26.412566969730353,0.01288499358066348,20241224170020,1505,XXX0050,0
