2025-01-08 11:34:31,184 INFO:Dash is running on http://127.0.0.1:8050/

2025-01-08 11:42:30,246 INFO:Dash is running on http://127.0.0.1:8050/

2025-01-08 12:00:33,352 INFO:Dash is running on http://127.0.0.1:8050/

2025-01-08 12:59:25,792 INFO:Note: NumExpr detected 12 cores but "NUMEXPR_MAX_THREADS" not set, so enforcing safe limit of 8.
2025-01-08 12:59:25,793 INFO:NumExpr defaulting to 8 threads.
2025-01-08 12:59:26,493 INFO:Dash is running on http://127.0.0.1:8050/

2025-01-08 12:59:28,528 INFO:Note: NumExpr detected 12 cores but "NUMEXPR_MAX_THREADS" not set, so enforcing safe limit of 8.
2025-01-08 12:59:28,529 INFO:NumExpr defaulting to 8 threads.
2025-01-08 13:00:31,640 INFO:Note: NumExpr detected 12 cores but "NUMEXPR_MAX_THREADS" not set, so enforcing safe limit of 8.
2025-01-08 13:00:31,641 INFO:NumExpr defaulting to 8 threads.
2025-01-08 13:00:44,865 INFO:Note: NumExpr detected 12 cores but "NUMEXPR_MAX_THREADS" not set, so enforcing safe limit of 8.
2025-01-08 13:00:44,866 INFO:NumExpr defaulting to 8 threads.
2025-01-08 13:00:57,330 INFO:Note: NumExpr detected 12 cores but "NUMEXPR_MAX_THREADS" not set, so enforcing safe limit of 8.
2025-01-08 13:00:57,331 INFO:NumExpr defaulting to 8 threads.
2025-01-08 13:01:06,453 INFO:Note: NumExpr detected 12 cores but "NUMEXPR_MAX_THREADS" not set, so enforcing safe limit of 8.
2025-01-08 13:01:06,454 INFO:NumExpr defaulting to 8 threads.
2025-01-08 13:01:28,495 INFO:Note: NumExpr detected 12 cores but "NUMEXPR_MAX_THREADS" not set, so enforcing safe limit of 8.
2025-01-08 13:01:28,496 INFO:NumExpr defaulting to 8 threads.
2025-01-08 13:02:22,404 INFO:Note: NumExpr detected 12 cores but "NUMEXPR_MAX_THREADS" not set, so enforcing safe limit of 8.
2025-01-08 13:02:22,405 INFO:NumExpr defaulting to 8 threads.
2025-01-08 13:07:08,167 INFO:Note: NumExpr detected 12 cores but "NUMEXPR_MAX_THREADS" not set, so enforcing safe limit of 8.
2025-01-08 13:07:08,168 INFO:NumExpr defaulting to 8 threads.
2025-01-08 13:09:02,670 INFO:Note: NumExpr detected 12 cores but "NUMEXPR_MAX_THREADS" not set, so enforcing safe limit of 8.
2025-01-08 13:09:02,671 INFO:NumExpr defaulting to 8 threads.
2025-01-08 13:09:22,120 INFO:Note: NumExpr detected 12 cores but "NUMEXPR_MAX_THREADS" not set, so enforcing safe limit of 8.
2025-01-08 13:09:22,121 INFO:NumExpr defaulting to 8 threads.
2025-01-08 13:09:51,713 INFO:Note: NumExpr detected 12 cores but "NUMEXPR_MAX_THREADS" not set, so enforcing safe limit of 8.
2025-01-08 13:09:51,714 INFO:NumExpr defaulting to 8 threads.
2025-01-08 13:09:59,867 INFO:Note: NumExpr detected 12 cores but "NUMEXPR_MAX_THREADS" not set, so enforcing safe limit of 8.
2025-01-08 13:09:59,868 INFO:NumExpr defaulting to 8 threads.
2025-01-08 13:10:51,663 INFO:Note: NumExpr detected 12 cores but "NUMEXPR_MAX_THREADS" not set, so enforcing safe limit of 8.
2025-01-08 13:10:51,664 INFO:NumExpr defaulting to 8 threads.
2025-01-08 13:12:32,372 INFO:Note: NumExpr detected 12 cores but "NUMEXPR_MAX_THREADS" not set, so enforcing safe limit of 8.
2025-01-08 13:12:32,372 INFO:NumExpr defaulting to 8 threads.
2025-01-08 13:13:24,817 INFO:Note: NumExpr detected 12 cores but "NUMEXPR_MAX_THREADS" not set, so enforcing safe limit of 8.
2025-01-08 13:13:24,821 INFO:NumExpr defaulting to 8 threads.
2025-01-08 13:14:21,404 INFO:Note: NumExpr detected 12 cores but "NUMEXPR_MAX_THREADS" not set, so enforcing safe limit of 8.
2025-01-08 13:14:21,404 INFO:NumExpr defaulting to 8 threads.
2025-01-08 13:14:38,773 INFO:Note: NumExpr detected 12 cores but "NUMEXPR_MAX_THREADS" not set, so enforcing safe limit of 8.
2025-01-08 13:14:38,773 INFO:NumExpr defaulting to 8 threads.
2025-01-08 13:14:55,894 INFO:Note: NumExpr detected 12 cores but "NUMEXPR_MAX_THREADS" not set, so enforcing safe limit of 8.
2025-01-08 13:14:55,895 INFO:NumExpr defaulting to 8 threads.
2025-01-08 13:17:18,733 INFO:Note: NumExpr detected 12 cores but "NUMEXPR_MAX_THREADS" not set, so enforcing safe limit of 8.
2025-01-08 13:17:18,734 INFO:NumExpr defaulting to 8 threads.
2025-01-08 13:18:25,580 INFO:Note: NumExpr detected 12 cores but "NUMEXPR_MAX_THREADS" not set, so enforcing safe limit of 8.
2025-01-08 13:18:25,581 INFO:NumExpr defaulting to 8 threads.
2025-01-08 13:19:46,996 INFO:Note: NumExpr detected 12 cores but "NUMEXPR_MAX_THREADS" not set, so enforcing safe limit of 8.
2025-01-08 13:19:46,997 INFO:NumExpr defaulting to 8 threads.
2025-01-08 13:20:07,446 INFO:Note: NumExpr detected 12 cores but "NUMEXPR_MAX_THREADS" not set, so enforcing safe limit of 8.
2025-01-08 13:20:07,447 INFO:NumExpr defaulting to 8 threads.
2025-01-08 13:21:42,906 INFO:Note: NumExpr detected 12 cores but "NUMEXPR_MAX_THREADS" not set, so enforcing safe limit of 8.
2025-01-08 13:21:42,906 INFO:NumExpr defaulting to 8 threads.
2025-01-08 13:24:15,762 INFO:Note: NumExpr detected 12 cores but "NUMEXPR_MAX_THREADS" not set, so enforcing safe limit of 8.
2025-01-08 13:24:15,763 INFO:NumExpr defaulting to 8 threads.
2025-01-08 13:24:44,531 INFO:Note: NumExpr detected 12 cores but "NUMEXPR_MAX_THREADS" not set, so enforcing safe limit of 8.
2025-01-08 13:24:44,532 INFO:NumExpr defaulting to 8 threads.
2025-01-08 13:25:12,434 INFO:Note: NumExpr detected 12 cores but "NUMEXPR_MAX_THREADS" not set, so enforcing safe limit of 8.
2025-01-08 13:25:12,435 INFO:NumExpr defaulting to 8 threads.
2025-01-08 13:25:33,231 DEBUG:open file: W:/20241224153355_1505_XXX0045_20rpm.csv
2025-01-08 13:25:33,383 INFO:No anomalies detected in torque measurements.
2025-01-08 13:25:33,387 DEBUG:open file: W:/20241224153355_1505_XXX0045_20rpm.csv
2025-01-08 13:25:33,824 ERROR:Error processing file: too many values to unpack (expected 3)
2025-01-08 13:25:57,691 DEBUG:open file: W:/20241224133021_1505_XXX0035_20rpm.csv
2025-01-08 13:25:57,825 INFO:Anomaly Detected: 89 torque measurements out of range [2.0, 8.0].
2025-01-08 13:28:53,469 INFO:Note: NumExpr detected 12 cores but "NUMEXPR_MAX_THREADS" not set, so enforcing safe limit of 8.
2025-01-08 13:28:53,470 INFO:NumExpr defaulting to 8 threads.
2025-01-08 13:31:02,626 DEBUG:open file: W:/20241224134037_1505_XXX0036_20rpm.csv
2025-01-08 13:31:02,759 INFO:Anomaly Detected: 501 torque measurements out of range [2.0, 8.0].
2025-01-08 13:31:28,108 INFO:Note: NumExpr detected 12 cores but "NUMEXPR_MAX_THREADS" not set, so enforcing safe limit of 8.
2025-01-08 13:31:28,109 INFO:NumExpr defaulting to 8 threads.
2025-01-08 13:32:42,882 DEBUG:open file: W:/20241224133021_1505_XXX0035_20rpm.csv
2025-01-08 13:32:43,021 INFO:Anomaly Detected: 89 torque measurements out of range [2.0, 8.0].
2025-01-08 13:35:38,036 INFO:Note: NumExpr detected 12 cores but "NUMEXPR_MAX_THREADS" not set, so enforcing safe limit of 8.
2025-01-08 13:35:38,036 INFO:NumExpr defaulting to 8 threads.
2025-01-08 13:36:00,210 INFO:Note: NumExpr detected 12 cores but "NUMEXPR_MAX_THREADS" not set, so enforcing safe limit of 8.
2025-01-08 13:36:00,210 INFO:NumExpr defaulting to 8 threads.
2025-01-08 13:36:13,833 DEBUG:open file: W:/20241224152243_1505_XXX0044_20rpm.csv
2025-01-08 13:36:17,777 INFO:Anomaly Detected: 3667 torque measurements out of range [2.0, 8.0].
2025-01-08 13:37:05,601 DEBUG:open file: W:/20241224152243_1505_XXX0044_20rpm.csv
2025-01-08 13:37:05,734 INFO:Anomaly Detected: 24537 torque measurements out of range [0.0, 2.0].
2025-01-08 13:37:14,095 DEBUG:open file: W:/20241224154307_1505_XXX0046_20rpm.csv
2025-01-08 13:37:14,233 INFO:Anomaly Detected: 27496 torque measurements out of range [0.0, 2.0].
2025-01-08 13:37:16,122 DEBUG:open file: W:/20241224154307_1505_XXX0046_20rpm.csv
2025-01-08 13:37:16,150 INFO:Anomaly Detected: 708 torque measurements out of range [2.0, 8.0].
2025-01-08 13:39:49,600 INFO:Note: NumExpr detected 12 cores but "NUMEXPR_MAX_THREADS" not set, so enforcing safe limit of 8.
2025-01-08 13:39:49,601 INFO:NumExpr defaulting to 8 threads.
2025-01-08 13:40:07,790 DEBUG:open file: W:/20241224152243_1505_XXX0044_20rpm.csv
2025-01-08 13:40:07,927 INFO:Anomaly Detected: 3667 torque measurements out of range [2.0, 8.0].
2025-01-08 13:40:34,921 INFO:Note: NumExpr detected 12 cores but "NUMEXPR_MAX_THREADS" not set, so enforcing safe limit of 8.
2025-01-08 13:40:34,921 INFO:NumExpr defaulting to 8 threads.
2025-01-08 13:41:00,129 DEBUG:open file: W:/20241224135320_1505_XXX0037_20rpm.csv
2025-01-08 13:41:00,264 INFO:No anomalies detected in torque measurements.
2025-01-08 13:41:00,267 DEBUG:open file: W:/20241224135320_1505_XXX0037_20rpm.csv
2025-01-08 13:41:00,575 ERROR:Error processing file: too many values to unpack (expected 3)
2025-01-08 13:47:29,916 INFO:Note: NumExpr detected 12 cores but "NUMEXPR_MAX_THREADS" not set, so enforcing safe limit of 8.
2025-01-08 13:47:29,916 INFO:NumExpr defaulting to 8 threads.
2025-01-08 13:47:31,291 INFO:Dash is running on http://127.0.0.1:8050/

2025-01-08 13:47:33,380 INFO:Note: NumExpr detected 12 cores but "NUMEXPR_MAX_THREADS" not set, so enforcing safe limit of 8.
2025-01-08 13:47:33,381 INFO:NumExpr defaulting to 8 threads.
2025-01-08 13:47:49,981 DEBUG:open file: W:/20241224153355_1505_XXX0045_20rpm.csv
2025-01-08 13:47:50,117 INFO:No anomalies detected in torque measurements.
2025-01-08 13:47:50,120 DEBUG:open file: W:/20241224153355_1505_XXX0045_20rpm.csv
2025-01-08 13:47:50,380 ERROR:Error storing measurement and features: (sqlite3.IntegrityError) UNIQUE constraint failed: measurements.file_path
[SQL: INSERT INTO measurements (file_path, operator_id, ball_size_id, timestamp, status) VALUES (?, ?, ?, ?, ?)]
[parameters: ('W://20241224153355_1505_XXX0045_20rpm.csv', '奥山', '2', '2025-01-08 13:47:50.375816', 'Processed')]
(Background on this error at: https://sqlalche.me/e/20/gkpj)
2025-01-08 13:47:50,381 ERROR:Error processing file: too many values to unpack (expected 3)
2025-01-08 13:48:24,029 DEBUG:open file: W:/20241224154307_1505_XXX0046_20rpm.csv
2025-01-08 13:48:24,166 INFO:Anomaly Detected: 708 torque measurements out of range [2.0, 8.0].
2025-01-08 13:48:56,601 INFO:Note: NumExpr detected 12 cores but "NUMEXPR_MAX_THREADS" not set, so enforcing safe limit of 8.
2025-01-08 13:48:56,602 INFO:NumExpr defaulting to 8 threads.
2025-01-08 13:52:25,285 INFO:Note: NumExpr detected 12 cores but "NUMEXPR_MAX_THREADS" not set, so enforcing safe limit of 8.
2025-01-08 13:52:25,286 INFO:NumExpr defaulting to 8 threads.
2025-01-08 13:52:40,170 DEBUG:open file: W:/20241224154307_1505_XXX0046_20rpm.csv
2025-01-08 13:52:40,307 DEBUG:open file: W:/20241224154307_1505_XXX0046_20rpm.csv
2025-01-08 13:52:40,592 ERROR:Error processing file: too many values to unpack (expected 3)
2025-01-08 13:56:13,590 INFO:Note: NumExpr detected 12 cores but "NUMEXPR_MAX_THREADS" not set, so enforcing safe limit of 8.
2025-01-08 13:56:13,591 INFO:NumExpr defaulting to 8 threads.
2025-01-08 13:58:05,189 INFO:Note: NumExpr detected 12 cores but "NUMEXPR_MAX_THREADS" not set, so enforcing safe limit of 8.
2025-01-08 13:58:05,189 INFO:NumExpr defaulting to 8 threads.
2025-01-08 13:58:19,276 DEBUG:open file: W:/20241224134037_1505_XXX0036_20rpm.csv
2025-01-08 13:58:19,415 DEBUG:open file: W:/20241224134037_1505_XXX0036_20rpm.csv
2025-01-08 13:58:19,737 ERROR:Error processing file: too many values to unpack (expected 3)
2025-01-08 14:00:34,171 INFO:Note: NumExpr detected 12 cores but "NUMEXPR_MAX_THREADS" not set, so enforcing safe limit of 8.
2025-01-08 14:00:34,171 INFO:NumExpr defaulting to 8 threads.
2025-01-08 14:00:49,583 DEBUG:open file: W:/20241224154307_1505_XXX0046_20rpm.csv
2025-01-08 14:00:49,719 DEBUG:open file: W:/20241224154307_1505_XXX0046_20rpm.csv
2025-01-08 14:00:49,987 ERROR:Error storing measurement and features: (sqlite3.IntegrityError) UNIQUE constraint failed: measurements.file_path
[SQL: INSERT INTO measurements (file_path, operator_id, ball_size_id, timestamp, status) VALUES (?, ?, ?, ?, ?)]
[parameters: ('W://20241224154307_1505_XXX0046_20rpm.csv', '奥山', '2', '2025-01-08 14:00:49.985832', 'Processed')]
(Background on this error at: https://sqlalche.me/e/20/gkpj)
2025-01-08 14:00:49,989 ERROR:Error in model prediction: [Errno 2] No such file or directory: 'best_model.pkl'
2025-01-08 14:55:06,786 INFO:Switching to file selection tab
2025-01-09 08:39:25,614 DEBUG:open file: W:/20241224154307_1505_XXX0046_20rpm.csv
2025-01-09 08:39:25,826 DEBUG:open file: W:/20241224154307_1505_XXX0046_20rpm.csv
2025-01-09 08:39:26,093 ERROR:Error storing measurement and features: (sqlite3.IntegrityError) UNIQUE constraint failed: measurements.file_path
[SQL: INSERT INTO measurements (file_path, operator_id, ball_size_id, timestamp, status) VALUES (?, ?, ?, ?, ?)]
[parameters: ('W://20241224154307_1505_XXX0046_20rpm.csv', '奥山', '2', '2025-01-09 08:39:26.060938', 'Processed')]
(Background on this error at: https://sqlalche.me/e/20/gkpj)
2025-01-09 08:39:26,094 ERROR:Error in model prediction: [Errno 2] No such file or directory: 'best_model.pkl'
2025-01-09 08:39:27,225 DEBUG:open file: W:/20241224154307_1505_XXX0046_20rpm.csv
2025-01-09 08:39:27,250 DEBUG:open file: W:/20241224154307_1505_XXX0046_20rpm.csv
2025-01-09 08:39:27,434 ERROR:Error storing measurement and features: (sqlite3.IntegrityError) UNIQUE constraint failed: measurements.file_path
[SQL: INSERT INTO measurements (file_path, operator_id, ball_size_id, timestamp, status) VALUES (?, ?, ?, ?, ?)]
[parameters: ('W://20241224154307_1505_XXX0046_20rpm.csv', '奥山', '2', '2025-01-09 08:39:27.433506', 'Processed')]
(Background on this error at: https://sqlalche.me/e/20/gkpj)
2025-01-09 08:39:27,435 ERROR:Error in model prediction: [Errno 2] No such file or directory: 'best_model.pkl'
2025-01-09 08:39:35,087 DEBUG:open file: W:/20241224154307_1505_XXX0046_20rpm.csv
2025-01-09 08:39:35,116 DEBUG:open file: W:/20241224154307_1505_XXX0046_20rpm.csv
2025-01-09 08:39:35,325 ERROR:Error storing measurement and features: (sqlite3.IntegrityError) UNIQUE constraint failed: measurements.file_path
[SQL: INSERT INTO measurements (file_path, operator_id, ball_size_id, timestamp, status) VALUES (?, ?, ?, ?, ?)]
[parameters: ('W://20241224154307_1505_XXX0046_20rpm.csv', '奥山', '2', '2025-01-09 08:39:35.324654', 'Processed')]
(Background on this error at: https://sqlalche.me/e/20/gkpj)
2025-01-09 08:39:35,327 ERROR:Error in model prediction: [Errno 2] No such file or directory: 'best_model.pkl'
2025-01-09 08:39:38,803 DEBUG:open file: W:/20241224154307_1505_XXX0046_20rpm.csv
2025-01-09 08:39:38,833 DEBUG:open file: W:/20241224154307_1505_XXX0046_20rpm.csv
2025-01-09 08:39:39,007 ERROR:Error storing measurement and features: (sqlite3.IntegrityError) UNIQUE constraint failed: measurements.file_path
[SQL: INSERT INTO measurements (file_path, operator_id, ball_size_id, timestamp, status) VALUES (?, ?, ?, ?, ?)]
[parameters: ('W://20241224154307_1505_XXX0046_20rpm.csv', '奥山', '2', '2025-01-09 08:39:39.006905', 'Processed')]
(Background on this error at: https://sqlalche.me/e/20/gkpj)
2025-01-09 08:39:39,009 ERROR:Error in model prediction: [Errno 2] No such file or directory: 'best_model.pkl'
2025-01-09 08:40:32,063 INFO:Note: NumExpr detected 12 cores but "NUMEXPR_MAX_THREADS" not set, so enforcing safe limit of 8.
2025-01-09 08:40:32,063 INFO:NumExpr defaulting to 8 threads.
2025-01-09 08:40:49,304 INFO:Note: NumExpr detected 12 cores but "NUMEXPR_MAX_THREADS" not set, so enforcing safe limit of 8.
2025-01-09 08:40:49,305 INFO:NumExpr defaulting to 8 threads.
2025-01-09 08:41:07,915 INFO:Note: NumExpr detected 12 cores but "NUMEXPR_MAX_THREADS" not set, so enforcing safe limit of 8.
2025-01-09 08:41:07,915 INFO:NumExpr defaulting to 8 threads.
2025-01-09 08:41:16,517 INFO:Note: NumExpr detected 12 cores but "NUMEXPR_MAX_THREADS" not set, so enforcing safe limit of 8.
2025-01-09 08:41:16,518 INFO:NumExpr defaulting to 8 threads.
2025-01-09 08:41:33,379 DEBUG:open file: W:/20241224153355_1505_XXX0045_20rpm.csv
2025-01-09 08:41:33,592 DEBUG:open file: W:/20241224153355_1505_XXX0045_20rpm.csv
2025-01-09 08:41:34,038 ERROR:Error storing measurement and features: (sqlite3.IntegrityError) UNIQUE constraint failed: measurements.file_path
[SQL: INSERT INTO measurements (file_path, operator_id, ball_size_id, timestamp, status) VALUES (?, ?, ?, ?, ?)]
[parameters: ('W://20241224153355_1505_XXX0045_20rpm.csv', '奥山', '2', '2025-01-09 08:41:34.034714', 'Processed')]
(Background on this error at: https://sqlalche.me/e/20/gkpj)
2025-01-09 08:41:34,041 ERROR:Error in model prediction: [Errno 2] No such file or directory: 'best_model.pkl'
2025-01-09 08:41:35,909 INFO:Switching to labeling tab
2025-01-09 08:41:45,434 INFO:Note: NumExpr detected 12 cores but "NUMEXPR_MAX_THREADS" not set, so enforcing safe limit of 8.
2025-01-09 08:41:45,434 INFO:NumExpr defaulting to 8 threads.
2025-01-09 08:42:08,465 INFO:Note: NumExpr detected 12 cores but "NUMEXPR_MAX_THREADS" not set, so enforcing safe limit of 8.
2025-01-09 08:42:08,465 INFO:NumExpr defaulting to 8 threads.
2025-01-09 08:42:14,697 INFO:Note: NumExpr detected 12 cores but "NUMEXPR_MAX_THREADS" not set, so enforcing safe limit of 8.
2025-01-09 08:42:14,697 INFO:NumExpr defaulting to 8 threads.
2025-01-09 08:42:40,392 DEBUG:open file: W:/20241224153355_1505_XXX0045_20rpm.csv
2025-01-09 08:42:40,649 DEBUG:open file: W:/20241224153355_1505_XXX0045_20rpm.csv
2025-01-09 08:42:40,981 ERROR:Error storing measurement and features: (sqlite3.IntegrityError) UNIQUE constraint failed: measurements.file_path
[SQL: INSERT INTO measurements (file_path, operator_id, ball_size_id, timestamp, status) VALUES (?, ?, ?, ?, ?)]
[parameters: ('W://20241224153355_1505_XXX0045_20rpm.csv', '奥山', '2', '2025-01-09 08:42:40.975706', 'Processed')]
(Background on this error at: https://sqlalche.me/e/20/gkpj)
2025-01-09 08:42:40,982 ERROR:Error in model prediction: [Errno 2] No such file or directory: 'best_model.pkl'
2025-01-09 08:42:49,824 INFO:Note: NumExpr detected 12 cores but "NUMEXPR_MAX_THREADS" not set, so enforcing safe limit of 8.
2025-01-09 08:42:49,825 INFO:NumExpr defaulting to 8 threads.
2025-01-09 08:42:51,263 INFO:Switching to labeling tab
2025-01-09 08:43:09,825 DEBUG:open file: W:/20241224152243_1505_XXX0044_20rpm.csv
2025-01-09 08:43:09,931 DEBUG:open file: W:/20241224152243_1505_XXX0044_20rpm.csv
2025-01-09 08:43:10,268 ERROR:Error in model prediction: [Errno 2] No such file or directory: 'best_model.pkl'
2025-01-09 08:43:14,045 INFO:Switching to labeling tab
2025-01-09 08:44:12,592 INFO:Note: NumExpr detected 12 cores but "NUMEXPR_MAX_THREADS" not set, so enforcing safe limit of 8.
2025-01-09 08:44:12,593 INFO:NumExpr defaulting to 8 threads.
2025-01-09 08:44:41,051 INFO:Note: NumExpr detected 12 cores but "NUMEXPR_MAX_THREADS" not set, so enforcing safe limit of 8.
2025-01-09 08:44:41,052 INFO:NumExpr defaulting to 8 threads.
2025-01-09 08:44:56,332 INFO:Note: NumExpr detected 12 cores but "NUMEXPR_MAX_THREADS" not set, so enforcing safe limit of 8.
2025-01-09 08:44:56,332 INFO:NumExpr defaulting to 8 threads.
2025-01-09 08:45:17,592 INFO:Note: NumExpr detected 12 cores but "NUMEXPR_MAX_THREADS" not set, so enforcing safe limit of 8.
2025-01-09 08:45:17,593 INFO:NumExpr defaulting to 8 threads.
2025-01-09 08:45:32,085 INFO:Note: NumExpr detected 12 cores but "NUMEXPR_MAX_THREADS" not set, so enforcing safe limit of 8.
2025-01-09 08:45:32,086 INFO:NumExpr defaulting to 8 threads.
2025-01-09 08:46:08,848 DEBUG:open file: W:/20241224134037_1505_XXX0036_20rpm.csv
2025-01-09 08:46:08,974 DEBUG:open file: W:/20241224134037_1505_XXX0036_20rpm.csv
2025-01-09 08:46:09,213 ERROR:Error storing measurement and features: (sqlite3.IntegrityError) UNIQUE constraint failed: measurements.file_path
[SQL: INSERT INTO measurements (file_path, operator_id, ball_size_id, timestamp, status) VALUES (?, ?, ?, ?, ?)]
[parameters: ('W://20241224134037_1505_XXX0036_20rpm.csv', '奥山', '2', '2025-01-09 08:46:09.211496', 'Processed')]
(Background on this error at: https://sqlalche.me/e/20/gkpj)
2025-01-09 08:46:09,215 ERROR:Error in model prediction: [Errno 2] No such file or directory: 'best_model.pkl'
2025-01-09 08:46:12,269 INFO:Switching to labeling tab
2025-01-09 08:46:42,639 INFO:Note: NumExpr detected 12 cores but "NUMEXPR_MAX_THREADS" not set, so enforcing safe limit of 8.
2025-01-09 08:46:42,640 INFO:NumExpr defaulting to 8 threads.
2025-01-09 08:46:49,089 INFO:Note: NumExpr detected 12 cores but "NUMEXPR_MAX_THREADS" not set, so enforcing safe limit of 8.
2025-01-09 08:46:49,090 INFO:NumExpr defaulting to 8 threads.
2025-01-09 08:47:00,554 INFO:Note: NumExpr detected 12 cores but "NUMEXPR_MAX_THREADS" not set, so enforcing safe limit of 8.
2025-01-09 08:47:00,555 INFO:NumExpr defaulting to 8 threads.
2025-01-09 08:48:30,117 INFO:Note: NumExpr detected 12 cores but "NUMEXPR_MAX_THREADS" not set, so enforcing safe limit of 8.
2025-01-09 08:48:30,117 INFO:NumExpr defaulting to 8 threads.
2025-01-09 08:51:45,193 INFO:Note: NumExpr detected 12 cores but "NUMEXPR_MAX_THREADS" not set, so enforcing safe limit of 8.
2025-01-09 08:51:45,194 INFO:NumExpr defaulting to 8 threads.
2025-01-09 08:52:02,996 DEBUG:open file: W:/20241224151112_1505_XXX0043_20rpm.csv
2025-01-09 08:52:03,134 DEBUG:open file: W:/20241224151112_1505_XXX0043_20rpm.csv
2025-01-09 08:52:03,524 ERROR:Error in model prediction: [Errno 2] No such file or directory: 'best_model.pkl'
2025-01-09 08:52:05,713 INFO:Switching to labeling tab
2025-01-09 08:53:03,109 INFO:Switching to labeling tab
2025-01-09 08:54:26,387 INFO:Note: NumExpr detected 12 cores but "NUMEXPR_MAX_THREADS" not set, so enforcing safe limit of 8.
2025-01-09 08:54:26,388 INFO:NumExpr defaulting to 8 threads.
2025-01-09 08:54:42,275 DEBUG:open file: W:/20241224135320_1505_XXX0037_20rpm.csv
2025-01-09 08:54:42,411 DEBUG:open file: W:/20241224135320_1505_XXX0037_20rpm.csv
2025-01-09 08:54:42,679 ERROR:Error storing measurement and features: (sqlite3.IntegrityError) UNIQUE constraint failed: measurements.file_path
[SQL: INSERT INTO measurements (file_path, operator_id, ball_size_id, timestamp, status) VALUES (?, ?, ?, ?, ?)]
[parameters: ('W://20241224135320_1505_XXX0037_20rpm.csv', '奥山', '2', '2025-01-09 08:54:42.674901', 'Processed')]
(Background on this error at: https://sqlalche.me/e/20/gkpj)
2025-01-09 08:54:42,680 ERROR:Error in model prediction: [Errno 2] No such file or directory: 'best_model.pkl'
2025-01-09 08:54:44,712 INFO:Switching to labeling tab
2025-01-09 09:03:11,960 INFO:Note: NumExpr detected 12 cores but "NUMEXPR_MAX_THREADS" not set, so enforcing safe limit of 8.
2025-01-09 09:03:11,961 INFO:NumExpr defaulting to 8 threads.
2025-01-09 09:03:25,607 DEBUG:open file: W:/20241224140328_1505_XXX0038_20rpm.csv
2025-01-09 09:03:25,781 DEBUG:open file: W:/20241224140328_1505_XXX0038_20rpm.csv
2025-01-09 09:03:26,100 ERROR:Error in model prediction: [Errno 2] No such file or directory: 'best_model.pkl'
2025-01-09 09:03:29,464 INFO:Switching to labeling tab
2025-01-09 09:06:07,456 INFO:Note: NumExpr detected 12 cores but "NUMEXPR_MAX_THREADS" not set, so enforcing safe limit of 8.
2025-01-09 09:06:07,457 INFO:NumExpr defaulting to 8 threads.
2025-01-09 09:06:39,528 DEBUG:open file: W:/20241224144050_1505_XXX0040_20rpm NG.csv
2025-01-09 09:06:39,684 DEBUG:open file: W:/20241224144050_1505_XXX0040_20rpm NG.csv
2025-01-09 09:06:39,917 ERROR:Error in model prediction: [Errno 2] No such file or directory: 'best_model.pkl'
2025-01-09 09:06:42,370 INFO:Switching to labeling tab
2025-01-09 09:29:03,285 INFO:Switching to labeling tab
2025-01-09 09:30:22,442 INFO:Note: NumExpr detected 12 cores but "NUMEXPR_MAX_THREADS" not set, so enforcing safe limit of 8.
2025-01-09 09:30:22,442 INFO:NumExpr defaulting to 8 threads.
2025-01-09 09:30:41,871 DEBUG:open file: W:/20241224153355_1505_XXX0045_20rpm.csv
2025-01-09 09:30:41,993 DEBUG:open file: W:/20241224153355_1505_XXX0045_20rpm.csv
2025-01-09 09:30:42,309 ERROR:Error storing measurement and features: (sqlite3.IntegrityError) UNIQUE constraint failed: measurements.file_path
[SQL: INSERT INTO measurements (file_path, operator_id, ball_size_id, timestamp, status) VALUES (?, ?, ?, ?, ?)]
[parameters: ('W://20241224153355_1505_XXX0045_20rpm.csv', '奥山', '2', '2025-01-09 09:30:42.305479', 'Processed')]
(Background on this error at: https://sqlalche.me/e/20/gkpj)
2025-01-09 09:30:42,311 ERROR:Error in model prediction: [Errno 2] No such file or directory: 'best_model.pkl'
2025-01-09 09:30:43,910 INFO:Switching to labeling tab
2025-01-09 09:32:14,411 INFO:Note: NumExpr detected 12 cores but "NUMEXPR_MAX_THREADS" not set, so enforcing safe limit of 8.
2025-01-09 09:32:14,412 INFO:NumExpr defaulting to 8 threads.
2025-01-09 09:33:35,178 INFO:Note: NumExpr detected 12 cores but "NUMEXPR_MAX_THREADS" not set, so enforcing safe limit of 8.
2025-01-09 09:33:35,179 INFO:NumExpr defaulting to 8 threads.
2025-01-09 09:33:50,597 DEBUG:open file: W:/20241224151112_1505_XXX0043_20rpm.csv
2025-01-09 09:33:50,731 DEBUG:open file: W:/20241224151112_1505_XXX0043_20rpm.csv
2025-01-09 09:33:50,975 ERROR:Error storing measurement and features: (sqlite3.IntegrityError) UNIQUE constraint failed: measurements.file_path
[SQL: INSERT INTO measurements (file_path, operator_id, ball_size_id, timestamp, status) VALUES (?, ?, ?, ?, ?)]
[parameters: ('W://20241224151112_1505_XXX0043_20rpm.csv', '奥山', '2', '2025-01-09 09:33:50.972883', 'Processed')]
(Background on this error at: https://sqlalche.me/e/20/gkpj)
2025-01-09 09:33:50,976 ERROR:Error in model prediction: [Errno 2] No such file or directory: 'best_model.pkl'
2025-01-09 09:33:52,846 INFO:Switching to labeling tab
2025-01-09 09:35:41,647 INFO:Note: NumExpr detected 12 cores but "NUMEXPR_MAX_THREADS" not set, so enforcing safe limit of 8.
2025-01-09 09:35:41,647 INFO:NumExpr defaulting to 8 threads.
2025-01-09 09:36:52,887 INFO:Note: NumExpr detected 12 cores but "NUMEXPR_MAX_THREADS" not set, so enforcing safe limit of 8.
2025-01-09 09:36:52,888 INFO:NumExpr defaulting to 8 threads.
2025-01-09 09:37:11,642 INFO:Note: NumExpr detected 12 cores but "NUMEXPR_MAX_THREADS" not set, so enforcing safe limit of 8.
2025-01-09 09:37:11,643 INFO:NumExpr defaulting to 8 threads.
2025-01-09 09:37:26,501 DEBUG:open file: W:/20241224162534_1505_XXX0047_20rpm.csv
2025-01-09 09:37:26,630 DEBUG:open file: W:/20241224162534_1505_XXX0047_20rpm.csv
2025-01-09 09:37:26,973 ERROR:Error in model prediction: [Errno 2] No such file or directory: 'best_model.pkl'
2025-01-09 09:37:29,982 INFO:Switching to labeling tab
2025-01-09 09:44:48,334 INFO:Note: NumExpr detected 12 cores but "NUMEXPR_MAX_THREADS" not set, so enforcing safe limit of 8.
2025-01-09 09:44:48,335 INFO:NumExpr defaulting to 8 threads.
2025-01-09 09:45:38,907 INFO:Note: NumExpr detected 12 cores but "NUMEXPR_MAX_THREADS" not set, so enforcing safe limit of 8.
2025-01-09 09:45:38,908 INFO:NumExpr defaulting to 8 threads.
2025-01-09 09:45:49,636 INFO:Note: NumExpr detected 12 cores but "NUMEXPR_MAX_THREADS" not set, so enforcing safe limit of 8.
2025-01-09 09:45:49,637 INFO:NumExpr defaulting to 8 threads.
2025-01-09 09:46:04,726 DEBUG:open file: W:/20241224152243_1505_XXX0044_20rpm.csv
2025-01-09 09:46:04,844 DEBUG:open file: W:/20241224152243_1505_XXX0044_20rpm.csv
2025-01-09 09:46:05,191 ERROR:Error storing measurement and features: (sqlite3.IntegrityError) UNIQUE constraint failed: measurements.file_path
[SQL: INSERT INTO measurements (file_path, operator_id, ball_size_id, timestamp, status) VALUES (?, ?, ?, ?, ?)]
[parameters: ('W://20241224152243_1505_XXX0044_20rpm.csv', '奥山', '2', '2025-01-09 09:46:05.187219', 'Processed')]
(Background on this error at: https://sqlalche.me/e/20/gkpj)
2025-01-09 09:46:05,193 ERROR:Error in model prediction: [Errno 2] No such file or directory: 'best_model.pkl'
2025-01-09 09:46:07,396 INFO:Switching to labeling tab
2025-01-09 09:47:15,374 INFO:Note: NumExpr detected 12 cores but "NUMEXPR_MAX_THREADS" not set, so enforcing safe limit of 8.
2025-01-09 09:47:15,376 INFO:NumExpr defaulting to 8 threads.
2025-01-09 09:47:21,924 INFO:Note: NumExpr detected 12 cores but "NUMEXPR_MAX_THREADS" not set, so enforcing safe limit of 8.
2025-01-09 09:47:21,924 INFO:NumExpr defaulting to 8 threads.
2025-01-09 09:47:36,468 INFO:Note: NumExpr detected 12 cores but "NUMEXPR_MAX_THREADS" not set, so enforcing safe limit of 8.
2025-01-09 09:47:36,471 INFO:NumExpr defaulting to 8 threads.
2025-01-09 09:48:11,915 INFO:Note: NumExpr detected 12 cores but "NUMEXPR_MAX_THREADS" not set, so enforcing safe limit of 8.
2025-01-09 09:48:11,917 INFO:NumExpr defaulting to 8 threads.
2025-01-09 09:48:59,162 INFO:Note: NumExpr detected 12 cores but "NUMEXPR_MAX_THREADS" not set, so enforcing safe limit of 8.
2025-01-09 09:48:59,163 INFO:NumExpr defaulting to 8 threads.
2025-01-09 09:51:09,518 INFO:Note: NumExpr detected 12 cores but "NUMEXPR_MAX_THREADS" not set, so enforcing safe limit of 8.
2025-01-09 09:51:09,520 INFO:NumExpr defaulting to 8 threads.
2025-01-09 09:51:32,750 INFO:Note: NumExpr detected 12 cores but "NUMEXPR_MAX_THREADS" not set, so enforcing safe limit of 8.
2025-01-09 09:51:32,751 INFO:NumExpr defaulting to 8 threads.
2025-01-09 09:52:34,022 INFO:Note: NumExpr detected 12 cores but "NUMEXPR_MAX_THREADS" not set, so enforcing safe limit of 8.
2025-01-09 09:52:34,023 INFO:NumExpr defaulting to 8 threads.
2025-01-09 09:53:30,356 DEBUG:open file: W:/20241224153355_1505_XXX0045_20rpm.csv
2025-01-09 09:53:30,489 DEBUG:open file: W:/20241224153355_1505_XXX0045_20rpm.csv
2025-01-09 09:53:30,999 ERROR:Error storing measurement and features: (sqlite3.IntegrityError) UNIQUE constraint failed: measurements.file_path
[SQL: INSERT INTO measurements (file_path, operator_id, ball_size_id, timestamp, status) VALUES (?, ?, ?, ?, ?)]
[parameters: ('W://20241224153355_1505_XXX0045_20rpm.csv', '奥山', '2', '2025-01-09 09:53:30.994545', 'Processed')]
(Background on this error at: https://sqlalche.me/e/20/gkpj)
2025-01-09 09:53:31,000 ERROR:Error in model prediction: [Errno 2] No such file or directory: 'best_model.pkl'
2025-01-09 09:53:33,540 INFO:Switching to labeling tab
2025-01-09 10:07:19,465 INFO:Note: NumExpr detected 12 cores but "NUMEXPR_MAX_THREADS" not set, so enforcing safe limit of 8.
2025-01-09 10:07:19,466 INFO:NumExpr defaulting to 8 threads.
2025-01-09 10:10:36,108 INFO:Note: NumExpr detected 12 cores but "NUMEXPR_MAX_THREADS" not set, so enforcing safe limit of 8.
2025-01-09 10:10:36,109 INFO:NumExpr defaulting to 8 threads.
2025-01-09 10:11:01,412 DEBUG:open file: W:/20241224134037_1505_XXX0036_20rpm.csv
2025-01-09 10:11:01,553 DEBUG:open file: W:/20241224134037_1505_XXX0036_20rpm.csv
2025-01-09 10:11:01,925 ERROR:Error storing measurement and features: (sqlite3.IntegrityError) UNIQUE constraint failed: measurements.file_path
[SQL: INSERT INTO measurements (file_path, operator_id, ball_size_id, timestamp, status) VALUES (?, ?, ?, ?, ?)]
[parameters: ('W://20241224134037_1505_XXX0036_20rpm.csv', '奥山', '2', '2025-01-09 10:11:01.921573', 'Processed')]
(Background on this error at: https://sqlalche.me/e/20/gkpj)
2025-01-09 10:11:01,925 ERROR:Error in model prediction: [Errno 2] No such file or directory: 'best_model.pkl'
2025-01-09 10:11:04,290 INFO:Switching to labeling tab
2025-01-09 10:14:26,533 INFO:Note: NumExpr detected 12 cores but "NUMEXPR_MAX_THREADS" not set, so enforcing safe limit of 8.
2025-01-09 10:14:26,533 INFO:NumExpr defaulting to 8 threads.
2025-01-09 10:15:00,646 DEBUG:open file: W:/20241224134037_1505_XXX0036_20rpm.csv
2025-01-09 10:15:00,771 DEBUG:open file: W:/20241224134037_1505_XXX0036_20rpm.csv
2025-01-09 10:15:01,121 ERROR:Error storing measurement and features: (sqlite3.IntegrityError) UNIQUE constraint failed: measurements.file_path
[SQL: INSERT INTO measurements (file_path, operator_id, ball_size_id, timestamp, status) VALUES (?, ?, ?, ?, ?)]
[parameters: ('W://20241224134037_1505_XXX0036_20rpm.csv', '奥山', '2', '2025-01-09 10:15:01.118136', 'Processed')]
(Background on this error at: https://sqlalche.me/e/20/gkpj)
2025-01-09 10:15:01,122 ERROR:Error in model prediction: [Errno 2] No such file or directory: 'best_model.pkl'
2025-01-09 10:15:02,919 INFO:Switching to labeling tab
2025-01-09 10:20:23,381 INFO:Note: NumExpr detected 12 cores but "NUMEXPR_MAX_THREADS" not set, so enforcing safe limit of 8.
2025-01-09 10:20:23,382 INFO:NumExpr defaulting to 8 threads.
2025-01-09 10:21:10,335 INFO:Note: NumExpr detected 12 cores but "NUMEXPR_MAX_THREADS" not set, so enforcing safe limit of 8.
2025-01-09 10:21:10,336 INFO:NumExpr defaulting to 8 threads.
2025-01-09 10:21:26,912 DEBUG:open file: W:/20241224140328_1505_XXX0038_20rpm.csv
2025-01-09 10:21:27,060 DEBUG:open file: W:/20241224140328_1505_XXX0038_20rpm.csv
2025-01-09 10:21:27,592 ERROR:Error storing measurement and features: (sqlite3.IntegrityError) UNIQUE constraint failed: measurements.file_path
[SQL: INSERT INTO measurements (file_path, operator_id, ball_size_id, timestamp, status) VALUES (?, ?, ?, ?, ?)]
[parameters: ('W://20241224140328_1505_XXX0038_20rpm.csv', '奥山', '2', '2025-01-09 10:21:27.585600', 'Processed')]
(Background on this error at: https://sqlalche.me/e/20/gkpj)
2025-01-09 10:21:27,594 ERROR:Error in model prediction: [Errno 2] No such file or directory: 'best_model.pkl'
2025-01-09 10:21:29,702 INFO:Switching to labeling tab
2025-01-09 10:21:39,910 INFO:Switching to labeling tab
2025-01-09 10:26:18,775 INFO:Note: NumExpr detected 12 cores but "NUMEXPR_MAX_THREADS" not set, so enforcing safe limit of 8.
2025-01-09 10:26:18,776 INFO:NumExpr defaulting to 8 threads.
2025-01-09 10:27:51,821 INFO:Note: NumExpr detected 12 cores but "NUMEXPR_MAX_THREADS" not set, so enforcing safe limit of 8.
2025-01-09 10:27:51,821 INFO:NumExpr defaulting to 8 threads.
2025-01-09 10:28:08,950 DEBUG:open file: W:/20241224113303_1505_XXX0029_20rpm.csv
2025-01-09 10:28:09,085 DEBUG:open file: W:/20241224113303_1505_XXX0029_20rpm.csv
2025-01-09 10:28:09,531 ERROR:Error in model prediction: [Errno 2] No such file or directory: 'best_model.pkl'
2025-01-09 10:28:11,598 INFO:Switching to labeling tab
2025-01-09 10:32:51,586 INFO:Note: NumExpr detected 12 cores but "NUMEXPR_MAX_THREADS" not set, so enforcing safe limit of 8.
2025-01-09 10:32:51,587 INFO:NumExpr defaulting to 8 threads.
2025-01-09 10:34:10,017 INFO:Note: NumExpr detected 12 cores but "NUMEXPR_MAX_THREADS" not set, so enforcing safe limit of 8.
2025-01-09 10:34:10,018 INFO:NumExpr defaulting to 8 threads.
2025-01-09 10:34:14,690 INFO:Note: NumExpr detected 12 cores but "NUMEXPR_MAX_THREADS" not set, so enforcing safe limit of 8.
2025-01-09 10:34:14,691 INFO:NumExpr defaulting to 8 threads.
2025-01-09 10:46:39,535 INFO:Note: NumExpr detected 12 cores but "NUMEXPR_MAX_THREADS" not set, so enforcing safe limit of 8.
2025-01-09 10:46:39,536 INFO:NumExpr defaulting to 8 threads.
2025-01-09 10:47:42,771 INFO:Note: NumExpr detected 12 cores but "NUMEXPR_MAX_THREADS" not set, so enforcing safe limit of 8.
2025-01-09 10:47:42,772 INFO:NumExpr defaulting to 8 threads.
2025-01-09 10:48:22,405 INFO:Note: NumExpr detected 12 cores but "NUMEXPR_MAX_THREADS" not set, so enforcing safe limit of 8.
2025-01-09 10:48:22,405 INFO:NumExpr defaulting to 8 threads.
2025-01-09 10:48:37,991 INFO:Note: NumExpr detected 12 cores but "NUMEXPR_MAX_THREADS" not set, so enforcing safe limit of 8.
2025-01-09 10:48:37,992 INFO:NumExpr defaulting to 8 threads.
2025-01-09 10:48:44,713 INFO:Note: NumExpr detected 12 cores but "NUMEXPR_MAX_THREADS" not set, so enforcing safe limit of 8.
2025-01-09 10:48:44,714 INFO:NumExpr defaulting to 8 threads.
2025-01-09 10:48:59,779 DEBUG:open file: W:/20241224134037_1505_XXX0036_20rpm.csv
2025-01-09 10:48:59,901 DEBUG:open file: W:/20241224134037_1505_XXX0036_20rpm.csv
2025-01-09 10:49:00,266 ERROR:Error storing measurement and features: (sqlite3.IntegrityError) UNIQUE constraint failed: measurements.file_path
[SQL: INSERT INTO measurements (file_path, operator_id, ball_size_id, timestamp, status) VALUES (?, ?, ?, ?, ?)]
[parameters: ('W://20241224134037_1505_XXX0036_20rpm.csv', '奥山', '2', '2025-01-09 10:49:00.263463', 'Processed')]
(Background on this error at: https://sqlalche.me/e/20/gkpj)
2025-01-09 10:49:00,267 ERROR:Error in model prediction: [Errno 2] No such file or directory: 'best_model.pkl'
2025-01-09 10:49:03,997 INFO:Switching to labeling tab
2025-01-09 10:49:33,188 INFO:Note: NumExpr detected 12 cores but "NUMEXPR_MAX_THREADS" not set, so enforcing safe limit of 8.
2025-01-09 10:49:33,189 INFO:NumExpr defaulting to 8 threads.
2025-01-09 10:49:38,357 INFO:Note: NumExpr detected 12 cores but "NUMEXPR_MAX_THREADS" not set, so enforcing safe limit of 8.
2025-01-09 10:49:38,357 INFO:NumExpr defaulting to 8 threads.
2025-01-09 10:49:42,501 INFO:Note: NumExpr detected 12 cores but "NUMEXPR_MAX_THREADS" not set, so enforcing safe limit of 8.
2025-01-09 10:49:42,501 INFO:NumExpr defaulting to 8 threads.
2025-01-09 10:49:47,160 INFO:Note: NumExpr detected 12 cores but "NUMEXPR_MAX_THREADS" not set, so enforcing safe limit of 8.
2025-01-09 10:49:47,161 INFO:NumExpr defaulting to 8 threads.
2025-01-09 10:49:55,079 INFO:Note: NumExpr detected 12 cores but "NUMEXPR_MAX_THREADS" not set, so enforcing safe limit of 8.
2025-01-09 10:49:55,080 INFO:NumExpr defaulting to 8 threads.
2025-01-09 10:50:36,999 DEBUG:open file: W:/20241224152243_1505_XXX0044_20rpm.csv
2025-01-09 10:50:37,130 DEBUG:open file: W:/20241224152243_1505_XXX0044_20rpm.csv
2025-01-09 10:50:37,366 ERROR:Error storing measurement and features: (sqlite3.IntegrityError) UNIQUE constraint failed: measurements.file_path
[SQL: INSERT INTO measurements (file_path, operator_id, ball_size_id, timestamp, status) VALUES (?, ?, ?, ?, ?)]
[parameters: ('W://20241224152243_1505_XXX0044_20rpm.csv', '奥山', '2', '2025-01-09 10:50:37.364597', 'Processed')]
(Background on this error at: https://sqlalche.me/e/20/gkpj)
2025-01-09 10:50:37,367 ERROR:Error in model prediction: [Errno 2] No such file or directory: 'best_model.pkl'
2025-01-09 10:50:42,781 INFO:Switching to labeling tab
2025-01-09 10:51:25,389 INFO:Note: NumExpr detected 12 cores but "NUMEXPR_MAX_THREADS" not set, so enforcing safe limit of 8.
2025-01-09 10:51:25,389 INFO:NumExpr defaulting to 8 threads.
2025-01-09 10:51:48,494 INFO:Note: NumExpr detected 12 cores but "NUMEXPR_MAX_THREADS" not set, so enforcing safe limit of 8.
2025-01-09 10:51:48,495 INFO:NumExpr defaulting to 8 threads.
2025-01-09 10:52:29,476 INFO:Note: NumExpr detected 12 cores but "NUMEXPR_MAX_THREADS" not set, so enforcing safe limit of 8.
2025-01-09 10:52:29,476 INFO:NumExpr defaulting to 8 threads.
2025-01-09 10:52:38,937 INFO:Note: NumExpr detected 12 cores but "NUMEXPR_MAX_THREADS" not set, so enforcing safe limit of 8.
2025-01-09 10:52:38,938 INFO:NumExpr defaulting to 8 threads.
2025-01-09 10:53:12,623 INFO:Note: NumExpr detected 12 cores but "NUMEXPR_MAX_THREADS" not set, so enforcing safe limit of 8.
2025-01-09 10:53:12,624 INFO:NumExpr defaulting to 8 threads.
2025-01-09 10:53:26,425 INFO:Note: NumExpr detected 12 cores but "NUMEXPR_MAX_THREADS" not set, so enforcing safe limit of 8.
2025-01-09 10:53:26,426 INFO:NumExpr defaulting to 8 threads.
2025-01-09 10:53:35,277 INFO:Note: NumExpr detected 12 cores but "NUMEXPR_MAX_THREADS" not set, so enforcing safe limit of 8.
2025-01-09 10:53:35,278 INFO:NumExpr defaulting to 8 threads.
2025-01-09 10:53:49,335 INFO:Note: NumExpr detected 12 cores but "NUMEXPR_MAX_THREADS" not set, so enforcing safe limit of 8.
2025-01-09 10:53:49,336 INFO:NumExpr defaulting to 8 threads.
2025-01-09 10:53:55,312 INFO:Note: NumExpr detected 12 cores but "NUMEXPR_MAX_THREADS" not set, so enforcing safe limit of 8.
2025-01-09 10:53:55,313 INFO:NumExpr defaulting to 8 threads.
2025-01-09 10:55:25,550 INFO:Note: NumExpr detected 12 cores but "NUMEXPR_MAX_THREADS" not set, so enforcing safe limit of 8.
2025-01-09 10:55:25,551 INFO:NumExpr defaulting to 8 threads.
2025-01-09 10:55:39,284 DEBUG:open file: W:/20241224140328_1505_XXX0038_20rpm.csv
2025-01-09 10:55:39,417 DEBUG:open file: W:/20241224140328_1505_XXX0038_20rpm.csv
2025-01-09 10:55:39,724 ERROR:Error storing measurement and features: (sqlite3.IntegrityError) UNIQUE constraint failed: measurements.file_path
[SQL: INSERT INTO measurements (file_path, operator_id, ball_size_id, timestamp, status) VALUES (?, ?, ?, ?, ?)]
[parameters: ('W://20241224140328_1505_XXX0038_20rpm.csv', '奥山', '2', '2025-01-09 10:55:39.722968', 'Processed')]
(Background on this error at: https://sqlalche.me/e/20/gkpj)
2025-01-09 10:55:39,726 ERROR:Error in model prediction: [Errno 2] No such file or directory: 'best_model.pkl'
2025-01-09 10:55:42,050 INFO:Switching to labeling tab
2025-01-09 10:56:04,078 INFO:Note: NumExpr detected 12 cores but "NUMEXPR_MAX_THREADS" not set, so enforcing safe limit of 8.
2025-01-09 10:56:04,078 INFO:NumExpr defaulting to 8 threads.
2025-01-09 10:56:14,362 INFO:Note: NumExpr detected 12 cores but "NUMEXPR_MAX_THREADS" not set, so enforcing safe limit of 8.
2025-01-09 10:56:14,363 INFO:NumExpr defaulting to 8 threads.
2025-01-09 10:56:21,399 INFO:Note: NumExpr detected 12 cores but "NUMEXPR_MAX_THREADS" not set, so enforcing safe limit of 8.
2025-01-09 10:56:21,399 INFO:NumExpr defaulting to 8 threads.
2025-01-09 10:56:30,940 INFO:Note: NumExpr detected 12 cores but "NUMEXPR_MAX_THREADS" not set, so enforcing safe limit of 8.
2025-01-09 10:56:30,941 INFO:NumExpr defaulting to 8 threads.
2025-01-09 10:56:48,466 INFO:Note: NumExpr detected 12 cores but "NUMEXPR_MAX_THREADS" not set, so enforcing safe limit of 8.
2025-01-09 10:56:48,467 INFO:NumExpr defaulting to 8 threads.
2025-01-09 10:57:15,975 INFO:Note: NumExpr detected 12 cores but "NUMEXPR_MAX_THREADS" not set, so enforcing safe limit of 8.
2025-01-09 10:57:15,976 INFO:NumExpr defaulting to 8 threads.
2025-01-09 10:57:21,453 INFO:Note: NumExpr detected 12 cores but "NUMEXPR_MAX_THREADS" not set, so enforcing safe limit of 8.
2025-01-09 10:57:21,454 INFO:NumExpr defaulting to 8 threads.
2025-01-09 10:57:30,917 INFO:Note: NumExpr detected 12 cores but "NUMEXPR_MAX_THREADS" not set, so enforcing safe limit of 8.
2025-01-09 10:57:30,918 INFO:NumExpr defaulting to 8 threads.
2025-01-09 10:57:41,723 INFO:Note: NumExpr detected 12 cores but "NUMEXPR_MAX_THREADS" not set, so enforcing safe limit of 8.
2025-01-09 10:57:41,724 INFO:NumExpr defaulting to 8 threads.
2025-01-09 10:58:18,444 INFO:Note: NumExpr detected 12 cores but "NUMEXPR_MAX_THREADS" not set, so enforcing safe limit of 8.
2025-01-09 10:58:18,445 INFO:NumExpr defaulting to 8 threads.
2025-01-09 10:59:10,688 INFO:Note: NumExpr detected 12 cores but "NUMEXPR_MAX_THREADS" not set, so enforcing safe limit of 8.
2025-01-09 10:59:10,688 INFO:NumExpr defaulting to 8 threads.
2025-01-09 10:59:31,649 INFO:Note: NumExpr detected 12 cores but "NUMEXPR_MAX_THREADS" not set, so enforcing safe limit of 8.
2025-01-09 10:59:31,651 INFO:NumExpr defaulting to 8 threads.
2025-01-09 11:02:41,331 INFO:Note: NumExpr detected 12 cores but "NUMEXPR_MAX_THREADS" not set, so enforcing safe limit of 8.
2025-01-09 11:02:41,332 INFO:NumExpr defaulting to 8 threads.
2025-01-09 11:04:06,452 INFO:Note: NumExpr detected 12 cores but "NUMEXPR_MAX_THREADS" not set, so enforcing safe limit of 8.
2025-01-09 11:04:06,453 INFO:NumExpr defaulting to 8 threads.
2025-01-09 11:04:41,918 INFO:Note: NumExpr detected 12 cores but "NUMEXPR_MAX_THREADS" not set, so enforcing safe limit of 8.
2025-01-09 11:04:41,919 INFO:NumExpr defaulting to 8 threads.
2025-01-09 11:04:50,318 INFO:Note: NumExpr detected 12 cores but "NUMEXPR_MAX_THREADS" not set, so enforcing safe limit of 8.
2025-01-09 11:04:50,319 INFO:NumExpr defaulting to 8 threads.
2025-01-09 11:05:42,135 INFO:Note: NumExpr detected 12 cores but "NUMEXPR_MAX_THREADS" not set, so enforcing safe limit of 8.
2025-01-09 11:05:42,135 INFO:NumExpr defaulting to 8 threads.
2025-01-09 11:06:44,456 INFO:Note: NumExpr detected 12 cores but "NUMEXPR_MAX_THREADS" not set, so enforcing safe limit of 8.
2025-01-09 11:06:44,457 INFO:NumExpr defaulting to 8 threads.
2025-01-09 11:08:03,220 INFO:Note: NumExpr detected 12 cores but "NUMEXPR_MAX_THREADS" not set, so enforcing safe limit of 8.
2025-01-09 11:08:03,221 INFO:NumExpr defaulting to 8 threads.
2025-01-09 11:08:10,581 INFO:Note: NumExpr detected 12 cores but "NUMEXPR_MAX_THREADS" not set, so enforcing safe limit of 8.
2025-01-09 11:08:10,582 INFO:NumExpr defaulting to 8 threads.
2025-01-09 11:08:26,518 INFO:Note: NumExpr detected 12 cores but "NUMEXPR_MAX_THREADS" not set, so enforcing safe limit of 8.
2025-01-09 11:08:26,519 INFO:NumExpr defaulting to 8 threads.
2025-01-09 11:08:36,467 INFO:Note: NumExpr detected 12 cores but "NUMEXPR_MAX_THREADS" not set, so enforcing safe limit of 8.
2025-01-09 11:08:36,468 INFO:NumExpr defaulting to 8 threads.
2025-01-09 11:08:53,853 INFO:Note: NumExpr detected 12 cores but "NUMEXPR_MAX_THREADS" not set, so enforcing safe limit of 8.
2025-01-09 11:08:53,855 INFO:NumExpr defaulting to 8 threads.
2025-01-09 11:09:01,818 INFO:Note: NumExpr detected 12 cores but "NUMEXPR_MAX_THREADS" not set, so enforcing safe limit of 8.
2025-01-09 11:09:01,818 INFO:NumExpr defaulting to 8 threads.
2025-01-09 11:09:31,122 INFO:Note: NumExpr detected 12 cores but "NUMEXPR_MAX_THREADS" not set, so enforcing safe limit of 8.
2025-01-09 11:09:31,122 INFO:NumExpr defaulting to 8 threads.
2025-01-09 11:10:02,055 INFO:Note: NumExpr detected 12 cores but "NUMEXPR_MAX_THREADS" not set, so enforcing safe limit of 8.
2025-01-09 11:10:02,055 INFO:NumExpr defaulting to 8 threads.
2025-01-09 11:10:21,643 INFO:Note: NumExpr detected 12 cores but "NUMEXPR_MAX_THREADS" not set, so enforcing safe limit of 8.
2025-01-09 11:10:21,644 INFO:NumExpr defaulting to 8 threads.
2025-01-09 11:10:35,067 INFO:Note: NumExpr detected 12 cores but "NUMEXPR_MAX_THREADS" not set, so enforcing safe limit of 8.
2025-01-09 11:10:35,074 INFO:NumExpr defaulting to 8 threads.
2025-01-09 11:10:44,582 INFO:Note: NumExpr detected 12 cores but "NUMEXPR_MAX_THREADS" not set, so enforcing safe limit of 8.
2025-01-09 11:10:44,583 INFO:NumExpr defaulting to 8 threads.
2025-01-09 11:11:10,214 INFO:Note: NumExpr detected 12 cores but "NUMEXPR_MAX_THREADS" not set, so enforcing safe limit of 8.
2025-01-09 11:11:10,214 INFO:NumExpr defaulting to 8 threads.
2025-01-09 11:11:34,252 INFO:Note: NumExpr detected 12 cores but "NUMEXPR_MAX_THREADS" not set, so enforcing safe limit of 8.
2025-01-09 11:11:34,253 INFO:NumExpr defaulting to 8 threads.
2025-01-09 11:11:40,739 INFO:Note: NumExpr detected 12 cores but "NUMEXPR_MAX_THREADS" not set, so enforcing safe limit of 8.
2025-01-09 11:11:40,740 INFO:NumExpr defaulting to 8 threads.
2025-01-09 11:11:50,666 INFO:Note: NumExpr detected 12 cores but "NUMEXPR_MAX_THREADS" not set, so enforcing safe limit of 8.
2025-01-09 11:11:50,666 INFO:NumExpr defaulting to 8 threads.
2025-01-09 11:11:59,637 INFO:Note: NumExpr detected 12 cores but "NUMEXPR_MAX_THREADS" not set, so enforcing safe limit of 8.
2025-01-09 11:11:59,638 INFO:NumExpr defaulting to 8 threads.
2025-01-09 11:12:09,334 INFO:Note: NumExpr detected 12 cores but "NUMEXPR_MAX_THREADS" not set, so enforcing safe limit of 8.
2025-01-09 11:12:09,335 INFO:NumExpr defaulting to 8 threads.
2025-01-09 11:12:41,949 INFO:Note: NumExpr detected 12 cores but "NUMEXPR_MAX_THREADS" not set, so enforcing safe limit of 8.
2025-01-09 11:12:41,950 INFO:NumExpr defaulting to 8 threads.
2025-01-09 11:13:01,331 INFO:Note: NumExpr detected 12 cores but "NUMEXPR_MAX_THREADS" not set, so enforcing safe limit of 8.
2025-01-09 11:13:01,331 INFO:NumExpr defaulting to 8 threads.
2025-01-09 11:13:02,498 DEBUG:matplotlib data path: C:\Users\chimpaleenantaphon\AppData\Local\anaconda3\Lib\site-packages\matplotlib\mpl-data
2025-01-09 11:13:02,509 DEBUG:CONFIGDIR=C:\Users\chimpaleenantaphon\.matplotlib
2025-01-09 11:13:02,511 DEBUG:interactive is False
2025-01-09 11:13:02,513 DEBUG:platform is win32
2025-01-09 11:13:02,699 DEBUG:CACHEDIR=C:\Users\chimpaleenantaphon\.matplotlib
2025-01-09 11:13:02,706 DEBUG:Using fontManager instance from C:\Users\chimpaleenantaphon\.matplotlib\fontlist-v330.json
2025-01-09 11:13:26,441 DEBUG:open file: W:/20241224134037_1505_XXX0036_20rpm.csv
2025-01-09 11:13:26,570 DEBUG:open file: W:/20241224134037_1505_XXX0036_20rpm.csv
2025-01-09 11:13:26,887 ERROR:Error storing measurement and features: (sqlite3.IntegrityError) UNIQUE constraint failed: measurements.file_path
[SQL: INSERT INTO measurements (file_path, operator_id, ball_size_id, timestamp, status) VALUES (?, ?, ?, ?, ?)]
[parameters: ('W://20241224134037_1505_XXX0036_20rpm.csv', '奥山', '2', '2025-01-09 11:13:26.884219', 'Processed')]
(Background on this error at: https://sqlalche.me/e/20/gkpj)
2025-01-09 11:13:26,888 ERROR:Error in model prediction: [Errno 2] No such file or directory: 'best_model.pkl'
2025-01-09 11:13:29,163 DEBUG:open file: W:/20241224134037_1505_XXX0036_20rpm.csv
2025-01-09 11:13:29,191 DEBUG:Loaded backend agg version v2.2.
2025-01-09 11:13:29,197 DEBUG:findfont: Matching sans\-serif:style=normal:variant=normal:weight=normal:stretch=normal:size=10.0.
2025-01-09 11:13:29,198 DEBUG:findfont: score(FontEntry(fname='C:\\Users\\chimpaleenantaphon\\AppData\\Local\\anaconda3\\Lib\\site-packages\\matplotlib\\mpl-data\\fonts\\ttf\\cmb10.ttf', name='cmb10', style='normal', variant='normal', weight=400, stretch='normal', size='scalable')) = 10.05
2025-01-09 11:13:29,199 DEBUG:findfont: score(FontEntry(fname='C:\\Users\\chimpaleenantaphon\\AppData\\Local\\anaconda3\\Lib\\site-packages\\matplotlib\\mpl-data\\fonts\\ttf\\STIXSizThreeSymReg.ttf', name='STIXSizeThreeSym', style='normal', variant='normal', weight=400, stretch='normal', size='scalable')) = 10.05
2025-01-09 11:13:29,200 DEBUG:findfont: score(FontEntry(fname='C:\\Users\\chimpaleenantaphon\\AppData\\Local\\anaconda3\\Lib\\site-packages\\matplotlib\\mpl-data\\fonts\\ttf\\STIXSizTwoSymReg.ttf', name='STIXSizeTwoSym', style='normal', variant='normal', weight=400, stretch='normal', size='scalable')) = 10.05
2025-01-09 11:13:29,200 DEBUG:findfont: score(FontEntry(fname='C:\\Users\\chimpaleenantaphon\\AppData\\Local\\anaconda3\\Lib\\site-packages\\matplotlib\\mpl-data\\fonts\\ttf\\STIXSizFourSymReg.ttf', name='STIXSizeFourSym', style='normal', variant='normal', weight=400, stretch='normal', size='scalable')) = 10.05
2025-01-09 11:13:29,201 DEBUG:findfont: score(FontEntry(fname='C:\\Users\\chimpaleenantaphon\\AppData\\Local\\anaconda3\\Lib\\site-packages\\matplotlib\\mpl-data\\fonts\\ttf\\cmex10.ttf', name='cmex10', style='normal', variant='normal', weight=400, stretch='normal', size='scalable')) = 10.05
2025-01-09 11:13:29,201 DEBUG:findfont: score(FontEntry(fname='C:\\Users\\chimpaleenantaphon\\AppData\\Local\\anaconda3\\Lib\\site-packages\\matplotlib\\mpl-data\\fonts\\ttf\\DejaVuSerif-BoldItalic.ttf', name='DejaVu Serif', style='italic', variant='normal', weight=700, stretch='normal', size='scalable')) = 11.335
2025-01-09 11:13:29,202 DEBUG:findfont: score(FontEntry(fname='C:\\Users\\chimpaleenantaphon\\AppData\\Local\\anaconda3\\Lib\\site-packages\\matplotlib\\mpl-data\\fonts\\ttf\\STIXNonUniBol.ttf', name='STIXNonUnicode', style='normal', variant='normal', weight=700, stretch='normal', size='scalable')) = 10.335
2025-01-09 11:13:29,202 DEBUG:findfont: score(FontEntry(fname='C:\\Users\\chimpaleenantaphon\\AppData\\Local\\anaconda3\\Lib\\site-packages\\matplotlib\\mpl-data\\fonts\\ttf\\STIXGeneral.ttf', name='STIXGeneral', style='normal', variant='normal', weight=400, stretch='normal', size='scalable')) = 10.05
2025-01-09 11:13:29,202 DEBUG:findfont: score(FontEntry(fname='C:\\Users\\chimpaleenantaphon\\AppData\\Local\\anaconda3\\Lib\\site-packages\\matplotlib\\mpl-data\\fonts\\ttf\\DejaVuSansMono.ttf', name='DejaVu Sans Mono', style='normal', variant='normal', weight=400, stretch='normal', size='scalable')) = 10.05
2025-01-09 11:13:29,203 DEBUG:findfont: score(FontEntry(fname='C:\\Users\\chimpaleenantaphon\\AppData\\Local\\anaconda3\\Lib\\site-packages\\matplotlib\\mpl-data\\fonts\\ttf\\DejaVuSans-Bold.ttf', name='DejaVu Sans', style='normal', variant='normal', weight=700, stretch='normal', size='scalable')) = 0.33499999999999996
2025-01-09 11:13:29,203 DEBUG:findfont: score(FontEntry(fname='C:\\Users\\chimpaleenantaphon\\AppData\\Local\\anaconda3\\Lib\\site-packages\\matplotlib\\mpl-data\\fonts\\ttf\\DejaVuSerif-Bold.ttf', name='DejaVu Serif', style='normal', variant='normal', weight=700, stretch='normal', size='scalable')) = 10.335
2025-01-09 11:13:29,203 DEBUG:findfont: score(FontEntry(fname='C:\\Users\\chimpaleenantaphon\\AppData\\Local\\anaconda3\\Lib\\site-packages\\matplotlib\\mpl-data\\fonts\\ttf\\STIXSizFourSymBol.ttf', name='STIXSizeFourSym', style='normal', variant='normal', weight=700, stretch='normal', size='scalable')) = 10.335
2025-01-09 11:13:29,205 DEBUG:findfont: score(FontEntry(fname='C:\\Users\\chimpaleenantaphon\\AppData\\Local\\anaconda3\\Lib\\site-packages\\matplotlib\\mpl-data\\fonts\\ttf\\STIXNonUni.ttf', name='STIXNonUnicode', style='normal', variant='normal', weight=400, stretch='normal', size='scalable')) = 10.05
2025-01-09 11:13:29,205 DEBUG:findfont: score(FontEntry(fname='C:\\Users\\chimpaleenantaphon\\AppData\\Local\\anaconda3\\Lib\\site-packages\\matplotlib\\mpl-data\\fonts\\ttf\\STIXNonUniBolIta.ttf', name='STIXNonUnicode', style='italic', variant='normal', weight=700, stretch='normal', size='scalable')) = 11.335
2025-01-09 11:13:29,206 DEBUG:findfont: score(FontEntry(fname='C:\\Users\\chimpaleenantaphon\\AppData\\Local\\anaconda3\\Lib\\site-packages\\matplotlib\\mpl-data\\fonts\\ttf\\DejaVuSansDisplay.ttf', name='DejaVu Sans Display', style='normal', variant='normal', weight=400, stretch='normal', size='scalable')) = 10.05
2025-01-09 11:13:29,206 DEBUG:findfont: score(FontEntry(fname='C:\\Users\\chimpaleenantaphon\\AppData\\Local\\anaconda3\\Lib\\site-packages\\matplotlib\\mpl-data\\fonts\\ttf\\DejaVuSerif-Italic.ttf', name='DejaVu Serif', style='italic', variant='normal', weight=400, stretch='normal', size='scalable')) = 11.05
2025-01-09 11:13:29,207 DEBUG:findfont: score(FontEntry(fname='C:\\Users\\chimpaleenantaphon\\AppData\\Local\\anaconda3\\Lib\\site-packages\\matplotlib\\mpl-data\\fonts\\ttf\\cmr10.ttf', name='cmr10', style='normal', variant='normal', weight=400, stretch='normal', size='scalable')) = 10.05
2025-01-09 11:13:29,207 DEBUG:findfont: score(FontEntry(fname='C:\\Users\\chimpaleenantaphon\\AppData\\Local\\anaconda3\\Lib\\site-packages\\matplotlib\\mpl-data\\fonts\\ttf\\cmss10.ttf', name='cmss10', style='normal', variant='normal', weight=400, stretch='normal', size='scalable')) = 10.05
2025-01-09 11:13:29,208 DEBUG:findfont: score(FontEntry(fname='C:\\Users\\chimpaleenantaphon\\AppData\\Local\\anaconda3\\Lib\\site-packages\\matplotlib\\mpl-data\\fonts\\ttf\\STIXSizTwoSymBol.ttf', name='STIXSizeTwoSym', style='normal', variant='normal', weight=700, stretch='normal', size='scalable')) = 10.335
2025-01-09 11:13:29,208 DEBUG:findfont: score(FontEntry(fname='C:\\Users\\chimpaleenantaphon\\AppData\\Local\\anaconda3\\Lib\\site-packages\\matplotlib\\mpl-data\\fonts\\ttf\\STIXGeneralBol.ttf', name='STIXGeneral', style='normal', variant='normal', weight=700, stretch='normal', size='scalable')) = 10.335
2025-01-09 11:13:29,208 DEBUG:findfont: score(FontEntry(fname='C:\\Users\\chimpaleenantaphon\\AppData\\Local\\anaconda3\\Lib\\site-packages\\matplotlib\\mpl-data\\fonts\\ttf\\cmmi10.ttf', name='cmmi10', style='normal', variant='normal', weight=400, stretch='normal', size='scalable')) = 10.05
2025-01-09 11:13:29,209 DEBUG:findfont: score(FontEntry(fname='C:\\Users\\chimpaleenantaphon\\AppData\\Local\\anaconda3\\Lib\\site-packages\\matplotlib\\mpl-data\\fonts\\ttf\\DejaVuSansMono-Bold.ttf', name='DejaVu Sans Mono', style='normal', variant='normal', weight=700, stretch='normal', size='scalable')) = 10.335
2025-01-09 11:13:29,209 DEBUG:findfont: score(FontEntry(fname='C:\\Users\\chimpaleenantaphon\\AppData\\Local\\anaconda3\\Lib\\site-packages\\matplotlib\\mpl-data\\fonts\\ttf\\DejaVuSans.ttf', name='DejaVu Sans', style='normal', variant='normal', weight=400, stretch='normal', size='scalable')) = 0.05
2025-01-09 11:13:29,210 DEBUG:findfont: score(FontEntry(fname='C:\\Users\\chimpaleenantaphon\\AppData\\Local\\anaconda3\\Lib\\site-packages\\matplotlib\\mpl-data\\fonts\\ttf\\STIXGeneralItalic.ttf', name='STIXGeneral', style='italic', variant='normal', weight=400, stretch='normal', size='scalable')) = 11.05
2025-01-09 11:13:29,211 DEBUG:findfont: score(FontEntry(fname='C:\\Users\\chimpaleenantaphon\\AppData\\Local\\anaconda3\\Lib\\site-packages\\matplotlib\\mpl-data\\fonts\\ttf\\STIXSizOneSymReg.ttf', name='STIXSizeOneSym', style='normal', variant='normal', weight=400, stretch='normal', size='scalable')) = 10.05
2025-01-09 11:13:29,211 DEBUG:findfont: score(FontEntry(fname='C:\\Users\\chimpaleenantaphon\\AppData\\Local\\anaconda3\\Lib\\site-packages\\matplotlib\\mpl-data\\fonts\\ttf\\DejaVuSans-Oblique.ttf', name='DejaVu Sans', style='oblique', variant='normal', weight=400, stretch='normal', size='scalable')) = 1.05
2025-01-09 11:13:29,213 DEBUG:findfont: score(FontEntry(fname='C:\\Users\\chimpaleenantaphon\\AppData\\Local\\anaconda3\\Lib\\site-packages\\matplotlib\\mpl-data\\fonts\\ttf\\cmtt10.ttf', name='cmtt10', style='normal', variant='normal', weight=400, stretch='normal', size='scalable')) = 10.05
2025-01-09 11:13:29,214 DEBUG:findfont: score(FontEntry(fname='C:\\Users\\chimpaleenantaphon\\AppData\\Local\\anaconda3\\Lib\\site-packages\\matplotlib\\mpl-data\\fonts\\ttf\\DejaVuSansMono-BoldOblique.ttf', name='DejaVu Sans Mono', style='oblique', variant='normal', weight=700, stretch='normal', size='scalable')) = 11.335
2025-01-09 11:13:29,214 DEBUG:findfont: score(FontEntry(fname='C:\\Users\\chimpaleenantaphon\\AppData\\Local\\anaconda3\\Lib\\site-packages\\matplotlib\\mpl-data\\fonts\\ttf\\DejaVuSerif.ttf', name='DejaVu Serif', style='normal', variant='normal', weight=400, stretch='normal', size='scalable')) = 10.05
2025-01-09 11:13:29,215 DEBUG:findfont: score(FontEntry(fname='C:\\Users\\chimpaleenantaphon\\AppData\\Local\\anaconda3\\Lib\\site-packages\\matplotlib\\mpl-data\\fonts\\ttf\\STIXNonUniIta.ttf', name='STIXNonUnicode', style='italic', variant='normal', weight=400, stretch='normal', size='scalable')) = 11.05
2025-01-09 11:13:29,215 DEBUG:findfont: score(FontEntry(fname='C:\\Users\\chimpaleenantaphon\\AppData\\Local\\anaconda3\\Lib\\site-packages\\matplotlib\\mpl-data\\fonts\\ttf\\STIXGeneralBolIta.ttf', name='STIXGeneral', style='italic', variant='normal', weight=700, stretch='normal', size='scalable')) = 11.335
2025-01-09 11:13:29,216 DEBUG:findfont: score(FontEntry(fname='C:\\Users\\chimpaleenantaphon\\AppData\\Local\\anaconda3\\Lib\\site-packages\\matplotlib\\mpl-data\\fonts\\ttf\\STIXSizFiveSymReg.ttf', name='STIXSizeFiveSym', style='normal', variant='normal', weight=400, stretch='normal', size='scalable')) = 10.05
2025-01-09 11:13:29,216 DEBUG:findfont: score(FontEntry(fname='C:\\Users\\chimpaleenantaphon\\AppData\\Local\\anaconda3\\Lib\\site-packages\\matplotlib\\mpl-data\\fonts\\ttf\\DejaVuSans-BoldOblique.ttf', name='DejaVu Sans', style='oblique', variant='normal', weight=700, stretch='normal', size='scalable')) = 1.335
2025-01-09 11:13:29,217 DEBUG:findfont: score(FontEntry(fname='C:\\Users\\chimpaleenantaphon\\AppData\\Local\\anaconda3\\Lib\\site-packages\\matplotlib\\mpl-data\\fonts\\ttf\\STIXSizOneSymBol.ttf', name='STIXSizeOneSym', style='normal', variant='normal', weight=700, stretch='normal', size='scalable')) = 10.335
2025-01-09 11:13:29,218 DEBUG:findfont: score(FontEntry(fname='C:\\Users\\chimpaleenantaphon\\AppData\\Local\\anaconda3\\Lib\\site-packages\\matplotlib\\mpl-data\\fonts\\ttf\\cmsy10.ttf', name='cmsy10', style='normal', variant='normal', weight=400, stretch='normal', size='scalable')) = 10.05
2025-01-09 11:13:29,218 DEBUG:findfont: score(FontEntry(fname='C:\\Users\\chimpaleenantaphon\\AppData\\Local\\anaconda3\\Lib\\site-packages\\matplotlib\\mpl-data\\fonts\\ttf\\DejaVuSerifDisplay.ttf', name='DejaVu Serif Display', style='normal', variant='normal', weight=400, stretch='normal', size='scalable')) = 10.05
2025-01-09 11:13:29,219 DEBUG:findfont: score(FontEntry(fname='C:\\Users\\chimpaleenantaphon\\AppData\\Local\\anaconda3\\Lib\\site-packages\\matplotlib\\mpl-data\\fonts\\ttf\\DejaVuSansMono-Oblique.ttf', name='DejaVu Sans Mono', style='oblique', variant='normal', weight=400, stretch='normal', size='scalable')) = 11.05
2025-01-09 11:13:29,219 DEBUG:findfont: score(FontEntry(fname='C:\\Users\\chimpaleenantaphon\\AppData\\Local\\anaconda3\\Lib\\site-packages\\matplotlib\\mpl-data\\fonts\\ttf\\STIXSizThreeSymBol.ttf', name='STIXSizeThreeSym', style='normal', variant='normal', weight=700, stretch='normal', size='scalable')) = 10.335
2025-01-09 11:13:29,220 DEBUG:findfont: score(FontEntry(fname='C:\\Windows\\Fonts\\PERTILI.TTF', name='Perpetua Titling MT', style='normal', variant='normal', weight=300, stretch='normal', size='scalable')) = 10.145
2025-01-09 11:13:29,220 DEBUG:findfont: score(FontEntry(fname='C:\\Windows\\Fonts\\OCRB.TTF', name='OCRB', style='normal', variant='normal', weight=400, stretch='normal', size='scalable')) = 10.05
2025-01-09 11:13:29,220 DEBUG:findfont: score(FontEntry(fname='C:\\Windows\\Fonts\\CALISTI.TTF', name='Calisto MT', style='italic', variant='normal', weight=400, stretch='normal', size='scalable')) = 11.05
2025-01-09 11:13:29,221 DEBUG:findfont: score(FontEntry(fname='C:\\Windows\\Fonts\\impact.ttf', name='Impact', style='normal', variant='normal', weight=400, stretch='normal', size='scalable')) = 10.05
2025-01-09 11:13:29,221 DEBUG:findfont: score(FontEntry(fname='C:\\Windows\\Fonts\\monosi.ttf', name='Monospac821 BT', style='italic', variant='normal', weight=400, stretch='normal', size='scalable')) = 11.05
2025-01-09 11:13:29,222 DEBUG:findfont: score(FontEntry(fname='C:\\Windows\\Fonts\\comicbd.ttf', name='Comic Sans MS', style='normal', variant='normal', weight=700, stretch='normal', size='scalable')) = 10.335
2025-01-09 11:13:29,222 DEBUG:findfont: score(FontEntry(fname='C:\\Windows\\Fonts\\micross.ttf', name='Microsoft Sans Serif', style='normal', variant='normal', weight=400, stretch='normal', size='scalable')) = 10.05
2025-01-09 11:13:29,223 DEBUG:findfont: score(FontEntry(fname='C:\\Windows\\Fonts\\GOTHIC.TTF', name='Century Gothic', style='normal', variant='normal', weight=400, stretch='normal', size='scalable')) = 10.05
2025-01-09 11:13:29,223 DEBUG:findfont: score(FontEntry(fname='C:\\Windows\\Fonts\\courbd.ttf', name='Courier New', style='normal', variant='normal', weight=700, stretch='normal', size='scalable')) = 10.335
2025-01-09 11:13:29,223 DEBUG:findfont: score(FontEntry(fname='C:\\Windows\\Fonts\\scripts_IV50.ttf', name='ScriptS', style='normal', variant='normal', weight=400, stretch='normal', size='scalable')) = 10.05
2025-01-09 11:13:29,224 DEBUG:findfont: score(FontEntry(fname='C:\\Windows\\Fonts\\WINGDNG3.TTF', name='Wingdings 3', style='normal', variant='normal', weight=400, stretch='normal', size='scalable')) = 10.05
2025-01-09 11:13:29,224 DEBUG:findfont: score(FontEntry(fname='C:\\Windows\\Fonts\\holomdl2.ttf', name='HoloLens MDL2 Assets', style='normal', variant='normal', weight=400, stretch='normal', size='scalable')) = 10.05
2025-01-09 11:13:29,224 DEBUG:findfont: score(FontEntry(fname='C:\\Windows\\Fonts\\arialbi.ttf', name='Arial', style='italic', variant='normal', weight=700, stretch='normal', size='scalable')) = 7.698636363636363
2025-01-09 11:13:29,225 DEBUG:findfont: score(FontEntry(fname='C:\\Windows\\Fonts\\greekc_IV25.ttf', name='GreekC', style='normal', variant='normal', weight=400, stretch='normal', size='scalable')) = 10.05
2025-01-09 11:13:29,225 DEBUG:findfont: score(FontEntry(fname='C:\\Windows\\Fonts\\monotxt_IV50.ttf', name='Monotxt', style='normal', variant='normal', weight=400, stretch='normal', size='scalable')) = 10.05
2025-01-09 11:13:29,226 DEBUG:findfont: score(FontEntry(fname='C:\\Windows\\Fonts\\consolai.ttf', name='Consolas', style='italic', variant='normal', weight=400, stretch='normal', size='scalable')) = 11.05
2025-01-09 11:13:29,226 DEBUG:findfont: score(FontEntry(fname='C:\\Windows\\Fonts\\SansSerifCollection.ttf', name='Sans Serif Collection', style='normal', variant='normal', weight=400, stretch='normal', size='scalable')) = 10.05
2025-01-09 11:13:29,227 DEBUG:findfont: score(FontEntry(fname='C:\\Windows\\Fonts\\simplex_IV50.ttf', name='Simplex', style='normal', variant='normal', weight=400, stretch='normal', size='scalable')) = 10.05
2025-01-09 11:13:29,228 DEBUG:findfont: score(FontEntry(fname='C:\\Windows\\Fonts\\mingliub.ttc', name='MingLiU-ExtB', style='normal', variant='normal', weight=400, stretch='normal', size='scalable')) = 10.05
2025-01-09 11:13:29,228 DEBUG:findfont: score(FontEntry(fname='C:\\Windows\\Fonts\\Artifakt Element Light Italic.ttf', name='Artifakt Element', style='italic', variant='normal', weight=300, stretch='normal', size='scalable')) = 11.145
2025-01-09 11:13:29,229 DEBUG:findfont: score(FontEntry(fname='C:\\Windows\\Fonts\\isoct2_IV50.ttf', name='ISOCT2', style='normal', variant='normal', weight=400, stretch='normal', size='scalable')) = 10.05
2025-01-09 11:13:29,230 DEBUG:findfont: score(FontEntry(fname='C:\\Windows\\Fonts\\YuGothL.ttc', name='Yu Gothic', style='normal', variant='normal', weight=300, stretch='normal', size='scalable')) = 10.145
2025-01-09 11:13:29,230 DEBUG:findfont: score(FontEntry(fname='C:\\Windows\\Fonts\\simplex_.ttf', name='Simplex', style='normal', variant='normal', weight=400, stretch='normal', size='scalable')) = 10.05
2025-01-09 11:13:29,231 DEBUG:findfont: score(FontEntry(fname='C:\\Windows\\Fonts\\trebuc.ttf', name='Trebuchet MS', style='normal', variant='normal', weight=400, stretch='normal', size='scalable')) = 10.05
2025-01-09 11:13:29,232 DEBUG:findfont: score(FontEntry(fname='C:\\Windows\\Fonts\\Artifakt Element Italic.ttf', name='Artifakt Element', style='italic', variant='normal', weight=400, stretch='normal', size='scalable')) = 11.05
2025-01-09 11:13:29,232 DEBUG:findfont: score(FontEntry(fname='C:\\Windows\\Fonts\\taileb.ttf', name='Microsoft Tai Le', style='normal', variant='normal', weight=700, stretch='normal', size='scalable')) = 10.335
2025-01-09 11:13:29,233 DEBUG:findfont: score(FontEntry(fname='C:\\Windows\\Fonts\\VINERITC.TTF', name='Viner Hand ITC', style='normal', variant='normal', weight=400, stretch='normal', size='scalable')) = 10.05
2025-01-09 11:13:29,233 DEBUG:findfont: score(FontEntry(fname='C:\\Windows\\Fonts\\mtproxy3.ttf', name='Proxy 3', style='normal', variant='normal', weight=400, stretch='normal', size='scalable')) = 10.05
2025-01-09 11:13:29,234 DEBUG:findfont: score(FontEntry(fname='C:\\Windows\\Fonts\\symath_IV50.ttf', name='Symath', style='normal', variant='normal', weight=400, stretch='normal', size='scalable')) = 10.05
2025-01-09 11:13:29,234 DEBUG:findfont: score(FontEntry(fname='C:\\Windows\\Fonts\\symeteo_IV25.ttf', name='Symeteo', style='normal', variant='normal', weight=400, stretch='normal', size='scalable')) = 10.05
2025-01-09 11:13:29,235 DEBUG:findfont: score(FontEntry(fname='C:\\Windows\\Fonts\\Amgdt_IV50.ttf', name='AMGDT_IV50', style='normal', variant='normal', weight=400, stretch='normal', size='scalable')) = 10.05
2025-01-09 11:13:29,235 DEBUG:findfont: score(FontEntry(fname='C:\\Windows\\Fonts\\GOUDYSTO.TTF', name='Goudy Stout', style='normal', variant='normal', weight=400, stretch='normal', size='scalable')) = 10.05
2025-01-09 11:13:29,235 DEBUG:findfont: score(FontEntry(fname='C:\\Windows\\Fonts\\OCRAEXT.TTF', name='OCR A Extended', style='normal', variant='normal', weight=400, stretch='expanded', size='scalable')) = 10.25
2025-01-09 11:13:29,236 DEBUG:findfont: score(FontEntry(fname='C:\\Windows\\Fonts\\syastro_IV25.ttf', name='Syastro', style='normal', variant='normal', weight=400, stretch='normal', size='scalable')) = 10.05
2025-01-09 11:13:29,236 DEBUG:findfont: score(FontEntry(fname='C:\\Windows\\Fonts\\ERASMD.TTF', name='Eras Medium ITC', style='normal', variant='normal', weight=400, stretch='normal', size='scalable')) = 10.05
2025-01-09 11:13:29,237 DEBUG:findfont: score(FontEntry(fname='C:\\Windows\\Fonts\\CENTAUR.TTF', name='Centaur', style='normal', variant='normal', weight=400, stretch='normal', size='scalable')) = 10.05
2025-01-09 11:13:29,237 DEBUG:findfont: score(FontEntry(fname='C:\\Windows\\Fonts\\txt_____.ttf', name='Txt', style='normal', variant='normal', weight=400, stretch='normal', size='scalable')) = 10.05
2025-01-09 11:13:29,238 DEBUG:findfont: score(FontEntry(fname='C:\\Windows\\Fonts\\ANTQUAI.TTF', name='Book Antiqua', style='italic', variant='normal', weight=400, stretch='normal', size='scalable')) = 11.05
2025-01-09 11:13:29,238 DEBUG:findfont: score(FontEntry(fname='C:\\Windows\\Fonts\\HGRME.TTC', name='HGMinchoE', style='normal', variant='normal', weight=400, stretch='normal', size='scalable')) = 10.05
2025-01-09 11:13:29,239 DEBUG:findfont: score(FontEntry(fname='C:\\Windows\\Fonts\\sansso__.ttf', name='SansSerif', style='oblique', variant='normal', weight=400, stretch='normal', size='scalable')) = 11.05
2025-01-09 11:13:29,239 DEBUG:findfont: score(FontEntry(fname='C:\\Windows\\Fonts\\SCHLBKBI.TTF', name='Century Schoolbook', style='italic', variant='normal', weight=700, stretch='normal', size='scalable')) = 11.335
2025-01-09 11:13:29,239 DEBUG:findfont: score(FontEntry(fname='C:\\Windows\\Fonts\\ARIALN.TTF', name='Arial', style='normal', variant='normal', weight=400, stretch='condensed', size='scalable')) = 6.613636363636363
2025-01-09 11:13:29,240 DEBUG:findfont: score(FontEntry(fname='C:\\Windows\\Fonts\\constanz.ttf', name='Constantia', style='italic', variant='normal', weight=700, stretch='normal', size='scalable')) = 11.335
2025-01-09 11:13:29,241 DEBUG:findfont: score(FontEntry(fname='C:\\Windows\\Fonts\\GOTHICB.TTF', name='Century Gothic', style='normal', variant='normal', weight=700, stretch='normal', size='scalable')) = 10.335
2025-01-09 11:13:29,242 DEBUG:findfont: score(FontEntry(fname='C:\\Windows\\Fonts\\GOUDOS.TTF', name='Goudy Old Style', style='normal', variant='normal', weight=400, stretch='normal', size='scalable')) = 10.05
2025-01-09 11:13:29,242 DEBUG:findfont: score(FontEntry(fname='C:\\Windows\\Fonts\\compi.ttf', name='CommercialPi BT', style='normal', variant='normal', weight=400, stretch='normal', size='scalable')) = 10.05
2025-01-09 11:13:29,242 DEBUG:findfont: score(FontEntry(fname='C:\\Windows\\Fonts\\stylu.ttf', name='Stylus BT', style='normal', variant='normal', weight=300, stretch='normal', size='scalable')) = 10.145
2025-01-09 11:13:29,243 DEBUG:findfont: score(FontEntry(fname='C:\\Windows\\Fonts\\FRABKIT.TTF', name='Franklin Gothic Book', style='italic', variant='normal', weight=400, stretch='normal', size='scalable')) = 11.05
2025-01-09 11:13:29,244 DEBUG:findfont: score(FontEntry(fname='C:\\Windows\\Fonts\\Artifakt Element Black.ttf', name='Artifakt Element', style='normal', variant='normal', weight=800, stretch='normal', size='scalable')) = 10.43
2025-01-09 11:13:29,244 DEBUG:findfont: score(FontEntry(fname='C:\\Windows\\Fonts\\symusic_.ttf', name='Symusic', style='normal', variant='normal', weight=400, stretch='normal', size='scalable')) = 10.05
2025-01-09 11:13:29,245 DEBUG:findfont: score(FontEntry(fname='C:\\Windows\\Fonts\\arialbd.ttf', name='Arial', style='normal', variant='normal', weight=700, stretch='normal', size='scalable')) = 6.698636363636363
2025-01-09 11:13:29,246 DEBUG:findfont: score(FontEntry(fname='C:\\Windows\\Fonts\\segoeprb.ttf', name='Segoe Print', style='normal', variant='normal', weight=700, stretch='normal', size='scalable')) = 10.335
2025-01-09 11:13:29,246 DEBUG:findfont: score(FontEntry(fname='C:\\Windows\\Fonts\\isocteur.ttf', name='ISOCTEUR', style='normal', variant='normal', weight=400, stretch='normal', size='scalable')) = 10.05
2025-01-09 11:13:29,247 DEBUG:findfont: score(FontEntry(fname='C:\\Windows\\Fonts\\verdanai.ttf', name='Verdana', style='italic', variant='normal', weight=400, stretch='normal', size='scalable')) = 4.6863636363636365
2025-01-09 11:13:29,247 DEBUG:findfont: score(FontEntry(fname='C:\\Windows\\Fonts\\DUBAI-LIGHT.TTF', name='Dubai', style='normal', variant='normal', weight=300, stretch='normal', size='scalable')) = 10.145
2025-01-09 11:13:29,248 DEBUG:findfont: score(FontEntry(fname='C:\\Windows\\Fonts\\italict_.ttf', name='ItalicT', style='italic', variant='normal', weight=400, stretch='normal', size='scalable')) = 11.05
2025-01-09 11:13:29,248 DEBUG:findfont: score(FontEntry(fname='C:\\Windows\\Fonts\\greeks_IV50.ttf', name='GreekS', style='normal', variant='normal', weight=400, stretch='normal', size='scalable')) = 10.05
2025-01-09 11:13:29,249 DEBUG:findfont: score(FontEntry(fname='C:\\Windows\\Fonts\\counb___.ttf', name='CountryBlueprint', style='normal', variant='normal', weight=400, stretch='normal', size='scalable')) = 10.05
2025-01-09 11:13:29,249 DEBUG:findfont: score(FontEntry(fname='C:\\Windows\\Fonts\\gadugi.ttf', name='Gadugi', style='normal', variant='normal', weight=400, stretch='normal', size='scalable')) = 10.05
2025-01-09 11:13:29,250 DEBUG:findfont: score(FontEntry(fname='C:\\Windows\\Fonts\\Artifakt Element Bold Italic.ttf', name='Artifakt Element', style='italic', variant='normal', weight=700, stretch='normal', size='scalable')) = 11.335
2025-01-09 11:13:29,251 DEBUG:findfont: score(FontEntry(fname='C:\\Windows\\Fonts\\HTOWERTI.TTF', name='High Tower Text', style='italic', variant='normal', weight=400, stretch='normal', size='scalable')) = 11.05
2025-01-09 11:13:29,252 DEBUG:findfont: score(FontEntry(fname='C:\\Windows\\Fonts\\WINGDNG2.TTF', name='Wingdings 2', style='normal', variant='normal', weight=400, stretch='normal', size='scalable')) = 10.05
2025-01-09 11:13:29,252 DEBUG:findfont: score(FontEntry(fname='C:\\Windows\\Fonts\\cambria.ttc', name='Cambria', style='normal', variant='normal', weight=400, stretch='normal', size='scalable')) = 10.05
2025-01-09 11:13:29,254 DEBUG:findfont: score(FontEntry(fname='C:\\Windows\\Fonts\\georgiai.ttf', name='Georgia', style='italic', variant='normal', weight=400, stretch='normal', size='scalable')) = 11.05
2025-01-09 11:13:29,254 DEBUG:findfont: score(FontEntry(fname='C:\\Windows\\Fonts\\POORICH.TTF', name='Poor Richard', style='normal', variant='normal', weight=400, stretch='normal', size='scalable')) = 10.05
2025-01-09 11:13:29,255 DEBUG:findfont: score(FontEntry(fname='C:\\Windows\\Fonts\\AcadEref.ttf', name='AcadEref', style='normal', variant='normal', weight=400, stretch='normal', size='scalable')) = 10.05
2025-01-09 11:13:29,255 DEBUG:findfont: score(FontEntry(fname='C:\\Windows\\Fonts\\LeelUIsl.ttf', name='Leelawadee UI', style='normal', variant='normal', weight=350, stretch='normal', size='scalable')) = 10.0975
2025-01-09 11:13:29,255 DEBUG:findfont: score(FontEntry(fname='C:\\Windows\\Fonts\\georgiaz.ttf', name='Georgia', style='italic', variant='normal', weight=700, stretch='normal', size='scalable')) = 11.335
2025-01-09 11:13:29,255 DEBUG:findfont: score(FontEntry(fname='C:\\Windows\\Fonts\\ERASDEMI.TTF', name='Eras Demi ITC', style='normal', variant='normal', weight=400, stretch='normal', size='scalable')) = 10.05
2025-01-09 11:13:29,257 DEBUG:findfont: score(FontEntry(fname='C:\\Windows\\Fonts\\FRADMCN.TTF', name='Franklin Gothic Demi Cond', style='normal', variant='normal', weight=400, stretch='condensed', size='scalable')) = 10.25
2025-01-09 11:13:29,257 DEBUG:findfont: score(FontEntry(fname='C:\\Windows\\Fonts\\swisse.ttf', name='Swis721 Ex BT', style='normal', variant='normal', weight=400, stretch='expanded', size='scalable')) = 10.25
2025-01-09 11:13:29,258 DEBUG:findfont: score(FontEntry(fname='C:\\Windows\\Fonts\\ARIALNB.TTF', name='Arial', style='normal', variant='normal', weight=700, stretch='condensed', size='scalable')) = 6.8986363636363635
2025-01-09 11:13:29,258 DEBUG:findfont: score(FontEntry(fname='C:\\Windows\\Fonts\\calibriz.ttf', name='Calibri', style='italic', variant='normal', weight=700, stretch='normal', size='scalable')) = 11.335
2025-01-09 11:13:29,259 DEBUG:findfont: score(FontEntry(fname='C:\\Windows\\Fonts\\yuminl.ttf', name='Yu Mincho', style='normal', variant='normal', weight=300, stretch='normal', size='scalable')) = 10.145
2025-01-09 11:13:29,259 DEBUG:findfont: score(FontEntry(fname='C:\\Windows\\Fonts\\technic_.ttf', name='Technic', style='normal', variant='normal', weight=400, stretch='normal', size='scalable')) = 10.05
2025-01-09 11:13:29,261 DEBUG:findfont: score(FontEntry(fname='C:\\Windows\\Fonts\\bgothl.ttf', name='BankGothic Lt BT', style='normal', variant='normal', weight=400, stretch='normal', size='scalable')) = 10.05
2025-01-09 11:13:29,262 DEBUG:findfont: score(FontEntry(fname='C:\\Windows\\Fonts\\msjhbd.ttc', name='Microsoft JhengHei', style='normal', variant='normal', weight=700, stretch='normal', size='scalable')) = 10.335
2025-01-09 11:13:29,262 DEBUG:findfont: score(FontEntry(fname='C:\\Windows\\Fonts\\SegoeIcons.ttf', name='Segoe Fluent Icons', style='normal', variant='normal', weight=400, stretch='normal', size='scalable')) = 10.05
2025-01-09 11:13:29,263 DEBUG:findfont: score(FontEntry(fname='C:\\Windows\\Fonts\\TCBI____.TTF', name='Tw Cen MT', style='italic', variant='normal', weight=700, stretch='normal', size='scalable')) = 11.335
2025-01-09 11:13:29,263 DEBUG:findfont: score(FontEntry(fname='C:\\Windows\\Fonts\\malgun.ttf', name='Malgun Gothic', style='normal', variant='normal', weight=400, stretch='normal', size='scalable')) = 10.05
2025-01-09 11:13:29,264 DEBUG:findfont: score(FontEntry(fname='C:\\Windows\\Fonts\\TCM_____.TTF', name='Tw Cen MT', style='normal', variant='normal', weight=400, stretch='normal', size='scalable')) = 10.05
2025-01-09 11:13:29,264 DEBUG:findfont: score(FontEntry(fname='C:\\Windows\\Fonts\\ROCKBI.TTF', name='Rockwell', style='italic', variant='normal', weight=700, stretch='normal', size='scalable')) = 11.335
2025-01-09 11:13:29,264 DEBUG:findfont: score(FontEntry(fname='C:\\Windows\\Fonts\\javatext.ttf', name='Javanese Text', style='normal', variant='normal', weight=400, stretch='normal', size='scalable')) = 10.05
2025-01-09 11:13:29,266 DEBUG:findfont: score(FontEntry(fname='C:\\Windows\\Fonts\\TCCM____.TTF', name='Tw Cen MT Condensed', style='normal', variant='normal', weight=400, stretch='condensed', size='scalable')) = 10.25
2025-01-09 11:13:29,266 DEBUG:findfont: score(FontEntry(fname='C:\\Windows\\Fonts\\timesbi.ttf', name='Times New Roman', style='italic', variant='normal', weight=700, stretch='normal', size='scalable')) = 11.335
2025-01-09 11:13:29,266 DEBUG:findfont: score(FontEntry(fname='C:\\Windows\\Fonts\\seguisym.ttf', name='Segoe UI Symbol', style='normal', variant='normal', weight=400, stretch='normal', size='scalable')) = 10.05
2025-01-09 11:13:29,267 DEBUG:findfont: score(FontEntry(fname='C:\\Windows\\Fonts\\PALSCRI.TTF', name='Palace Script MT', style='normal', variant='normal', weight=400, stretch='normal', size='scalable')) = 10.05
2025-01-09 11:13:29,267 DEBUG:findfont: score(FontEntry(fname='C:\\Windows\\Fonts\\TCCB____.TTF', name='Tw Cen MT Condensed', style='normal', variant='normal', weight=700, stretch='condensed', size='scalable')) = 10.535
2025-01-09 11:13:29,267 DEBUG:findfont: score(FontEntry(fname='C:\\Windows\\Fonts\\calibrib.ttf', name='Calibri', style='normal', variant='normal', weight=700, stretch='normal', size='scalable')) = 10.335
2025-01-09 11:13:29,268 DEBUG:findfont: score(FontEntry(fname='C:\\Windows\\Fonts\\ebrima.ttf', name='Ebrima', style='normal', variant='normal', weight=400, stretch='normal', size='scalable')) = 10.05
2025-01-09 11:13:29,268 DEBUG:findfont: score(FontEntry(fname='C:\\Windows\\Fonts\\DUBAI-MEDIUM.TTF', name='Dubai', style='normal', variant='normal', weight=500, stretch='normal', size='scalable')) = 10.145
2025-01-09 11:13:29,269 DEBUG:findfont: score(FontEntry(fname='C:\\Windows\\Fonts\\monotxt_.ttf', name='Monotxt', style='normal', variant='normal', weight=400, stretch='normal', size='scalable')) = 10.05
2025-01-09 11:13:29,269 DEBUG:findfont: score(FontEntry(fname='C:\\Windows\\Fonts\\segoesc.ttf', name='Segoe Script', style='normal', variant='normal', weight=400, stretch='normal', size='scalable')) = 10.05
2025-01-09 11:13:29,271 DEBUG:findfont: score(FontEntry(fname='C:\\Windows\\Fonts\\YuGothB.ttc', name='Yu Gothic', style='normal', variant='normal', weight=700, stretch='normal', size='scalable')) = 10.335
2025-01-09 11:13:29,271 DEBUG:findfont: score(FontEntry(fname='C:\\Windows\\Fonts\\dutch.ttf', name='Dutch801 Rm BT', style='normal', variant='normal', weight=400, stretch='normal', size='scalable')) = 10.05
2025-01-09 11:13:29,272 DEBUG:findfont: score(FontEntry(fname='C:\\Windows\\Fonts\\BIZ-UDGothicB.ttc', name='BIZ UDGothic', style='normal', variant='normal', weight=700, stretch='normal', size='scalable')) = 10.335
2025-01-09 11:13:29,273 DEBUG:findfont: score(FontEntry(fname='C:\\Windows\\Fonts\\NirmalaB.ttf', name='Nirmala UI', style='normal', variant='normal', weight=700, stretch='normal', size='scalable')) = 10.335
2025-01-09 11:13:29,274 DEBUG:findfont: score(FontEntry(fname='C:\\Windows\\Fonts\\himalaya.ttf', name='Microsoft Himalaya', style='normal', variant='normal', weight=400, stretch='normal', size='scalable')) = 10.05
2025-01-09 11:13:29,275 DEBUG:findfont: score(FontEntry(fname='C:\\Windows\\Fonts\\CALIFB.TTF', name='Californian FB', style='normal', variant='normal', weight=700, stretch='normal', size='scalable')) = 10.335
2025-01-09 11:13:29,275 DEBUG:findfont: score(FontEntry(fname='C:\\Windows\\Fonts\\mmrtextb.ttf', name='Myanmar Text', style='normal', variant='normal', weight=700, stretch='normal', size='scalable')) = 10.335
2025-01-09 11:13:29,276 DEBUG:findfont: score(FontEntry(fname='C:\\Windows\\Fonts\\JOKERMAN.TTF', name='Jokerman', style='normal', variant='normal', weight=400, stretch='normal', size='scalable')) = 10.05
2025-01-09 11:13:29,276 DEBUG:findfont: score(FontEntry(fname='C:\\Windows\\Fonts\\HGRGM.TTC', name='HGGothicM', style='normal', variant='normal', weight=400, stretch='normal', size='scalable')) = 10.05
2025-01-09 11:13:29,278 DEBUG:findfont: score(FontEntry(fname='C:\\Windows\\Fonts\\MTCORSVA.TTF', name='Monotype Corsiva', style='normal', variant='normal', weight=400, stretch='normal', size='scalable')) = 10.05
2025-01-09 11:13:29,278 DEBUG:findfont: score(FontEntry(fname='C:\\Windows\\Fonts\\ERASBD.TTF', name='Eras Bold ITC', style='normal', variant='normal', weight=400, stretch='normal', size='scalable')) = 10.05
2025-01-09 11:13:29,280 DEBUG:findfont: score(FontEntry(fname='C:\\Windows\\Fonts\\FRABK.TTF', name='Franklin Gothic Book', style='normal', variant='normal', weight=400, stretch='normal', size='scalable')) = 10.05
2025-01-09 11:13:29,280 DEBUG:findfont: score(FontEntry(fname='C:\\Windows\\Fonts\\verdanaz.ttf', name='Verdana', style='italic', variant='normal', weight=700, stretch='normal', size='scalable')) = 4.971363636363637
2025-01-09 11:13:29,281 DEBUG:findfont: score(FontEntry(fname='C:\\Windows\\Fonts\\scriptc_.ttf', name='ScriptC', style='normal', variant='normal', weight=400, stretch='normal', size='scalable')) = 10.05
2025-01-09 11:13:29,281 DEBUG:findfont: score(FontEntry(fname='C:\\Windows\\Fonts\\seguiemj.ttf', name='Segoe UI Emoji', style='normal', variant='normal', weight=400, stretch='normal', size='scalable')) = 10.05
2025-01-09 11:13:29,282 DEBUG:findfont: score(FontEntry(fname='C:\\Windows\\Fonts\\dutcheb.ttf', name='Dutch801 XBd BT', style='normal', variant='normal', weight=400, stretch='normal', size='scalable')) = 10.05
2025-01-09 11:13:29,282 DEBUG:findfont: score(FontEntry(fname='C:\\Windows\\Fonts\\Artifakt Element Heavy.ttf', name='Artifakt Element', style='normal', variant='normal', weight=900, stretch='normal', size='scalable')) = 10.525
2025-01-09 11:13:29,282 DEBUG:findfont: score(FontEntry(fname='C:\\Windows\\Fonts\\BRLNSDB.TTF', name='Berlin Sans FB Demi', style='normal', variant='normal', weight=700, stretch='normal', size='scalable')) = 10.335
2025-01-09 11:13:29,283 DEBUG:findfont: score(FontEntry(fname='C:\\Windows\\Fonts\\LTYPEBO.TTF', name='Lucida Sans Typewriter', style='oblique', variant='normal', weight=600, stretch='normal', size='scalable')) = 11.24
2025-01-09 11:13:29,283 DEBUG:findfont: score(FontEntry(fname='C:\\Windows\\Fonts\\italic_IV50.ttf', name='Italic', style='italic', variant='normal', weight=400, stretch='normal', size='scalable')) = 11.05
2025-01-09 11:13:29,284 DEBUG:findfont: score(FontEntry(fname='C:\\Windows\\Fonts\\bgothm.ttf', name='BankGothic Md BT', style='normal', variant='normal', weight=400, stretch='normal', size='scalable')) = 10.05
2025-01-09 11:13:29,284 DEBUG:findfont: score(FontEntry(fname='C:\\Windows\\Fonts\\LFAX.TTF', name='Lucida Fax', style='normal', variant='normal', weight=400, stretch='normal', size='scalable')) = 10.05
2025-01-09 11:13:29,284 DEBUG:findfont: score(FontEntry(fname='C:\\Windows\\Fonts\\FELIXTI.TTF', name='Felix Titling', style='normal', variant='normal', weight=400, stretch='normal', size='scalable')) = 10.05
2025-01-09 11:13:29,285 DEBUG:findfont: score(FontEntry(fname='C:\\Windows\\Fonts\\meiryo.ttc', name='Meiryo', style='normal', variant='normal', weight=400, stretch='normal', size='scalable')) = 10.05
2025-01-09 11:13:29,285 DEBUG:findfont: score(FontEntry(fname='C:\\Windows\\Fonts\\calibrii.ttf', name='Calibri', style='italic', variant='normal', weight=400, stretch='normal', size='scalable')) = 11.05
2025-01-09 11:13:29,286 DEBUG:findfont: score(FontEntry(fname='C:\\Windows\\Fonts\\BRITANIC.TTF', name='Britannic Bold', style='normal', variant='normal', weight=400, stretch='normal', size='scalable')) = 10.05
2025-01-09 11:13:29,287 DEBUG:findfont: score(FontEntry(fname='C:\\Windows\\Fonts\\BELL.TTF', name='Bell MT', style='normal', variant='normal', weight=400, stretch='normal', size='scalable')) = 10.05
2025-01-09 11:13:29,287 DEBUG:findfont: score(FontEntry(fname='C:\\Windows\\Fonts\\ROCKB.TTF', name='Rockwell', style='normal', variant='normal', weight=700, stretch='normal', size='scalable')) = 10.335
2025-01-09 11:13:29,287 DEBUG:findfont: score(FontEntry(fname='C:\\Windows\\Fonts\\COPRGTB.TTF', name='Copperplate Gothic Bold', style='normal', variant='normal', weight=400, stretch='normal', size='scalable')) = 10.05
2025-01-09 11:13:29,288 DEBUG:findfont: score(FontEntry(fname='C:\\Windows\\Fonts\\PERBI___.TTF', name='Perpetua', style='italic', variant='normal', weight=700, stretch='normal', size='scalable')) = 11.335
2025-01-09 11:13:29,288 DEBUG:findfont: score(FontEntry(fname='C:\\Windows\\Fonts\\BOD_CR.TTF', name='Bodoni MT', style='normal', variant='normal', weight=400, stretch='condensed', size='scalable')) = 10.25
2025-01-09 11:13:29,289 DEBUG:findfont: score(FontEntry(fname='C:\\Windows\\Fonts\\REFSPCL.TTF', name='MS Reference Specialty', style='normal', variant='normal', weight=400, stretch='normal', size='scalable')) = 10.05
2025-01-09 11:13:29,289 DEBUG:findfont: score(FontEntry(fname='C:\\Windows\\Fonts\\BOD_I.TTF', name='Bodoni MT', style='italic', variant='normal', weight=400, stretch='normal', size='scalable')) = 11.05
2025-01-09 11:13:29,289 DEBUG:findfont: score(FontEntry(fname='C:\\Windows\\Fonts\\verdana.ttf', name='Verdana', style='normal', variant='normal', weight=400, stretch='normal', size='scalable')) = 3.6863636363636365
2025-01-09 11:13:29,290 DEBUG:findfont: score(FontEntry(fname='C:\\Windows\\Fonts\\dutchi.ttf', name='Dutch801 Rm BT', style='italic', variant='normal', weight=400, stretch='normal', size='scalable')) = 11.05
2025-01-09 11:13:29,290 DEBUG:findfont: score(FontEntry(fname='C:\\Windows\\Fonts\\NIAGENG.TTF', name='Niagara Engraved', style='normal', variant='normal', weight=400, stretch='normal', size='scalable')) = 10.05
2025-01-09 11:13:29,290 DEBUG:findfont: score(FontEntry(fname='C:\\Windows\\Fonts\\isocpeur.ttf', name='ISOCPEUR', style='normal', variant='normal', weight=400, stretch='normal', size='scalable')) = 10.05
2025-01-09 11:13:29,291 DEBUG:findfont: score(FontEntry(fname='C:\\Windows\\Fonts\\corbel.ttf', name='Corbel', style='normal', variant='normal', weight=400, stretch='normal', size='scalable')) = 10.05
2025-01-09 11:13:29,291 DEBUG:findfont: score(FontEntry(fname='C:\\Windows\\Fonts\\ebrimabd.ttf', name='Ebrima', style='normal', variant='normal', weight=700, stretch='normal', size='scalable')) = 10.335
2025-01-09 11:13:29,292 DEBUG:findfont: score(FontEntry(fname='C:\\Windows\\Fonts\\ARLRDBD.TTF', name='Arial Rounded MT Bold', style='normal', variant='normal', weight=400, stretch='normal', size='scalable')) = 10.05
2025-01-09 11:13:29,292 DEBUG:findfont: score(FontEntry(fname='C:\\Windows\\Fonts\\comic.ttf', name='Comic Sans MS', style='normal', variant='normal', weight=400, stretch='normal', size='scalable')) = 10.05
2025-01-09 11:13:29,292 DEBUG:findfont: score(FontEntry(fname='C:\\Windows\\Fonts\\isoct2__.ttf', name='ISOCT2', style='normal', variant='normal', weight=400, stretch='normal', size='scalable')) = 10.05
2025-01-09 11:13:29,293 DEBUG:findfont: score(FontEntry(fname='C:\\Windows\\Fonts\\isocpeui.ttf', name='ISOCPEUR', style='italic', variant='normal', weight=400, stretch='normal', size='scalable')) = 11.05
2025-01-09 11:13:29,294 DEBUG:findfont: score(FontEntry(fname='C:\\Windows\\Fonts\\cambriab.ttf', name='Cambria', style='normal', variant='normal', weight=700, stretch='normal', size='scalable')) = 10.335
2025-01-09 11:13:29,294 DEBUG:findfont: score(FontEntry(fname='C:\\Windows\\Fonts\\ROCK.TTF', name='Rockwell', style='normal', variant='normal', weight=400, stretch='normal', size='scalable')) = 10.05
2025-01-09 11:13:29,295 DEBUG:findfont: score(FontEntry(fname='C:\\Windows\\Fonts\\BOD_CB.TTF', name='Bodoni MT', style='normal', variant='normal', weight=700, stretch='condensed', size='scalable')) = 10.535
2025-01-09 11:13:29,295 DEBUG:findfont: score(FontEntry(fname='C:\\Windows\\Fonts\\symap_IV50.ttf', name='Symap', style='normal', variant='normal', weight=400, stretch='normal', size='scalable')) = 10.05
2025-01-09 11:13:29,295 DEBUG:findfont: score(FontEntry(fname='C:\\Windows\\Fonts\\symusic_IV50.ttf', name='Symusic', style='normal', variant='normal', weight=400, stretch='normal', size='scalable')) = 10.05
2025-01-09 11:13:29,296 DEBUG:findfont: score(FontEntry(fname='C:\\Windows\\Fonts\\GIGI.TTF', name='Gigi', style='normal', variant='normal', weight=400, stretch='normal', size='scalable')) = 10.05
2025-01-09 11:13:29,296 DEBUG:findfont: score(FontEntry(fname='C:\\Windows\\Fonts\\constanb.ttf', name='Constantia', style='normal', variant='normal', weight=700, stretch='normal', size='scalable')) = 10.335
2025-01-09 11:13:29,297 DEBUG:findfont: score(FontEntry(fname='C:\\Windows\\Fonts\\symath_IV25.ttf', name='Symath', style='normal', variant='normal', weight=400, stretch='normal', size='scalable')) = 10.05
2025-01-09 11:13:29,297 DEBUG:findfont: score(FontEntry(fname='C:\\Windows\\Fonts\\BERNHC.TTF', name='Bernard MT Condensed', style='normal', variant='normal', weight=400, stretch='condensed', size='scalable')) = 10.25
2025-01-09 11:13:29,297 DEBUG:findfont: score(FontEntry(fname='C:\\Windows\\Fonts\\symbol.ttf', name='Symbol', style='normal', variant='normal', weight=400, stretch='normal', size='scalable')) = 10.05
2025-01-09 11:13:29,299 DEBUG:findfont: score(FontEntry(fname='C:\\Windows\\Fonts\\GOTHICI.TTF', name='Century Gothic', style='italic', variant='normal', weight=400, stretch='normal', size='scalable')) = 11.05
2025-01-09 11:13:29,299 DEBUG:findfont: score(FontEntry(fname='C:\\Windows\\Fonts\\gothici_.ttf', name='GothicI', style='normal', variant='normal', weight=400, stretch='normal', size='scalable')) = 10.05
2025-01-09 11:13:29,299 DEBUG:findfont: score(FontEntry(fname='C:\\Windows\\Fonts\\romantic.ttf', name='Romantic', style='normal', variant='normal', weight=400, stretch='normal', size='scalable')) = 10.05
2025-01-09 11:13:29,300 DEBUG:findfont: score(FontEntry(fname='C:\\Windows\\Fonts\\mvboli.ttf', name='MV Boli', style='normal', variant='normal', weight=400, stretch='normal', size='scalable')) = 10.05
2025-01-09 11:13:29,302 DEBUG:findfont: score(FontEntry(fname='C:\\Windows\\Fonts\\pala.ttf', name='Palatino Linotype', style='normal', variant='normal', weight=400, stretch='normal', size='scalable')) = 10.05
2025-01-09 11:13:29,302 DEBUG:findfont: score(FontEntry(fname='C:\\Windows\\Fonts\\corbelli.ttf', name='Corbel', style='italic', variant='normal', weight=300, stretch='normal', size='scalable')) = 11.145
2025-01-09 11:13:29,303 DEBUG:findfont: score(FontEntry(fname='C:\\Windows\\Fonts\\monos.ttf', name='Monospac821 BT', style='normal', variant='normal', weight=400, stretch='normal', size='scalable')) = 10.05
2025-01-09 11:13:29,303 DEBUG:findfont: score(FontEntry(fname='C:\\Windows\\Fonts\\ARIALNBI.TTF', name='Arial', style='italic', variant='normal', weight=700, stretch='condensed', size='scalable')) = 7.8986363636363635
2025-01-09 11:13:29,305 DEBUG:findfont: score(FontEntry(fname='C:\\Windows\\Fonts\\HGRSKP.TTF', name='HGSeikaishotaiPRO', style='normal', variant='normal', weight=400, stretch='normal', size='scalable')) = 10.05
2025-01-09 11:13:29,305 DEBUG:findfont: score(FontEntry(fname='C:\\Windows\\Fonts\\swissb.ttf', name='Swis721 BT', style='normal', variant='normal', weight=700, stretch='normal', size='scalable')) = 10.335
2025-01-09 11:13:29,305 DEBUG:findfont: score(FontEntry(fname='C:\\Windows\\Fonts\\swissel.ttf', name='Swis721 LtEx BT', style='normal', variant='normal', weight=400, stretch='expanded', size='scalable')) = 10.25
2025-01-09 11:13:29,306 DEBUG:findfont: score(FontEntry(fname='C:\\Windows\\Fonts\\isoct3_IV50.ttf', name='ISOCT3', style='normal', variant='normal', weight=400, stretch='normal', size='scalable')) = 10.05
2025-01-09 11:13:29,306 DEBUG:findfont: score(FontEntry(fname='C:\\Windows\\Fonts\\LeelawUI.ttf', name='Leelawadee UI', style='normal', variant='normal', weight=400, stretch='normal', size='scalable')) = 10.05
2025-01-09 11:13:29,307 DEBUG:findfont: score(FontEntry(fname='C:\\Windows\\Fonts\\constan.ttf', name='Constantia', style='normal', variant='normal', weight=400, stretch='normal', size='scalable')) = 10.05
2025-01-09 11:13:29,307 DEBUG:findfont: score(FontEntry(fname='C:\\Windows\\Fonts\\georgiab.ttf', name='Georgia', style='normal', variant='normal', weight=700, stretch='normal', size='scalable')) = 10.335
2025-01-09 11:13:29,308 DEBUG:findfont: score(FontEntry(fname='C:\\Windows\\Fonts\\ariali.ttf', name='Arial', style='italic', variant='normal', weight=400, stretch='normal', size='scalable')) = 7.413636363636363
2025-01-09 11:13:29,308 DEBUG:findfont: score(FontEntry(fname='C:\\Windows\\Fonts\\consolaz.ttf', name='Consolas', style='italic', variant='normal', weight=700, stretch='normal', size='scalable')) = 11.335
2025-01-09 11:13:29,308 DEBUG:findfont: score(FontEntry(fname='C:\\Windows\\Fonts\\swissl.ttf', name='Swis721 Lt BT', style='normal', variant='normal', weight=400, stretch='normal', size='scalable')) = 10.05
2025-01-09 11:13:29,309 DEBUG:findfont: score(FontEntry(fname='C:\\Windows\\Fonts\\isocp3__.ttf', name='ISOCP3', style='normal', variant='normal', weight=400, stretch='normal', size='scalable')) = 10.05
2025-01-09 11:13:29,309 DEBUG:findfont: score(FontEntry(fname='C:\\Windows\\Fonts\\mtproxy2.ttf', name='Proxy 2', style='normal', variant='normal', weight=400, stretch='normal', size='scalable')) = 10.05
2025-01-09 11:13:29,309 DEBUG:findfont: score(FontEntry(fname='C:\\Windows\\Fonts\\Artifakt Element Thin.ttf', name='Artifakt Element', style='normal', variant='normal', weight=200, stretch='normal', size='scalable')) = 10.24
2025-01-09 11:13:29,310 DEBUG:findfont: score(FontEntry(fname='C:\\Windows\\Fonts\\YuGothM.ttc', name='Yu Gothic', style='normal', variant='normal', weight=500, stretch='normal', size='scalable')) = 10.145
2025-01-09 11:13:29,311 DEBUG:findfont: score(FontEntry(fname='C:\\Windows\\Fonts\\seguihis.ttf', name='Segoe UI Historic', style='normal', variant='normal', weight=400, stretch='normal', size='scalable')) = 10.05
2025-01-09 11:13:29,311 DEBUG:findfont: score(FontEntry(fname='C:\\Windows\\Fonts\\BOD_CBI.TTF', name='Bodoni MT', style='italic', variant='normal', weight=700, stretch='condensed', size='scalable')) = 11.535
2025-01-09 11:13:29,312 DEBUG:findfont: score(FontEntry(fname='C:\\Windows\\Fonts\\GARA.TTF', name='Garamond', style='normal', variant='normal', weight=400, stretch='normal', size='scalable')) = 10.05
2025-01-09 11:13:29,312 DEBUG:findfont: score(FontEntry(fname='C:\\Windows\\Fonts\\palai.ttf', name='Palatino Linotype', style='italic', variant='normal', weight=400, stretch='normal', size='scalable')) = 11.05
2025-01-09 11:13:29,313 DEBUG:findfont: score(FontEntry(fname='C:\\Windows\\Fonts\\swissci.ttf', name='Swis721 Cn BT', style='italic', variant='normal', weight=400, stretch='condensed', size='scalable')) = 11.25
2025-01-09 11:13:29,313 DEBUG:findfont: score(FontEntry(fname='C:\\Windows\\Fonts\\LFAXDI.TTF', name='Lucida Fax', style='italic', variant='normal', weight=600, stretch='normal', size='scalable')) = 11.24
2025-01-09 11:13:29,313 DEBUG:findfont: score(FontEntry(fname='C:\\Windows\\Fonts\\BOD_BLAR.TTF', name='Bodoni MT', style='normal', variant='normal', weight=900, stretch='normal', size='scalable')) = 10.525
2025-01-09 11:13:29,314 DEBUG:findfont: score(FontEntry(fname='C:\\Windows\\Fonts\\swiss.ttf', name='Swis721 BT', style='normal', variant='normal', weight=400, stretch='normal', size='scalable')) = 10.05
2025-01-09 11:13:29,314 DEBUG:findfont: score(FontEntry(fname='C:\\Windows\\Fonts\\MATURASC.TTF', name='Matura MT Script Capitals', style='normal', variant='normal', weight=400, stretch='normal', size='scalable')) = 10.05
2025-01-09 11:13:29,315 DEBUG:findfont: score(FontEntry(fname='C:\\Windows\\Fonts\\HGRPP1.TTC', name='HGSoeiKakupoptai', style='normal', variant='normal', weight=400, stretch='normal', size='scalable')) = 10.05
2025-01-09 11:13:29,315 DEBUG:findfont: score(FontEntry(fname='C:\\Windows\\Fonts\\mtproxy4.ttf', name='Proxy 4', style='normal', variant='normal', weight=400, stretch='normal', size='scalable')) = 10.05
2025-01-09 11:13:29,315 DEBUG:findfont: score(FontEntry(fname='C:\\Windows\\Fonts\\isocp_IV25.ttf', name='ISOCP', style='normal', variant='normal', weight=400, stretch='normal', size='scalable')) = 10.05
2025-01-09 11:13:29,316 DEBUG:findfont: score(FontEntry(fname='C:\\Windows\\Fonts\\CASTELAR.TTF', name='Castellar', style='normal', variant='normal', weight=400, stretch='normal', size='scalable')) = 10.05
2025-01-09 11:13:29,318 DEBUG:findfont: score(FontEntry(fname='C:\\Windows\\Fonts\\Artifakt Element Hair.ttf', name='Artifakt Element', style='normal', variant='normal', weight=100, stretch='normal', size='scalable')) = 10.335
2025-01-09 11:13:29,318 DEBUG:findfont: score(FontEntry(fname='C:\\Windows\\Fonts\\LeelaUIb.ttf', name='Leelawadee UI', style='normal', variant='normal', weight=700, stretch='normal', size='scalable')) = 10.335
2025-01-09 11:13:29,318 DEBUG:findfont: score(FontEntry(fname='C:\\Windows\\Fonts\\BASKVILL.TTF', name='Baskerville Old Face', style='normal', variant='normal', weight=400, stretch='normal', size='scalable')) = 10.05
2025-01-09 11:13:29,319 DEBUG:findfont: score(FontEntry(fname='C:\\Windows\\Fonts\\romand__.ttf', name='RomanD', style='normal', variant='normal', weight=400, stretch='normal', size='scalable')) = 10.05
2025-01-09 11:13:29,319 DEBUG:findfont: score(FontEntry(fname='C:\\Windows\\Fonts\\sanssb__.ttf', name='SansSerif', style='normal', variant='normal', weight=700, stretch='normal', size='scalable')) = 10.335
2025-01-09 11:13:29,322 DEBUG:findfont: score(FontEntry(fname='C:\\Windows\\Fonts\\mtproxy6.ttf', name='Proxy 6', style='normal', variant='normal', weight=400, stretch='normal', size='scalable')) = 10.05
2025-01-09 11:13:29,323 DEBUG:findfont: score(FontEntry(fname='C:\\Windows\\Fonts\\segoeuiz.ttf', name='Segoe UI', style='italic', variant='normal', weight=700, stretch='normal', size='scalable')) = 11.335
2025-01-09 11:13:29,323 DEBUG:findfont: score(FontEntry(fname='C:\\Windows\\Fonts\\GARABD.TTF', name='Garamond', style='normal', variant='normal', weight=700, stretch='normal', size='scalable')) = 10.335
2025-01-09 11:13:29,323 DEBUG:findfont: score(FontEntry(fname='C:\\Windows\\Fonts\\BIZ-UDGothicR.ttc', name='BIZ UDGothic', style='normal', variant='normal', weight=400, stretch='normal', size='scalable')) = 10.05
2025-01-09 11:13:29,324 DEBUG:findfont: score(FontEntry(fname='C:\\Windows\\Fonts\\MSUIGHUR.TTF', name='Microsoft Uighur', style='normal', variant='normal', weight=400, stretch='normal', size='scalable')) = 10.05
2025-01-09 11:13:29,324 DEBUG:findfont: score(FontEntry(fname='C:\\Windows\\Fonts\\REFSAN.TTF', name='MS Reference Sans Serif', style='normal', variant='normal', weight=400, stretch='normal', size='scalable')) = 10.05
2025-01-09 11:13:29,325 DEBUG:findfont: score(FontEntry(fname='C:\\Windows\\Fonts\\NirmalaS.ttf', name='Nirmala UI', style='normal', variant='normal', weight=350, stretch='normal', size='scalable')) = 10.0975
2025-01-09 11:13:29,325 DEBUG:findfont: score(FontEntry(fname='C:\\Windows\\Fonts\\couri.ttf', name='Courier New', style='italic', variant='normal', weight=400, stretch='normal', size='scalable')) = 11.05
2025-01-09 11:13:29,325 DEBUG:findfont: score(FontEntry(fname='C:\\Windows\\Fonts\\constani.ttf', name='Constantia', style='italic', variant='normal', weight=400, stretch='normal', size='scalable')) = 11.05
2025-01-09 11:13:29,326 DEBUG:findfont: score(FontEntry(fname='C:\\Windows\\Fonts\\mtproxy9.ttf', name='Proxy 9', style='normal', variant='normal', weight=400, stretch='normal', size='scalable')) = 10.05
2025-01-09 11:13:29,326 DEBUG:findfont: score(FontEntry(fname='C:\\Windows\\Fonts\\BOD_CI.TTF', name='Bodoni MT', style='italic', variant='normal', weight=400, stretch='condensed', size='scalable')) = 11.25
2025-01-09 11:13:29,326 DEBUG:findfont: score(FontEntry(fname='C:\\Windows\\Fonts\\seguili.ttf', name='Segoe UI', style='italic', variant='normal', weight=300, stretch='normal', size='scalable')) = 11.145
2025-01-09 11:13:29,327 DEBUG:findfont: score(FontEntry(fname='C:\\Windows\\Fonts\\GOST Common Italic.ttf', name='GOST Common', style='italic', variant='normal', weight=400, stretch='normal', size='scalable')) = 11.05
2025-01-09 11:13:29,327 DEBUG:findfont: score(FontEntry(fname='C:\\Windows\\Fonts\\gadugib.ttf', name='Gadugi', style='normal', variant='normal', weight=700, stretch='normal', size='scalable')) = 10.335
2025-01-09 11:13:29,328 DEBUG:findfont: score(FontEntry(fname='C:\\Windows\\Fonts\\italicc_.ttf', name='ItalicC', style='italic', variant='normal', weight=400, stretch='normal', size='scalable')) = 11.05
2025-01-09 11:13:29,329 DEBUG:findfont: score(FontEntry(fname='C:\\Windows\\Fonts\\Candaraz.ttf', name='Candara', style='italic', variant='normal', weight=700, stretch='normal', size='scalable')) = 11.335
2025-01-09 11:13:29,329 DEBUG:findfont: score(FontEntry(fname='C:\\Windows\\Fonts\\tahoma.ttf', name='Tahoma', style='normal', variant='normal', weight=400, stretch='normal', size='scalable')) = 10.05
2025-01-09 11:13:29,330 DEBUG:findfont: score(FontEntry(fname='C:\\Windows\\Fonts\\HGRPRE.TTC', name='HGSoeiPresenceEB', style='normal', variant='normal', weight=400, stretch='normal', size='scalable')) = 10.05
2025-01-09 11:13:29,330 DEBUG:findfont: score(FontEntry(fname='C:\\Windows\\Fonts\\umath.ttf', name='UniversalMath1 BT', style='normal', variant='normal', weight=400, stretch='normal', size='scalable')) = 10.05
2025-01-09 11:13:29,330 DEBUG:findfont: score(FontEntry(fname='C:\\Windows\\Fonts\\FRADM.TTF', name='Franklin Gothic Demi', style='normal', variant='normal', weight=400, stretch='normal', size='scalable')) = 10.05
2025-01-09 11:13:29,331 DEBUG:findfont: score(FontEntry(fname='C:\\Windows\\Fonts\\CALISTBI.TTF', name='Calisto MT', style='italic', variant='normal', weight=700, stretch='normal', size='scalable')) = 11.335
2025-01-09 11:13:29,331 DEBUG:findfont: score(FontEntry(fname='C:\\Windows\\Fonts\\SNAP____.TTF', name='Snap ITC', style='normal', variant='normal', weight=400, stretch='normal', size='scalable')) = 10.05
2025-01-09 11:13:29,332 DEBUG:findfont: score(FontEntry(fname='C:\\Windows\\Fonts\\msjh.ttc', name='Microsoft JhengHei', style='normal', variant='normal', weight=400, stretch='normal', size='scalable')) = 10.05
2025-01-09 11:13:29,332 DEBUG:findfont: score(FontEntry(fname='C:\\Windows\\Fonts\\CALIST.TTF', name='Calisto MT', style='normal', variant='normal', weight=400, stretch='normal', size='scalable')) = 10.05
2025-01-09 11:13:29,332 DEBUG:findfont: score(FontEntry(fname='C:\\Windows\\Fonts\\BRLNSR.TTF', name='Berlin Sans FB', style='normal', variant='normal', weight=400, stretch='normal', size='scalable')) = 10.05
2025-01-09 11:13:29,333 DEBUG:findfont: score(FontEntry(fname='C:\\Windows\\Fonts\\cambriai.ttf', name='Cambria', style='italic', variant='normal', weight=400, stretch='normal', size='scalable')) = 11.05
2025-01-09 11:13:29,334 DEBUG:findfont: score(FontEntry(fname='C:\\Windows\\Fonts\\txt_IV25.ttf', name='Txt', style='normal', variant='normal', weight=400, stretch='normal', size='scalable')) = 10.05
2025-01-09 11:13:29,334 DEBUG:findfont: score(FontEntry(fname='C:\\Windows\\Fonts\\FRSCRIPT.TTF', name='French Script MT', style='normal', variant='normal', weight=400, stretch='normal', size='scalable')) = 10.05
2025-01-09 11:13:29,335 DEBUG:findfont: score(FontEntry(fname='C:\\Windows\\Fonts\\PRISTINA.TTF', name='Pristina', style='normal', variant='normal', weight=400, stretch='normal', size='scalable')) = 10.05
2025-01-09 11:13:29,336 DEBUG:findfont: score(FontEntry(fname='C:\\Windows\\Fonts\\calibri.ttf', name='Calibri', style='normal', variant='normal', weight=400, stretch='normal', size='scalable')) = 10.05
2025-01-09 11:13:29,337 DEBUG:findfont: score(FontEntry(fname='C:\\Windows\\Fonts\\ARIALNI.TTF', name='Arial', style='italic', variant='normal', weight=400, stretch='condensed', size='scalable')) = 7.613636363636363
2025-01-09 11:13:29,337 DEBUG:findfont: score(FontEntry(fname='C:\\Windows\\Fonts\\segoeuib.ttf', name='Segoe UI', style='normal', variant='normal', weight=700, stretch='normal', size='scalable')) = 10.335
2025-01-09 11:13:29,337 DEBUG:findfont: score(FontEntry(fname='C:\\Windows\\Fonts\\msjhl.ttc', name='Microsoft JhengHei', style='normal', variant='normal', weight=290, stretch='normal', size='scalable')) = 10.1545
2025-01-09 11:13:29,338 DEBUG:findfont: score(FontEntry(fname='C:\\Windows\\Fonts\\mtproxy1.ttf', name='Proxy 1', style='normal', variant='normal', weight=400, stretch='normal', size='scalable')) = 10.05
2025-01-09 11:13:29,338 DEBUG:findfont: score(FontEntry(fname='C:\\Windows\\Fonts\\BRADHITC.TTF', name='Bradley Hand ITC', style='normal', variant='normal', weight=400, stretch='normal', size='scalable')) = 10.05
2025-01-09 11:13:29,339 DEBUG:findfont: score(FontEntry(fname='C:\\Windows\\Fonts\\swisscki.ttf', name='Swis721 BlkCn BT', style='italic', variant='normal', weight=400, stretch='condensed', size='scalable')) = 11.25
2025-01-09 11:13:29,340 DEBUG:findfont: score(FontEntry(fname='C:\\Windows\\Fonts\\LSANS.TTF', name='Lucida Sans', style='normal', variant='normal', weight=400, stretch='normal', size='scalable')) = 10.05
2025-01-09 11:13:29,340 DEBUG:findfont: score(FontEntry(fname='C:\\Windows\\Fonts\\monbaiti.ttf', name='Mongolian Baiti', style='normal', variant='normal', weight=400, stretch='normal', size='scalable')) = 10.05
2025-01-09 11:13:29,341 DEBUG:findfont: score(FontEntry(fname='C:\\Windows\\Fonts\\LCALLIG.TTF', name='Lucida Calligraphy', style='italic', variant='normal', weight=400, stretch='normal', size='scalable')) = 11.05
2025-01-09 11:13:29,341 DEBUG:findfont: score(FontEntry(fname='C:\\Windows\\Fonts\\eurr____.ttf', name='EuroRoman', style='normal', variant='normal', weight=400, stretch='normal', size='scalable')) = 10.05
2025-01-09 11:13:29,342 DEBUG:findfont: score(FontEntry(fname='C:\\Windows\\Fonts\\supef___.ttf', name='SuperFrench', style='normal', variant='normal', weight=400, stretch='normal', size='scalable')) = 10.05
2025-01-09 11:13:29,342 DEBUG:findfont: score(FontEntry(fname='C:\\Windows\\Fonts\\swisski.ttf', name='Swis721 Blk BT', style='italic', variant='normal', weight=400, stretch='normal', size='scalable')) = 11.05
2025-01-09 11:13:29,342 DEBUG:findfont: score(FontEntry(fname='C:\\Windows\\Fonts\\trebucbd.ttf', name='Trebuchet MS', style='normal', variant='normal', weight=700, stretch='normal', size='scalable')) = 10.335
2025-01-09 11:13:29,342 DEBUG:findfont: score(FontEntry(fname='C:\\Windows\\Fonts\\tahomabd.ttf', name='Tahoma', style='normal', variant='normal', weight=700, stretch='normal', size='scalable')) = 10.335
2025-01-09 11:13:29,343 DEBUG:findfont: score(FontEntry(fname='C:\\Windows\\Fonts\\swissi.ttf', name='Swis721 BT', style='italic', variant='normal', weight=400, stretch='normal', size='scalable')) = 11.05
2025-01-09 11:13:29,343 DEBUG:findfont: score(FontEntry(fname='C:\\Windows\\Fonts\\GENISO.ttf', name='GENISO', style='normal', variant='normal', weight=400, stretch='normal', size='scalable')) = 10.05
2025-01-09 11:13:29,344 DEBUG:findfont: score(FontEntry(fname='C:\\Windows\\Fonts\\SitkaVF.ttf', name='Sitka', style='normal', variant='normal', weight=400, stretch='normal', size='scalable')) = 10.05
2025-01-09 11:13:29,344 DEBUG:findfont: score(FontEntry(fname='C:\\Windows\\Fonts\\GOTHICBI.TTF', name='Century Gothic', style='italic', variant='normal', weight=700, stretch='normal', size='scalable')) = 11.335
2025-01-09 11:13:29,344 DEBUG:findfont: score(FontEntry(fname='C:\\Windows\\Fonts\\italic_IV25.ttf', name='Italic', style='italic', variant='normal', weight=400, stretch='normal', size='scalable')) = 11.05
2025-01-09 11:13:29,345 DEBUG:findfont: score(FontEntry(fname='C:\\Windows\\Fonts\\isoct3_IV25.ttf', name='ISOCT3', style='normal', variant='normal', weight=400, stretch='normal', size='scalable')) = 10.05
2025-01-09 11:13:29,346 DEBUG:findfont: score(FontEntry(fname='C:\\Windows\\Fonts\\OUTLOOK.TTF', name='MS Outlook', style='normal', variant='normal', weight=400, stretch='normal', size='scalable')) = 10.05
2025-01-09 11:13:29,346 DEBUG:findfont: score(FontEntry(fname='C:\\Windows\\Fonts\\msyh.ttc', name='Microsoft YaHei', style='normal', variant='normal', weight=400, stretch='normal', size='scalable')) = 10.05
2025-01-09 11:13:29,347 DEBUG:findfont: score(FontEntry(fname='C:\\Windows\\Fonts\\corbelb.ttf', name='Corbel', style='normal', variant='normal', weight=700, stretch='normal', size='scalable')) = 10.335
2025-01-09 11:13:29,347 DEBUG:findfont: score(FontEntry(fname='C:\\Windows\\Fonts\\greeks_IV25.ttf', name='GreekS', style='normal', variant='normal', weight=400, stretch='normal', size='scalable')) = 10.05
2025-01-09 11:13:29,347 DEBUG:findfont: score(FontEntry(fname='C:\\Windows\\Fonts\\lucon.ttf', name='Lucida Console', style='normal', variant='normal', weight=400, stretch='normal', size='scalable')) = 10.05
2025-01-09 11:13:29,348 DEBUG:findfont: score(FontEntry(fname='C:\\Windows\\Fonts\\swissbo.ttf', name='Swis721 BdOul BT', style='normal', variant='normal', weight=400, stretch='normal', size='scalable')) = 10.05
2025-01-09 11:13:29,349 DEBUG:findfont: score(FontEntry(fname='C:\\Windows\\Fonts\\GILC____.TTF', name='Gill Sans MT Condensed', style='normal', variant='normal', weight=400, stretch='condensed', size='scalable')) = 10.25
2025-01-09 11:13:29,349 DEBUG:findfont: score(FontEntry(fname='C:\\Windows\\Fonts\\HGRMB.TTC', name='HGMinchoB', style='normal', variant='normal', weight=400, stretch='normal', size='scalable')) = 10.05
2025-01-09 11:13:29,349 DEBUG:findfont: score(FontEntry(fname='C:\\Windows\\Fonts\\simsun.ttc', name='SimSun', style='normal', variant='normal', weight=400, stretch='normal', size='scalable')) = 10.05
2025-01-09 11:13:29,350 DEBUG:findfont: score(FontEntry(fname='C:\\Windows\\Fonts\\monosbi.ttf', name='Monospac821 BT', style='italic', variant='normal', weight=700, stretch='normal', size='scalable')) = 11.335
2025-01-09 11:13:29,350 DEBUG:findfont: score(FontEntry(fname='C:\\Windows\\Fonts\\Inkfree.ttf', name='Ink Free', style='normal', variant='normal', weight=400, stretch='normal', size='scalable')) = 10.05
2025-01-09 11:13:29,351 DEBUG:findfont: score(FontEntry(fname='C:\\Windows\\Fonts\\SHOWG.TTF', name='Showcard Gothic', style='normal', variant='normal', weight=400, stretch='normal', size='scalable')) = 10.05
2025-01-09 11:13:29,351 DEBUG:findfont: score(FontEntry(fname='C:\\Windows\\Fonts\\FRAHVIT.TTF', name='Franklin Gothic Heavy', style='italic', variant='normal', weight=400, stretch='normal', size='scalable')) = 11.05
2025-01-09 11:13:29,351 DEBUG:findfont: score(FontEntry(fname='C:\\Windows\\Fonts\\BOOKOSBI.TTF', name='Bookman Old Style', style='italic', variant='normal', weight=600, stretch='normal', size='scalable')) = 11.24
2025-01-09 11:13:29,352 DEBUG:findfont: score(FontEntry(fname='C:\\Windows\\Fonts\\calibrili.ttf', name='Calibri', style='italic', variant='normal', weight=300, stretch='normal', size='scalable')) = 11.145
2025-01-09 11:13:29,352 DEBUG:findfont: score(FontEntry(fname='C:\\Windows\\Fonts\\FORTE.TTF', name='Forte', style='normal', variant='normal', weight=400, stretch='normal', size='scalable')) = 10.05
2025-01-09 11:13:29,352 DEBUG:findfont: score(FontEntry(fname='C:\\Windows\\Fonts\\swissck.ttf', name='Swis721 BlkCn BT', style='normal', variant='normal', weight=400, stretch='condensed', size='scalable')) = 10.25
2025-01-09 11:13:29,352 DEBUG:findfont: score(FontEntry(fname='C:\\Windows\\Fonts\\swissli.ttf', name='Swis721 Lt BT', style='italic', variant='normal', weight=400, stretch='normal', size='scalable')) = 11.05
2025-01-09 11:13:29,353 DEBUG:findfont: score(FontEntry(fname='C:\\Windows\\Fonts\\FRAMDCN.TTF', name='Franklin Gothic Medium Cond', style='normal', variant='normal', weight=400, stretch='condensed', size='scalable')) = 10.25
2025-01-09 11:13:29,353 DEBUG:findfont: score(FontEntry(fname='C:\\Windows\\Fonts\\HGRSGU.TTC', name='HGSoeiKakugothicUB', style='normal', variant='normal', weight=400, stretch='normal', size='scalable')) = 10.05
2025-01-09 11:13:29,353 DEBUG:findfont: score(FontEntry(fname='C:\\Windows\\Fonts\\Candaral.ttf', name='Candara', style='normal', variant='normal', weight=400, stretch='normal', size='scalable')) = 10.05
2025-01-09 11:13:29,354 DEBUG:findfont: score(FontEntry(fname='C:\\Windows\\Fonts\\syastro_.ttf', name='Syastro', style='normal', variant='normal', weight=400, stretch='normal', size='scalable')) = 10.05
2025-01-09 11:13:29,354 DEBUG:findfont: score(FontEntry(fname='C:\\Windows\\Fonts\\CENTURY.TTF', name='Century', style='normal', variant='normal', weight=400, stretch='normal', size='scalable')) = 10.05
2025-01-09 11:13:29,354 DEBUG:findfont: score(FontEntry(fname='C:\\Windows\\Fonts\\timesbd.ttf', name='Times New Roman', style='normal', variant='normal', weight=700, stretch='normal', size='scalable')) = 10.335
2025-01-09 11:13:29,355 DEBUG:findfont: score(FontEntry(fname='C:\\Windows\\Fonts\\BIZ-UDMinchoM.ttc', name='BIZ UDMincho', style='normal', variant='normal', weight=500, stretch='normal', size='scalable')) = 10.145
2025-01-09 11:13:29,355 DEBUG:findfont: score(FontEntry(fname='C:\\Windows\\Fonts\\Candarai.ttf', name='Candara', style='italic', variant='normal', weight=400, stretch='normal', size='scalable')) = 11.05
2025-01-09 11:13:29,355 DEBUG:findfont: score(FontEntry(fname='C:\\Windows\\Fonts\\GILB____.TTF', name='Gill Sans MT', style='normal', variant='normal', weight=700, stretch='normal', size='scalable')) = 10.335
2025-01-09 11:13:29,356 DEBUG:findfont: score(FontEntry(fname='C:\\Windows\\Fonts\\simsunb.ttf', name='SimSun-ExtB', style='normal', variant='normal', weight=400, stretch='normal', size='scalable')) = 10.05
2025-01-09 11:13:29,356 DEBUG:findfont: score(FontEntry(fname='C:\\Windows\\Fonts\\BRUSHSCI.TTF', name='Brush Script MT', style='italic', variant='normal', weight=400, stretch='normal', size='scalable')) = 11.05
2025-01-09 11:13:29,356 DEBUG:findfont: score(FontEntry(fname='C:\\Windows\\Fonts\\PARCHM.TTF', name='Parchment', style='normal', variant='normal', weight=400, stretch='normal', size='scalable')) = 10.05
2025-01-09 11:13:29,357 DEBUG:findfont: score(FontEntry(fname='C:\\Windows\\Fonts\\BSSYM7.TTF', name='Bookshelf Symbol 7', style='normal', variant='normal', weight=400, stretch='normal', size='scalable')) = 10.05
2025-01-09 11:13:29,357 DEBUG:findfont: score(FontEntry(fname='C:\\Windows\\Fonts\\BOD_PSTC.TTF', name='Bodoni MT', style='normal', variant='normal', weight=300, stretch='normal', size='scalable')) = 10.145
2025-01-09 11:13:29,357 DEBUG:findfont: score(FontEntry(fname='C:\\Windows\\Fonts\\seguisb.ttf', name='Segoe UI', style='normal', variant='normal', weight=600, stretch='normal', size='scalable')) = 10.24
2025-01-09 11:13:29,358 DEBUG:findfont: score(FontEntry(fname='C:\\Windows\\Fonts\\BELLB.TTF', name='Bell MT', style='normal', variant='normal', weight=700, stretch='normal', size='scalable')) = 10.335
2025-01-09 11:13:29,358 DEBUG:findfont: score(FontEntry(fname='C:\\Windows\\Fonts\\meiryob.ttc', name='Meiryo', style='normal', variant='normal', weight=700, stretch='normal', size='scalable')) = 10.335
2025-01-09 11:13:29,358 DEBUG:findfont: score(FontEntry(fname='C:\\Windows\\Fonts\\mtproxy8.ttf', name='Proxy 8', style='normal', variant='normal', weight=400, stretch='normal', size='scalable')) = 10.05
2025-01-09 11:13:29,359 DEBUG:findfont: score(FontEntry(fname='C:\\Windows\\Fonts\\greeks__.ttf', name='GreekS', style='normal', variant='normal', weight=400, stretch='normal', size='scalable')) = 10.05
2025-01-09 11:13:29,359 DEBUG:findfont: score(FontEntry(fname='C:\\Windows\\Fonts\\mtproxy5.ttf', name='Proxy 5', style='normal', variant='normal', weight=400, stretch='normal', size='scalable')) = 10.05
2025-01-09 11:13:29,360 DEBUG:findfont: score(FontEntry(fname='C:\\Windows\\Fonts\\isoct___.ttf', name='ISOCT', style='normal', variant='normal', weight=400, stretch='normal', size='scalable')) = 10.05
2025-01-09 11:13:29,360 DEBUG:findfont: score(FontEntry(fname='C:\\Windows\\Fonts\\PAPYRUS.TTF', name='Papyrus', style='normal', variant='normal', weight=400, stretch='normal', size='scalable')) = 10.05
2025-01-09 11:13:29,361 DEBUG:findfont: score(FontEntry(fname='C:\\Windows\\Fonts\\GILSANUB.TTF', name='Gill Sans Ultra Bold', style='normal', variant='normal', weight=400, stretch='normal', size='scalable')) = 10.05
2025-01-09 11:13:29,362 DEBUG:findfont: score(FontEntry(fname='C:\\Windows\\Fonts\\isocp2__.ttf', name='ISOCP2', style='normal', variant='normal', weight=400, stretch='normal', size='scalable')) = 10.05
2025-01-09 11:13:29,362 DEBUG:findfont: score(FontEntry(fname='C:\\Windows\\Fonts\\LTYPEO.TTF', name='Lucida Sans Typewriter', style='oblique', variant='normal', weight=400, stretch='normal', size='scalable')) = 11.05
2025-01-09 11:13:29,363 DEBUG:findfont: score(FontEntry(fname='C:\\Windows\\Fonts\\arial.ttf', name='Arial', style='normal', variant='normal', weight=400, stretch='normal', size='scalable')) = 6.413636363636363
2025-01-09 11:13:29,364 DEBUG:findfont: score(FontEntry(fname='C:\\Windows\\Fonts\\segoeuii.ttf', name='Segoe UI', style='italic', variant='normal', weight=400, stretch='normal', size='scalable')) = 11.05
2025-01-09 11:13:29,364 DEBUG:findfont: score(FontEntry(fname='C:\\Windows\\Fonts\\UDDigiKyokashoN-R.ttc', name='UD Digi Kyokasho N-R', style='normal', variant='normal', weight=400, stretch='normal', size='scalable')) = 10.05
2025-01-09 11:13:29,365 DEBUG:findfont: score(FontEntry(fname='C:\\Windows\\Fonts\\framd.ttf', name='Franklin Gothic Medium', style='normal', variant='normal', weight=400, stretch='normal', size='scalable')) = 10.05
2025-01-09 11:13:29,365 DEBUG:findfont: score(FontEntry(fname='C:\\Windows\\Fonts\\CALIFR.TTF', name='Californian FB', style='normal', variant='normal', weight=400, stretch='normal', size='scalable')) = 10.05
2025-01-09 11:13:29,365 DEBUG:findfont: score(FontEntry(fname='C:\\Windows\\Fonts\\BAUHS93.TTF', name='Bauhaus 93', style='normal', variant='normal', weight=400, stretch='normal', size='scalable')) = 10.05
2025-01-09 11:13:29,366 DEBUG:findfont: score(FontEntry(fname='C:\\Windows\\Fonts\\sanss___.ttf', name='SansSerif', style='normal', variant='normal', weight=400, stretch='normal', size='scalable')) = 10.05
2025-01-09 11:13:29,366 DEBUG:findfont: score(FontEntry(fname='C:\\Windows\\Fonts\\LHANDW.TTF', name='Lucida Handwriting', style='italic', variant='normal', weight=400, stretch='normal', size='scalable')) = 11.05
2025-01-09 11:13:29,366 DEBUG:findfont: score(FontEntry(fname='C:\\Windows\\Fonts\\AGENCYB.TTF', name='Agency FB', style='normal', variant='normal', weight=700, stretch='normal', size='scalable')) = 10.335
2025-01-09 11:13:29,367 DEBUG:findfont: score(FontEntry(fname='C:\\Windows\\Fonts\\framdit.ttf', name='Franklin Gothic Medium', style='italic', variant='normal', weight=400, stretch='normal', size='scalable')) = 11.05
2025-01-09 11:13:29,367 DEBUG:findfont: score(FontEntry(fname='C:\\Windows\\Fonts\\ntailu.ttf', name='Microsoft New Tai Lue', style='normal', variant='normal', weight=400, stretch='normal', size='scalable')) = 10.05
2025-01-09 11:13:29,368 DEBUG:findfont: score(FontEntry(fname='C:\\Windows\\Fonts\\timesi.ttf', name='Times New Roman', style='italic', variant='normal', weight=400, stretch='normal', size='scalable')) = 11.05
2025-01-09 11:13:29,368 DEBUG:findfont: score(FontEntry(fname='C:\\Windows\\Fonts\\swisscli.ttf', name='Swis721 LtCn BT', style='italic', variant='normal', weight=400, stretch='condensed', size='scalable')) = 11.25
2025-01-09 11:13:29,368 DEBUG:findfont: score(FontEntry(fname='C:\\Windows\\Fonts\\ALGER.TTF', name='Algerian', style='normal', variant='normal', weight=400, stretch='normal', size='scalable')) = 10.05
2025-01-09 11:13:29,369 DEBUG:findfont: score(FontEntry(fname='C:\\Windows\\Fonts\\DUBAI-REGULAR.TTF', name='Dubai', style='normal', variant='normal', weight=400, stretch='normal', size='scalable')) = 10.05
2025-01-09 11:13:29,369 DEBUG:findfont: score(FontEntry(fname='C:\\Windows\\Fonts\\corbeli.ttf', name='Corbel', style='italic', variant='normal', weight=400, stretch='normal', size='scalable')) = 11.05
2025-01-09 11:13:29,369 DEBUG:findfont: score(FontEntry(fname='C:\\Windows\\Fonts\\greekc_IV50.ttf', name='GreekC', style='normal', variant='normal', weight=400, stretch='normal', size='scalable')) = 10.05
2025-01-09 11:13:29,370 DEBUG:findfont: score(FontEntry(fname='C:\\Windows\\Fonts\\LTYPE.TTF', name='Lucida Sans Typewriter', style='normal', variant='normal', weight=400, stretch='normal', size='scalable')) = 10.05
2025-01-09 11:13:29,370 DEBUG:findfont: score(FontEntry(fname='C:\\Windows\\Fonts\\Artifakt Element LIght.ttf', name='Artifakt Element', style='normal', variant='normal', weight=300, stretch='normal', size='scalable')) = 10.145
2025-01-09 11:13:29,370 DEBUG:findfont: score(FontEntry(fname='C:\\Windows\\Fonts\\MOD20.TTF', name='Modern No. 20', style='normal', variant='normal', weight=400, stretch='normal', size='scalable')) = 10.05
2025-01-09 11:13:29,371 DEBUG:findfont: score(FontEntry(fname='C:\\Windows\\Fonts\\BOD_R.TTF', name='Bodoni MT', style='normal', variant='normal', weight=400, stretch='normal', size='scalable')) = 10.05
2025-01-09 11:13:29,371 DEBUG:findfont: score(FontEntry(fname='C:\\Windows\\Fonts\\malgunsl.ttf', name='Malgun Gothic', style='normal', variant='normal', weight=300, stretch='normal', size='scalable')) = 10.145
2025-01-09 11:13:29,371 DEBUG:findfont: score(FontEntry(fname='C:\\Windows\\Fonts\\segoescb.ttf', name='Segoe Script', style='normal', variant='normal', weight=700, stretch='normal', size='scalable')) = 10.335
2025-01-09 11:13:29,372 DEBUG:findfont: score(FontEntry(fname='C:\\Windows\\Fonts\\ariblk.ttf', name='Arial', style='normal', variant='normal', weight=900, stretch='normal', size='scalable')) = 6.888636363636364
2025-01-09 11:13:29,372 DEBUG:findfont: score(FontEntry(fname='C:\\Windows\\Fonts\\swissc.ttf', name='Swis721 Cn BT', style='normal', variant='normal', weight=400, stretch='condensed', size='scalable')) = 10.25
2025-01-09 11:13:29,372 DEBUG:findfont: score(FontEntry(fname='C:\\Windows\\Fonts\\swisseb.ttf', name='Swis721 Ex BT', style='normal', variant='normal', weight=700, stretch='expanded', size='scalable')) = 10.535
2025-01-09 11:13:29,373 DEBUG:findfont: score(FontEntry(fname='C:\\Windows\\Fonts\\yumin.ttf', name='Yu Mincho', style='normal', variant='normal', weight=400, stretch='normal', size='scalable')) = 10.05
2025-01-09 11:13:29,373 DEBUG:findfont: score(FontEntry(fname='C:\\Windows\\Fonts\\BOD_BLAI.TTF', name='Bodoni MT', style='italic', variant='normal', weight=900, stretch='normal', size='scalable')) = 11.525
2025-01-09 11:13:29,374 DEBUG:findfont: score(FontEntry(fname='C:\\Windows\\Fonts\\msyi.ttf', name='Microsoft Yi Baiti', style='normal', variant='normal', weight=400, stretch='normal', size='scalable')) = 10.05
2025-01-09 11:13:29,374 DEBUG:findfont: score(FontEntry(fname='C:\\Windows\\Fonts\\segoeui.ttf', name='Segoe UI', style='normal', variant='normal', weight=400, stretch='normal', size='scalable')) = 10.05
2025-01-09 11:13:29,374 DEBUG:findfont: score(FontEntry(fname='C:\\Windows\\Fonts\\BOD_BI.TTF', name='Bodoni MT', style='italic', variant='normal', weight=700, stretch='normal', size='scalable')) = 11.335
2025-01-09 11:13:29,375 DEBUG:findfont: score(FontEntry(fname='C:\\Windows\\Fonts\\MTEXTRA.TTF', name='MT Extra', style='normal', variant='normal', weight=400, stretch='normal', size='scalable')) = 10.05
2025-01-09 11:13:29,375 DEBUG:findfont: score(FontEntry(fname='C:\\Windows\\Fonts\\BRLNSB.TTF', name='Berlin Sans FB', style='normal', variant='normal', weight=700, stretch='normal', size='scalable')) = 10.335
2025-01-09 11:13:29,375 DEBUG:findfont: score(FontEntry(fname='C:\\Windows\\Fonts\\PER_____.TTF', name='Perpetua', style='normal', variant='normal', weight=400, stretch='normal', size='scalable')) = 10.05
2025-01-09 11:13:29,376 DEBUG:findfont: score(FontEntry(fname='C:\\Windows\\Fonts\\palab.ttf', name='Palatino Linotype', style='normal', variant='normal', weight=700, stretch='normal', size='scalable')) = 10.335
2025-01-09 11:13:29,376 DEBUG:findfont: score(FontEntry(fname='C:\\Windows\\Fonts\\symusic_IV25.ttf', name='Symusic', style='normal', variant='normal', weight=400, stretch='normal', size='scalable')) = 10.05
2025-01-09 11:13:29,377 DEBUG:findfont: score(FontEntry(fname='C:\\Windows\\Fonts\\gdt_IV50.ttf', name='GDT_IV50', style='normal', variant='normal', weight=400, stretch='normal', size='scalable')) = 10.05
2025-01-09 11:13:29,377 DEBUG:findfont: score(FontEntry(fname='C:\\Windows\\Fonts\\gdt_____.ttf', name='GDT', style='normal', variant='normal', weight=400, stretch='normal', size='scalable')) = 10.05
2025-01-09 11:13:29,378 DEBUG:findfont: score(FontEntry(fname='C:\\Windows\\Fonts\\vinet.ttf', name='Vineta BT', style='normal', variant='normal', weight=400, stretch='normal', size='scalable')) = 10.05
2025-01-09 11:13:29,379 DEBUG:findfont: score(FontEntry(fname='C:\\Windows\\Fonts\\greekc__.ttf', name='GreekC', style='normal', variant='normal', weight=400, stretch='normal', size='scalable')) = 10.05
2025-01-09 11:13:29,380 DEBUG:findfont: score(FontEntry(fname='C:\\Windows\\Fonts\\mtproxy7.ttf', name='Proxy 7', style='normal', variant='normal', weight=400, stretch='normal', size='scalable')) = 10.05
2025-01-09 11:13:29,380 DEBUG:findfont: score(FontEntry(fname='C:\\Windows\\Fonts\\romanc__.ttf', name='RomanC', style='normal', variant='normal', weight=400, stretch='normal', size='scalable')) = 10.05
2025-01-09 11:13:29,381 DEBUG:findfont: score(FontEntry(fname='C:\\Windows\\Fonts\\Artifakt Element Medium.ttf', name='Artifakt Element', style='normal', variant='normal', weight=600, stretch='normal', size='scalable')) = 10.24
2025-01-09 11:13:29,382 DEBUG:findfont: score(FontEntry(fname='C:\\Windows\\Fonts\\LATINWD.TTF', name='Wide Latin', style='normal', variant='normal', weight=400, stretch='expanded', size='scalable')) = 10.25
2025-01-09 11:13:29,382 DEBUG:findfont: score(FontEntry(fname='C:\\Windows\\Fonts\\swisscl.ttf', name='Swis721 LtCn BT', style='normal', variant='normal', weight=400, stretch='condensed', size='scalable')) = 10.25
2025-01-09 11:13:29,383 DEBUG:findfont: score(FontEntry(fname='C:\\Windows\\Fonts\\trebucit.ttf', name='Trebuchet MS', style='italic', variant='normal', weight=400, stretch='normal', size='scalable')) = 11.05
2025-01-09 11:13:29,383 DEBUG:findfont: score(FontEntry(fname='C:\\Windows\\Fonts\\PERB____.TTF', name='Perpetua', style='normal', variant='normal', weight=700, stretch='normal', size='scalable')) = 10.335
2025-01-09 11:13:29,383 DEBUG:findfont: score(FontEntry(fname='C:\\Windows\\Fonts\\FRAHV.TTF', name='Franklin Gothic Heavy', style='normal', variant='normal', weight=400, stretch='normal', size='scalable')) = 10.05
2025-01-09 11:13:29,383 DEBUG:findfont: score(FontEntry(fname='C:\\Windows\\Fonts\\simplex_IV25.ttf', name='Simplex', style='normal', variant='normal', weight=400, stretch='normal', size='scalable')) = 10.05
2025-01-09 11:13:29,385 DEBUG:findfont: score(FontEntry(fname='C:\\Windows\\Fonts\\GILI____.TTF', name='Gill Sans MT', style='italic', variant='normal', weight=400, stretch='normal', size='scalable')) = 11.05
2025-01-09 11:13:29,385 DEBUG:findfont: score(FontEntry(fname='C:\\Windows\\Fonts\\segoeuil.ttf', name='Segoe UI', style='normal', variant='normal', weight=300, stretch='normal', size='scalable')) = 10.145
2025-01-09 11:13:29,385 DEBUG:findfont: score(FontEntry(fname='C:\\Windows\\Fonts\\Artifakt Element Book.ttf', name='Artifakt Element', style='normal', variant='normal', weight=450, stretch='normal', size='scalable')) = 10.0975
2025-01-09 11:13:29,386 DEBUG:findfont: score(FontEntry(fname='C:\\Windows\\Fonts\\Candarali.ttf', name='Candara', style='italic', variant='normal', weight=400, stretch='normal', size='scalable')) = 11.05
2025-01-09 11:13:29,386 DEBUG:findfont: score(FontEntry(fname='C:\\Windows\\Fonts\\DUBAI-BOLD.TTF', name='Dubai', style='normal', variant='normal', weight=700, stretch='normal', size='scalable')) = 10.335
2025-01-09 11:13:29,386 DEBUG:findfont: score(FontEntry(fname='C:\\Windows\\Fonts\\FTLTLT.TTF', name='Footlight MT Light', style='normal', variant='normal', weight=300, stretch='normal', size='scalable')) = 10.145
2025-01-09 11:13:29,387 DEBUG:findfont: score(FontEntry(fname='C:\\Windows\\Fonts\\syastro_IV50.ttf', name='Syastro', style='normal', variant='normal', weight=400, stretch='normal', size='scalable')) = 10.05
2025-01-09 11:13:29,387 DEBUG:findfont: score(FontEntry(fname='C:\\Windows\\Fonts\\monosb.ttf', name='Monospac821 BT', style='normal', variant='normal', weight=700, stretch='normal', size='scalable')) = 10.335
2025-01-09 11:13:29,388 DEBUG:findfont: score(FontEntry(fname='C:\\Windows\\Fonts\\corbell.ttf', name='Corbel', style='normal', variant='normal', weight=300, stretch='normal', size='scalable')) = 10.145
2025-01-09 11:13:29,388 DEBUG:findfont: score(FontEntry(fname='C:\\Windows\\Fonts\\STENCIL.TTF', name='Stencil', style='normal', variant='normal', weight=400, stretch='normal', size='scalable')) = 10.05
2025-01-09 11:13:29,389 DEBUG:findfont: score(FontEntry(fname='C:\\Windows\\Fonts\\SCHLBKI.TTF', name='Century Schoolbook', style='italic', variant='normal', weight=400, stretch='normal', size='scalable')) = 11.05
2025-01-09 11:13:29,389 DEBUG:findfont: score(FontEntry(fname='C:\\Windows\\Fonts\\romant__.ttf', name='RomanT', style='normal', variant='normal', weight=400, stretch='normal', size='scalable')) = 10.05
2025-01-09 11:13:29,389 DEBUG:findfont: score(FontEntry(fname='C:\\Windows\\Fonts\\swissk.ttf', name='Swis721 Blk BT', style='normal', variant='normal', weight=400, stretch='normal', size='scalable')) = 10.05
2025-01-09 11:13:29,390 DEBUG:findfont: score(FontEntry(fname='C:\\Windows\\Fonts\\swissek.ttf', name='Swis721 BlkEx BT', style='normal', variant='normal', weight=400, stretch='expanded', size='scalable')) = 10.25
2025-01-09 11:13:29,390 DEBUG:findfont: score(FontEntry(fname='C:\\Windows\\Fonts\\JUICE___.TTF', name='Juice ITC', style='normal', variant='normal', weight=400, stretch='normal', size='scalable')) = 10.05
2025-01-09 11:13:29,391 DEBUG:findfont: score(FontEntry(fname='C:\\Windows\\Fonts\\SCHLBKB.TTF', name='Century Schoolbook', style='normal', variant='normal', weight=700, stretch='normal', size='scalable')) = 10.335
2025-01-09 11:13:29,392 DEBUG:findfont: score(FontEntry(fname='C:\\Windows\\Fonts\\symath__.ttf', name='Symath', style='normal', variant='normal', weight=400, stretch='normal', size='scalable')) = 10.05
2025-01-09 11:13:29,393 DEBUG:findfont: score(FontEntry(fname='C:\\Windows\\Fonts\\ITCKRIST.TTF', name='Kristen ITC', style='normal', variant='normal', weight=400, stretch='normal', size='scalable')) = 10.05
2025-01-09 11:13:29,393 DEBUG:findfont: score(FontEntry(fname='C:\\Windows\\Fonts\\seguibli.ttf', name='Segoe UI', style='italic', variant='normal', weight=900, stretch='normal', size='scalable')) = 11.525
2025-01-09 11:13:29,395 DEBUG:findfont: score(FontEntry(fname='C:\\Windows\\Fonts\\swissko.ttf', name='Swis721 BlkOul BT', style='normal', variant='normal', weight=400, stretch='normal', size='scalable')) = 10.05
2025-01-09 11:13:29,395 DEBUG:findfont: score(FontEntry(fname='C:\\Windows\\Fonts\\l_10646.ttf', name='Lucida Sans Unicode', style='normal', variant='normal', weight=400, stretch='normal', size='scalable')) = 10.05
2025-01-09 11:13:29,396 DEBUG:findfont: score(FontEntry(fname='C:\\Windows\\Fonts\\AMGDT___.ttf', name='AMGDT', style='normal', variant='normal', weight=400, stretch='normal', size='scalable')) = 10.05
2025-01-09 11:13:29,397 DEBUG:findfont: score(FontEntry(fname='C:\\Windows\\Fonts\\RAVIE.TTF', name='Ravie', style='normal', variant='normal', weight=400, stretch='normal', size='scalable')) = 10.05
2025-01-09 11:13:29,397 DEBUG:findfont: score(FontEntry(fname='C:\\Windows\\Fonts\\COOPBL.TTF', name='Cooper Black', style='normal', variant='normal', weight=400, stretch='normal', size='scalable')) = 10.05
2025-01-09 11:13:29,398 DEBUG:findfont: score(FontEntry(fname='C:\\Windows\\Fonts\\ROCKEB.TTF', name='Rockwell Extra Bold', style='normal', variant='normal', weight=800, stretch='normal', size='scalable')) = 10.43
2025-01-09 11:13:29,398 DEBUG:findfont: score(FontEntry(fname='C:\\Windows\\Fonts\\Gabriola.ttf', name='Gabriola', style='normal', variant='normal', weight=400, stretch='normal', size='scalable')) = 10.05
2025-01-09 11:13:29,398 DEBUG:findfont: score(FontEntry(fname='C:\\Windows\\Fonts\\PLAYBILL.TTF', name='Playbill', style='normal', variant='normal', weight=400, stretch='normal', size='scalable')) = 10.05
2025-01-09 11:13:29,399 DEBUG:findfont: score(FontEntry(fname='C:\\Windows\\Fonts\\times.ttf', name='Times New Roman', style='normal', variant='normal', weight=400, stretch='normal', size='scalable')) = 10.05
2025-01-09 11:13:29,399 DEBUG:findfont: score(FontEntry(fname='C:\\Windows\\Fonts\\Candara.ttf', name='Candara', style='normal', variant='normal', weight=400, stretch='normal', size='scalable')) = 10.05
2025-01-09 11:13:29,400 DEBUG:findfont: score(FontEntry(fname='C:\\Windows\\Fonts\\isocteui.ttf', name='ISOCTEUR', style='italic', variant='normal', weight=400, stretch='normal', size='scalable')) = 11.05
2025-01-09 11:13:29,400 DEBUG:findfont: score(FontEntry(fname='C:\\Windows\\Fonts\\HGRKK.TTC', name='HGKyokashotai', style='normal', variant='normal', weight=400, stretch='normal', size='scalable')) = 10.05
2025-01-09 11:13:29,401 DEBUG:findfont: score(FontEntry(fname='C:\\Windows\\Fonts\\comici.ttf', name='Comic Sans MS', style='italic', variant='normal', weight=400, stretch='normal', size='scalable')) = 11.05
2025-01-09 11:13:29,401 DEBUG:findfont: score(FontEntry(fname='C:\\Windows\\Fonts\\comicz.ttf', name='Comic Sans MS', style='italic', variant='normal', weight=700, stretch='normal', size='scalable')) = 11.335
2025-01-09 11:13:29,401 DEBUG:findfont: score(FontEntry(fname='C:\\Windows\\Fonts\\Artifakt Element Medium Italic.ttf', name='Artifakt Element', style='italic', variant='normal', weight=600, stretch='normal', size='scalable')) = 11.24
2025-01-09 11:13:29,402 DEBUG:findfont: score(FontEntry(fname='C:\\Windows\\Fonts\\swisscb.ttf', name='Swis721 Cn BT', style='normal', variant='normal', weight=700, stretch='condensed', size='scalable')) = 10.535
2025-01-09 11:13:29,402 DEBUG:findfont: score(FontEntry(fname='C:\\Windows\\Fonts\\CHILLER.TTF', name='Chiller', style='normal', variant='normal', weight=400, stretch='normal', size='scalable')) = 10.05
2025-01-09 11:13:29,402 DEBUG:findfont: score(FontEntry(fname='C:\\Windows\\Fonts\\GLSNECB.TTF', name='Gill Sans MT Ext Condensed Bold', style='normal', variant='normal', weight=400, stretch='condensed', size='scalable')) = 10.25
2025-01-09 11:13:29,403 DEBUG:findfont: score(FontEntry(fname='C:\\Windows\\Fonts\\GARAIT.TTF', name='Garamond', style='italic', variant='normal', weight=400, stretch='normal', size='scalable')) = 11.05
2025-01-09 11:13:29,403 DEBUG:findfont: score(FontEntry(fname='C:\\Windows\\Fonts\\INFROMAN.TTF', name='Informal Roman', style='normal', variant='normal', weight=400, stretch='normal', size='scalable')) = 10.05
2025-01-09 11:13:29,403 DEBUG:findfont: score(FontEntry(fname='C:\\Windows\\Fonts\\Artifakt Element Bold.ttf', name='Artifakt Element', style='normal', variant='normal', weight=700, stretch='normal', size='scalable')) = 10.335
2025-01-09 11:13:29,403 DEBUG:findfont: score(FontEntry(fname='C:\\Windows\\Fonts\\symap___.ttf', name='Symap', style='normal', variant='normal', weight=400, stretch='normal', size='scalable')) = 10.05
2025-01-09 11:13:29,404 DEBUG:findfont: score(FontEntry(fname='C:\\Windows\\Fonts\\LTYPEB.TTF', name='Lucida Sans Typewriter', style='normal', variant='normal', weight=600, stretch='normal', size='scalable')) = 10.24
2025-01-09 11:13:29,404 DEBUG:findfont: score(FontEntry(fname='C:\\Windows\\Fonts\\italic__.ttf', name='Italic', style='italic', variant='normal', weight=400, stretch='normal', size='scalable')) = 11.05
2025-01-09 11:13:29,405 DEBUG:findfont: score(FontEntry(fname='C:\\Windows\\Fonts\\cour.ttf', name='Courier New', style='normal', variant='normal', weight=400, stretch='normal', size='scalable')) = 10.05
2025-01-09 11:13:29,405 DEBUG:findfont: score(FontEntry(fname='C:\\Windows\\Fonts\\seguisbi.ttf', name='Segoe UI', style='italic', variant='normal', weight=600, stretch='normal', size='scalable')) = 11.24
2025-01-09 11:13:29,405 DEBUG:findfont: score(FontEntry(fname='C:\\Windows\\Fonts\\VIVALDII.TTF', name='Vivaldi', style='italic', variant='normal', weight=400, stretch='normal', size='scalable')) = 11.05
2025-01-09 11:13:29,406 DEBUG:findfont: score(FontEntry(fname='C:\\Windows\\Fonts\\TCB_____.TTF', name='Tw Cen MT', style='normal', variant='normal', weight=700, stretch='normal', size='scalable')) = 10.335
2025-01-09 11:13:29,406 DEBUG:findfont: score(FontEntry(fname='C:\\Windows\\Fonts\\Artifakt Element Hair Italic.ttf', name='Artifakt Element', style='italic', variant='normal', weight=100, stretch='normal', size='scalable')) = 11.335
2025-01-09 11:13:29,407 DEBUG:findfont: score(FontEntry(fname='C:\\Windows\\Fonts\\ELEPHNT.TTF', name='Elephant', style='normal', variant='normal', weight=400, stretch='normal', size='scalable')) = 10.05
2025-01-09 11:13:29,407 DEBUG:findfont: score(FontEntry(fname='C:\\Windows\\Fonts\\symap_IV25.ttf', name='Symap', style='normal', variant='normal', weight=400, stretch='normal', size='scalable')) = 10.05
2025-01-09 11:13:29,407 DEBUG:findfont: score(FontEntry(fname='C:\\Windows\\Fonts\\BOD_B.TTF', name='Bodoni MT', style='normal', variant='normal', weight=700, stretch='normal', size='scalable')) = 10.335
2025-01-09 11:13:29,408 DEBUG:findfont: score(FontEntry(fname='C:\\Windows\\Fonts\\romans_IV50.ttf', name='RomanS', style='normal', variant='normal', weight=400, stretch='normal', size='scalable')) = 10.05
2025-01-09 11:13:29,408 DEBUG:findfont: score(FontEntry(fname='C:\\Windows\\Fonts\\phagspa.ttf', name='Microsoft PhagsPa', style='normal', variant='normal', weight=400, stretch='normal', size='scalable')) = 10.05
2025-01-09 11:13:29,409 DEBUG:findfont: score(FontEntry(fname='C:\\Windows\\Fonts\\ROCC____.TTF', name='Rockwell Condensed', style='normal', variant='normal', weight=400, stretch='condensed', size='scalable')) = 10.25
2025-01-09 11:13:29,409 DEBUG:findfont: score(FontEntry(fname='C:\\Windows\\Fonts\\RAGE.TTF', name='Rage Italic', style='italic', variant='normal', weight=400, stretch='normal', size='scalable')) = 11.05
2025-01-09 11:13:29,410 DEBUG:findfont: score(FontEntry(fname='C:\\Windows\\Fonts\\Artifakt Element Thin Italic.ttf', name='Artifakt Element', style='italic', variant='normal', weight=200, stretch='normal', size='scalable')) = 11.24
2025-01-09 11:13:29,410 DEBUG:findfont: score(FontEntry(fname='C:\\Windows\\Fonts\\GOUDOSI.TTF', name='Goudy Old Style', style='italic', variant='normal', weight=400, stretch='normal', size='scalable')) = 11.05
2025-01-09 11:13:29,412 DEBUG:findfont: score(FontEntry(fname='C:\\Windows\\Fonts\\FREESCPT.TTF', name='Freestyle Script', style='normal', variant='normal', weight=400, stretch='normal', size='scalable')) = 10.05
2025-01-09 11:13:29,413 DEBUG:findfont: score(FontEntry(fname='C:\\Windows\\Fonts\\isoct2_IV25.ttf', name='ISOCT2', style='normal', variant='normal', weight=400, stretch='normal', size='scalable')) = 10.05
2025-01-09 11:13:29,413 DEBUG:findfont: score(FontEntry(fname='C:\\Windows\\Fonts\\romans__.ttf', name='RomanS', style='normal', variant='normal', weight=400, stretch='normal', size='scalable')) = 10.05
2025-01-09 11:13:29,414 DEBUG:findfont: score(FontEntry(fname='C:\\Windows\\Fonts\\SitkaVF-Italic.ttf', name='Sitka', style='italic', variant='normal', weight=400, stretch='normal', size='scalable')) = 11.05
2025-01-09 11:13:29,414 DEBUG:findfont: score(FontEntry(fname='C:\\Windows\\Fonts\\dutchb.ttf', name='Dutch801 Rm BT', style='normal', variant='normal', weight=700, stretch='normal', size='scalable')) = 10.335
2025-01-09 11:13:29,415 DEBUG:findfont: score(FontEntry(fname='C:\\Windows\\Fonts\\isocp3_IV50.ttf', name='ISOCP3', style='normal', variant='normal', weight=400, stretch='normal', size='scalable')) = 10.05
2025-01-09 11:13:29,415 DEBUG:findfont: score(FontEntry(fname='C:\\Windows\\Fonts\\GILLUBCD.TTF', name='Gill Sans Ultra Bold Condensed', style='normal', variant='normal', weight=400, stretch='condensed', size='scalable')) = 10.25
2025-01-09 11:13:29,416 DEBUG:findfont: score(FontEntry(fname='C:\\Windows\\Fonts\\swisscbi.ttf', name='Swis721 Cn BT', style='italic', variant='normal', weight=700, stretch='condensed', size='scalable')) = 11.535
2025-01-09 11:13:29,416 DEBUG:findfont: score(FontEntry(fname='C:\\Windows\\Fonts\\SCRIPTBL.TTF', name='Script MT Bold', style='normal', variant='normal', weight=700, stretch='normal', size='scalable')) = 10.335
2025-01-09 11:13:29,416 DEBUG:findfont: score(FontEntry(fname='C:\\Windows\\Fonts\\gothicg_.ttf', name='GothicG', style='normal', variant='normal', weight=400, stretch='normal', size='scalable')) = 10.05
2025-01-09 11:13:29,417 DEBUG:findfont: score(FontEntry(fname='C:\\Windows\\Fonts\\HGRSMP.TTF', name='HGMaruGothicMPRO', style='normal', variant='normal', weight=400, stretch='normal', size='scalable')) = 10.05
2025-01-09 11:13:29,417 DEBUG:findfont: score(FontEntry(fname='C:\\Windows\\Fonts\\isocp2_IV25.ttf', name='ISOCP2', style='normal', variant='normal', weight=400, stretch='normal', size='scalable')) = 10.05
2025-01-09 11:13:29,418 DEBUG:findfont: score(FontEntry(fname='C:\\Windows\\Fonts\\bahnschrift.ttf', name='Bahnschrift', style='normal', variant='normal', weight=400, stretch='normal', size='scalable')) = 10.05
2025-01-09 11:13:29,419 DEBUG:findfont: score(FontEntry(fname='C:\\Windows\\Fonts\\phagspab.ttf', name='Microsoft PhagsPa', style='normal', variant='normal', weight=700, stretch='normal', size='scalable')) = 10.335
2025-01-09 11:13:29,419 DEBUG:findfont: score(FontEntry(fname='C:\\Windows\\Fonts\\calibril.ttf', name='Calibri', style='normal', variant='normal', weight=300, stretch='normal', size='scalable')) = 10.145
2025-01-09 11:13:29,419 DEBUG:findfont: score(FontEntry(fname='C:\\Windows\\Fonts\\Artifakt Element Black Italic.ttf', name='Artifakt Element', style='italic', variant='normal', weight=800, stretch='normal', size='scalable')) = 11.43
2025-01-09 11:13:29,420 DEBUG:findfont: score(FontEntry(fname='C:\\Windows\\Fonts\\consola.ttf', name='Consolas', style='normal', variant='normal', weight=400, stretch='normal', size='scalable')) = 10.05
2025-01-09 11:13:29,420 DEBUG:findfont: score(FontEntry(fname='C:\\Windows\\Fonts\\PERI____.TTF', name='Perpetua', style='italic', variant='normal', weight=400, stretch='normal', size='scalable')) = 11.05
2025-01-09 11:13:29,421 DEBUG:findfont: score(FontEntry(fname='C:\\Windows\\Fonts\\techb___.ttf', name='TechnicBold', style='normal', variant='normal', weight=400, stretch='normal', size='scalable')) = 10.05
2025-01-09 11:13:29,421 DEBUG:findfont: score(FontEntry(fname='C:\\Windows\\Fonts\\trebucbi.ttf', name='Trebuchet MS', style='italic', variant='normal', weight=700, stretch='normal', size='scalable')) = 11.335
2025-01-09 11:13:29,421 DEBUG:findfont: score(FontEntry(fname='C:\\Windows\\Fonts\\UDDigiKyokashoN-B.ttc', name='UD Digi Kyokasho N-B', style='normal', variant='normal', weight=700, stretch='normal', size='scalable')) = 10.335
2025-01-09 11:13:29,422 DEBUG:findfont: score(FontEntry(fname='C:\\Windows\\Fonts\\ROCCB___.TTF', name='Rockwell Condensed', style='normal', variant='normal', weight=700, stretch='condensed', size='scalable')) = 10.535
2025-01-09 11:13:29,422 DEBUG:findfont: score(FontEntry(fname='C:\\Windows\\Fonts\\BKANT.TTF', name='Book Antiqua', style='normal', variant='normal', weight=400, stretch='normal', size='scalable')) = 10.05
2025-01-09 11:13:29,422 DEBUG:findfont: score(FontEntry(fname='C:\\Windows\\Fonts\\LSANSD.TTF', name='Lucida Sans', style='normal', variant='normal', weight=600, stretch='normal', size='scalable')) = 10.24
2025-01-09 11:13:29,423 DEBUG:findfont: score(FontEntry(fname='C:\\Windows\\Fonts\\Candarab.ttf', name='Candara', style='normal', variant='normal', weight=700, stretch='normal', size='scalable')) = 10.335
2025-01-09 11:13:29,424 DEBUG:findfont: score(FontEntry(fname='C:\\Windows\\Fonts\\romai___.ttf', name='Romantic', style='italic', variant='normal', weight=400, stretch='normal', size='scalable')) = 11.05
2025-01-09 11:13:29,424 DEBUG:findfont: score(FontEntry(fname='C:\\Windows\\Fonts\\isoct_IV50.ttf', name='ISOCT', style='normal', variant='normal', weight=400, stretch='normal', size='scalable')) = 10.05
2025-01-09 11:13:29,424 DEBUG:findfont: score(FontEntry(fname='C:\\Windows\\Fonts\\LBRITEDI.TTF', name='Lucida Bright', style='italic', variant='normal', weight=600, stretch='normal', size='scalable')) = 11.24
2025-01-09 11:13:29,425 DEBUG:findfont: score(FontEntry(fname='C:\\Windows\\Fonts\\NIAGSOL.TTF', name='Niagara Solid', style='normal', variant='normal', weight=400, stretch='normal', size='scalable')) = 10.05
2025-01-09 11:13:29,425 DEBUG:findfont: score(FontEntry(fname='C:\\Windows\\Fonts\\GOST Common.ttf', name='GOST Common', style='normal', variant='normal', weight=400, stretch='normal', size='scalable')) = 10.05
2025-01-09 11:13:29,426 DEBUG:findfont: score(FontEntry(fname='C:\\Windows\\Fonts\\isocp3_IV25.ttf', name='ISOCP3', style='normal', variant='normal', weight=400, stretch='normal', size='scalable')) = 10.05
2025-01-09 11:13:29,426 DEBUG:findfont: score(FontEntry(fname='C:\\Windows\\Fonts\\panroman.ttf', name='PanRoman', style='normal', variant='normal', weight=400, stretch='normal', size='scalable')) = 10.05
2025-01-09 11:13:29,427 DEBUG:findfont: score(FontEntry(fname='C:\\Windows\\Fonts\\consolab.ttf', name='Consolas', style='normal', variant='normal', weight=700, stretch='normal', size='scalable')) = 10.335
2025-01-09 11:13:29,428 DEBUG:findfont: score(FontEntry(fname='C:\\Windows\\Fonts\\BOOKOS.TTF', name='Bookman Old Style', style='normal', variant='normal', weight=300, stretch='normal', size='scalable')) = 10.145
2025-01-09 11:13:29,429 DEBUG:findfont: score(FontEntry(fname='C:\\Windows\\Fonts\\mmrtext.ttf', name='Myanmar Text', style='normal', variant='normal', weight=400, stretch='normal', size='scalable')) = 10.05
2025-01-09 11:13:29,430 DEBUG:findfont: score(FontEntry(fname='C:\\Windows\\Fonts\\LFAXI.TTF', name='Lucida Fax', style='italic', variant='normal', weight=400, stretch='normal', size='scalable')) = 11.05
2025-01-09 11:13:29,430 DEBUG:findfont: score(FontEntry(fname='C:\\Windows\\Fonts\\seguibl.ttf', name='Segoe UI', style='normal', variant='normal', weight=900, stretch='normal', size='scalable')) = 10.525
2025-01-09 11:13:29,431 DEBUG:findfont: score(FontEntry(fname='C:\\Windows\\Fonts\\romab___.ttf', name='Romantic', style='normal', variant='normal', weight=700, stretch='normal', size='scalable')) = 10.335
2025-01-09 11:13:29,431 DEBUG:findfont: score(FontEntry(fname='C:\\Windows\\Fonts\\isocp___.ttf', name='ISOCP', style='normal', variant='normal', weight=400, stretch='normal', size='scalable')) = 10.05
2025-01-09 11:13:29,432 DEBUG:findfont: score(FontEntry(fname='C:\\Windows\\Fonts\\scripts_.ttf', name='ScriptS', style='normal', variant='normal', weight=400, stretch='normal', size='scalable')) = 10.05
2025-01-09 11:13:29,432 DEBUG:findfont: score(FontEntry(fname='C:\\Windows\\Fonts\\symeteo_.ttf', name='Symeteo', style='normal', variant='normal', weight=400, stretch='normal', size='scalable')) = 10.05
2025-01-09 11:13:29,432 DEBUG:findfont: score(FontEntry(fname='C:\\Windows\\Fonts\\isoct3__.ttf', name='ISOCT3', style='normal', variant='normal', weight=400, stretch='normal', size='scalable')) = 10.05
2025-01-09 11:13:29,433 DEBUG:findfont: score(FontEntry(fname='C:\\Windows\\Fonts\\COLONNA.TTF', name='Colonna MT', style='normal', variant='normal', weight=400, stretch='normal', size='scalable')) = 10.05
2025-01-09 11:13:29,433 DEBUG:findfont: score(FontEntry(fname='C:\\Windows\\Fonts\\comsc.ttf', name='CommercialScript BT', style='normal', variant='normal', weight=400, stretch='normal', size='scalable')) = 10.05
2025-01-09 11:13:29,433 DEBUG:findfont: score(FontEntry(fname='C:\\Windows\\Fonts\\msgothic.ttc', name='MS Gothic', style='normal', variant='normal', weight=400, stretch='normal', size='scalable')) = 10.05
2025-01-09 11:13:29,434 DEBUG:findfont: score(FontEntry(fname='C:\\Windows\\Fonts\\KUNSTLER.TTF', name='Kunstler Script', style='normal', variant='normal', weight=400, stretch='normal', size='scalable')) = 10.05
2025-01-09 11:13:29,434 DEBUG:findfont: score(FontEntry(fname='C:\\Windows\\Fonts\\corbelz.ttf', name='Corbel', style='italic', variant='normal', weight=700, stretch='normal', size='scalable')) = 11.335
2025-01-09 11:13:29,434 DEBUG:findfont: score(FontEntry(fname='C:\\Windows\\Fonts\\romans_IV25.ttf', name='RomanS', style='normal', variant='normal', weight=400, stretch='normal', size='scalable')) = 10.05
2025-01-09 11:13:29,435 DEBUG:findfont: score(FontEntry(fname='C:\\Windows\\Fonts\\BOOKOSB.TTF', name='Bookman Old Style', style='normal', variant='normal', weight=600, stretch='normal', size='scalable')) = 10.24
2025-01-09 11:13:29,435 DEBUG:findfont: score(FontEntry(fname='C:\\Windows\\Fonts\\ntailub.ttf', name='Microsoft New Tai Lue', style='normal', variant='normal', weight=700, stretch='normal', size='scalable')) = 10.335
2025-01-09 11:13:29,435 DEBUG:findfont: score(FontEntry(fname='C:\\Windows\\Fonts\\malgunbd.ttf', name='Malgun Gothic', style='normal', variant='normal', weight=700, stretch='normal', size='scalable')) = 10.335
2025-01-09 11:13:29,436 DEBUG:findfont: score(FontEntry(fname='C:\\Windows\\Fonts\\complex_IV25.ttf', name='Complex', style='normal', variant='normal', weight=400, stretch='normal', size='scalable')) = 10.05
2025-01-09 11:13:29,436 DEBUG:findfont: score(FontEntry(fname='C:\\Windows\\Fonts\\segoeuisl.ttf', name='Segoe UI', style='normal', variant='normal', weight=350, stretch='normal', size='scalable')) = 10.0975
2025-01-09 11:13:29,437 DEBUG:findfont: score(FontEntry(fname='C:\\Windows\\Fonts\\ERASLGHT.TTF', name='Eras Light ITC', style='normal', variant='normal', weight=400, stretch='normal', size='scalable')) = 10.05
2025-01-09 11:13:29,437 DEBUG:findfont: score(FontEntry(fname='C:\\Windows\\Fonts\\TCCEB.TTF', name='Tw Cen MT Condensed Extra Bold', style='normal', variant='normal', weight=400, stretch='condensed', size='scalable')) = 10.25
2025-01-09 11:13:29,437 DEBUG:findfont: score(FontEntry(fname='C:\\Windows\\Fonts\\txt_IV50.ttf', name='Txt', style='normal', variant='normal', weight=400, stretch='normal', size='scalable')) = 10.05
2025-01-09 11:13:29,438 DEBUG:findfont: score(FontEntry(fname='C:\\Windows\\Fonts\\BELLI.TTF', name='Bell MT', style='italic', variant='normal', weight=400, stretch='normal', size='scalable')) = 11.05
2025-01-09 11:13:29,438 DEBUG:findfont: score(FontEntry(fname='C:\\Windows\\Fonts\\GIL_____.TTF', name='Gill Sans MT', style='normal', variant='normal', weight=400, stretch='normal', size='scalable')) = 10.05
2025-01-09 11:13:29,438 DEBUG:findfont: score(FontEntry(fname='C:\\Windows\\Fonts\\scripts_IV25.ttf', name='ScriptS', style='normal', variant='normal', weight=400, stretch='normal', size='scalable')) = 10.05
2025-01-09 11:13:29,439 DEBUG:findfont: score(FontEntry(fname='C:\\Windows\\Fonts\\HGRGY.TTC', name='HGGyoshotai', style='normal', variant='normal', weight=400, stretch='normal', size='scalable')) = 10.05
2025-01-09 11:13:29,439 DEBUG:findfont: score(FontEntry(fname='C:\\Windows\\Fonts\\MAGNETOB.TTF', name='Magneto', style='normal', variant='normal', weight=700, stretch='normal', size='scalable')) = 10.335
2025-01-09 11:13:29,440 DEBUG:findfont: score(FontEntry(fname='C:\\Windows\\Fonts\\TEMPSITC.TTF', name='Tempus Sans ITC', style='normal', variant='normal', weight=400, stretch='normal', size='scalable')) = 10.05
2025-01-09 11:13:29,440 DEBUG:findfont: score(FontEntry(fname='C:\\Windows\\Fonts\\palabi.ttf', name='Palatino Linotype', style='italic', variant='normal', weight=700, stretch='normal', size='scalable')) = 11.335
2025-01-09 11:13:29,441 DEBUG:findfont: score(FontEntry(fname='C:\\Windows\\Fonts\\isocp_IV50.ttf', name='ISOCP', style='normal', variant='normal', weight=400, stretch='normal', size='scalable')) = 10.05
2025-01-09 11:13:29,441 DEBUG:findfont: score(FontEntry(fname='C:\\Windows\\Fonts\\cityb___.ttf', name='CityBlueprint', style='normal', variant='normal', weight=400, stretch='normal', size='scalable')) = 10.05
2025-01-09 11:13:29,441 DEBUG:findfont: score(FontEntry(fname='C:\\Windows\\Fonts\\IMPRISHA.TTF', name='Imprint MT Shadow', style='normal', variant='normal', weight=400, stretch='normal', size='scalable')) = 10.05
2025-01-09 11:13:29,442 DEBUG:findfont: score(FontEntry(fname='C:\\Windows\\Fonts\\FRADMIT.TTF', name='Franklin Gothic Demi', style='italic', variant='normal', weight=400, stretch='normal', size='scalable')) = 11.05
2025-01-09 11:13:29,442 DEBUG:findfont: score(FontEntry(fname='C:\\Windows\\Fonts\\courbi.ttf', name='Courier New', style='italic', variant='normal', weight=700, stretch='normal', size='scalable')) = 11.335
2025-01-09 11:13:29,442 DEBUG:findfont: score(FontEntry(fname='C:\\Windows\\Fonts\\YuGothR.ttc', name='Yu Gothic', style='normal', variant='normal', weight=400, stretch='normal', size='scalable')) = 10.05
2025-01-09 11:13:29,443 DEBUG:findfont: score(FontEntry(fname='C:\\Windows\\Fonts\\msyhl.ttc', name='Microsoft YaHei', style='normal', variant='normal', weight=290, stretch='normal', size='scalable')) = 10.1545
2025-01-09 11:13:29,443 DEBUG:findfont: score(FontEntry(fname='C:\\Windows\\Fonts\\LSANSI.TTF', name='Lucida Sans', style='italic', variant='normal', weight=400, stretch='normal', size='scalable')) = 11.05
2025-01-09 11:13:29,444 DEBUG:findfont: score(FontEntry(fname='C:\\Windows\\Fonts\\Artifakt Element Heavy Italic.ttf', name='Artifakt Element', style='italic', variant='normal', weight=900, stretch='normal', size='scalable')) = 11.525
2025-01-09 11:13:29,445 DEBUG:findfont: score(FontEntry(fname='C:\\Windows\\Fonts\\cambriaz.ttf', name='Cambria', style='italic', variant='normal', weight=700, stretch='normal', size='scalable')) = 11.335
2025-01-09 11:13:29,445 DEBUG:findfont: score(FontEntry(fname='C:\\Windows\\Fonts\\TCMI____.TTF', name='Tw Cen MT', style='italic', variant='normal', weight=400, stretch='normal', size='scalable')) = 11.05
2025-01-09 11:13:29,446 DEBUG:findfont: score(FontEntry(fname='C:\\Windows\\Fonts\\wingding.ttf', name='Wingdings', style='normal', variant='normal', weight=400, stretch='normal', size='scalable')) = 10.05
2025-01-09 11:13:29,447 DEBUG:findfont: score(FontEntry(fname='C:\\Windows\\Fonts\\HTOWERT.TTF', name='High Tower Text', style='normal', variant='normal', weight=400, stretch='normal', size='scalable')) = 10.05
2025-01-09 11:13:29,447 DEBUG:findfont: score(FontEntry(fname='C:\\Windows\\Fonts\\complex_IV50.ttf', name='Complex', style='normal', variant='normal', weight=400, stretch='normal', size='scalable')) = 10.05
2025-01-09 11:13:29,447 DEBUG:findfont: score(FontEntry(fname='C:\\Windows\\Fonts\\isocp2_IV50.ttf', name='ISOCP2', style='normal', variant='normal', weight=400, stretch='normal', size='scalable')) = 10.05
2025-01-09 11:13:29,447 DEBUG:findfont: score(FontEntry(fname='C:\\Windows\\Fonts\\Nirmala.ttf', name='Nirmala UI', style='normal', variant='normal', weight=400, stretch='normal', size='scalable')) = 10.05
2025-01-09 11:13:29,448 DEBUG:findfont: score(FontEntry(fname='C:\\Windows\\Fonts\\ONYX.TTF', name='Onyx', style='normal', variant='normal', weight=400, stretch='normal', size='scalable')) = 10.05
2025-01-09 11:13:29,448 DEBUG:findfont: score(FontEntry(fname='C:\\Windows\\Fonts\\ITCEDSCR.TTF', name='Edwardian Script ITC', style='normal', variant='normal', weight=400, stretch='normal', size='scalable')) = 10.05
2025-01-09 11:13:29,448 DEBUG:findfont: score(FontEntry(fname='C:\\Windows\\Fonts\\OLDENGL.TTF', name='Old English Text MT', style='normal', variant='normal', weight=400, stretch='normal', size='scalable')) = 10.05
2025-01-09 11:13:29,448 DEBUG:findfont: score(FontEntry(fname='C:\\Windows\\Fonts\\AMDT_Symbols.ttf', name='AmdtSymbols', style='normal', variant='normal', weight=400, stretch='normal', size='scalable')) = 10.05
2025-01-09 11:13:29,450 DEBUG:findfont: score(FontEntry(fname='C:\\Windows\\Fonts\\isoct_IV25.ttf', name='ISOCT', style='normal', variant='normal', weight=400, stretch='normal', size='scalable')) = 10.05
2025-01-09 11:13:29,450 DEBUG:findfont: score(FontEntry(fname='C:\\Windows\\Fonts\\ITCBLKAD.TTF', name='Blackadder ITC', style='normal', variant='normal', weight=400, stretch='normal', size='scalable')) = 10.05
2025-01-09 11:13:29,450 DEBUG:findfont: score(FontEntry(fname='C:\\Windows\\Fonts\\ANTQUABI.TTF', name='Book Antiqua', style='italic', variant='normal', weight=700, stretch='normal', size='scalable')) = 11.335
2025-01-09 11:13:29,450 DEBUG:findfont: score(FontEntry(fname='C:\\Windows\\Fonts\\LFAXD.TTF', name='Lucida Fax', style='normal', variant='normal', weight=600, stretch='normal', size='scalable')) = 10.24
2025-01-09 11:13:29,451 DEBUG:findfont: score(FontEntry(fname='C:\\Windows\\Fonts\\COPRGTL.TTF', name='Copperplate Gothic Light', style='normal', variant='normal', weight=400, stretch='normal', size='scalable')) = 10.05
2025-01-09 11:13:29,451 DEBUG:findfont: score(FontEntry(fname='C:\\Windows\\Fonts\\seguisli.ttf', name='Segoe UI', style='italic', variant='normal', weight=350, stretch='normal', size='scalable')) = 11.0975
2025-01-09 11:13:29,452 DEBUG:findfont: score(FontEntry(fname='C:\\Windows\\Fonts\\swisscbo.ttf', name='Swis721 BdCnOul BT', style='normal', variant='normal', weight=400, stretch='condensed', size='scalable')) = 10.25
2025-01-09 11:13:29,452 DEBUG:findfont: score(FontEntry(fname='C:\\Windows\\Fonts\\Artifakt Element Book Italic.ttf', name='Artifakt Element', style='italic', variant='normal', weight=450, stretch='normal', size='scalable')) = 11.0975
2025-01-09 11:13:29,452 DEBUG:findfont: score(FontEntry(fname='C:\\Windows\\Fonts\\GOUDOSB.TTF', name='Goudy Old Style', style='normal', variant='normal', weight=700, stretch='normal', size='scalable')) = 10.335
2025-01-09 11:13:29,453 DEBUG:findfont: score(FontEntry(fname='C:\\Windows\\Fonts\\MISTRAL.TTF', name='Mistral', style='normal', variant='normal', weight=400, stretch='normal', size='scalable')) = 10.05
2025-01-09 11:13:29,453 DEBUG:findfont: score(FontEntry(fname='C:\\Windows\\Fonts\\BOOKOSI.TTF', name='Bookman Old Style', style='italic', variant='normal', weight=300, stretch='normal', size='scalable')) = 11.145
2025-01-09 11:13:29,454 DEBUG:findfont: score(FontEntry(fname='C:\\Windows\\Fonts\\sylfaen.ttf', name='Sylfaen', style='normal', variant='normal', weight=400, stretch='normal', size='scalable')) = 10.05
2025-01-09 11:13:29,454 DEBUG:findfont: score(FontEntry(fname='C:\\Windows\\Fonts\\ENGR.TTF', name='Engravers MT', style='normal', variant='normal', weight=500, stretch='normal', size='scalable')) = 10.145
2025-01-09 11:13:29,454 DEBUG:findfont: score(FontEntry(fname='C:\\Windows\\Fonts\\CALIFI.TTF', name='Californian FB', style='italic', variant='normal', weight=400, stretch='normal', size='scalable')) = 11.05
2025-01-09 11:13:29,455 DEBUG:findfont: score(FontEntry(fname='C:\\Windows\\Fonts\\HGRGE.TTC', name='HGGothicE', style='normal', variant='normal', weight=400, stretch='normal', size='scalable')) = 10.05
2025-01-09 11:13:29,455 DEBUG:findfont: score(FontEntry(fname='C:\\Windows\\Fonts\\LBRITE.TTF', name='Lucida Bright', style='normal', variant='normal', weight=400, stretch='normal', size='scalable')) = 10.05
2025-01-09 11:13:29,455 DEBUG:findfont: score(FontEntry(fname='C:\\Windows\\Fonts\\complex_.ttf', name='Complex', style='normal', variant='normal', weight=400, stretch='normal', size='scalable')) = 10.05
2025-01-09 11:13:29,456 DEBUG:findfont: score(FontEntry(fname='C:\\Windows\\Fonts\\yumindb.ttf', name='Yu Mincho', style='normal', variant='normal', weight=600, stretch='normal', size='scalable')) = 10.24
2025-01-09 11:13:29,457 DEBUG:findfont: score(FontEntry(fname='C:\\Windows\\Fonts\\CENSCBK.TTF', name='Century Schoolbook', style='normal', variant='normal', weight=400, stretch='normal', size='scalable')) = 10.05
2025-01-09 11:13:29,457 DEBUG:findfont: score(FontEntry(fname='C:\\Windows\\Fonts\\symeteo_IV50.ttf', name='Symeteo', style='normal', variant='normal', weight=400, stretch='normal', size='scalable')) = 10.05
2025-01-09 11:13:29,458 DEBUG:findfont: score(FontEntry(fname='C:\\Windows\\Fonts\\webdings.ttf', name='Webdings', style='normal', variant='normal', weight=400, stretch='normal', size='scalable')) = 10.05
2025-01-09 11:13:29,458 DEBUG:findfont: score(FontEntry(fname='C:\\Windows\\Fonts\\techl___.ttf', name='TechnicLite', style='normal', variant='normal', weight=400, stretch='normal', size='scalable')) = 10.05
2025-01-09 11:13:29,458 DEBUG:findfont: score(FontEntry(fname='C:\\Windows\\Fonts\\LBRITED.TTF', name='Lucida Bright', style='normal', variant='normal', weight=600, stretch='normal', size='scalable')) = 10.24
2025-01-09 11:13:29,459 DEBUG:findfont: score(FontEntry(fname='C:\\Windows\\Fonts\\LEELAWDB.TTF', name='Leelawadee', style='normal', variant='normal', weight=700, stretch='normal', size='scalable')) = 10.335
2025-01-09 11:13:29,459 DEBUG:findfont: score(FontEntry(fname='C:\\Windows\\Fonts\\sanssbo_.ttf', name='SansSerif', style='oblique', variant='normal', weight=700, stretch='normal', size='scalable')) = 11.335
2025-01-09 11:13:29,460 DEBUG:findfont: score(FontEntry(fname='C:\\Windows\\Fonts\\VLADIMIR.TTF', name='Vladimir Script', style='normal', variant='normal', weight=400, stretch='normal', size='scalable')) = 10.05
2025-01-09 11:13:29,460 DEBUG:findfont: score(FontEntry(fname='C:\\Windows\\Fonts\\HARNGTON.TTF', name='Harrington', style='normal', variant='normal', weight=400, stretch='normal', size='scalable')) = 10.05
2025-01-09 11:13:29,461 DEBUG:findfont: score(FontEntry(fname='C:\\Windows\\Fonts\\LEELAWAD.TTF', name='Leelawadee', style='normal', variant='normal', weight=400, stretch='normal', size='scalable')) = 10.05
2025-01-09 11:13:29,462 DEBUG:findfont: score(FontEntry(fname='C:\\Windows\\Fonts\\gothice_.ttf', name='GothicE', style='normal', variant='normal', weight=400, stretch='normal', size='scalable')) = 10.05
2025-01-09 11:13:29,463 DEBUG:findfont: score(FontEntry(fname='C:\\Windows\\Fonts\\SegUIVar.ttf', name='Segoe UI Variable', style='normal', variant='normal', weight=400, stretch='normal', size='scalable')) = 10.05
2025-01-09 11:13:29,463 DEBUG:findfont: score(FontEntry(fname='C:\\Windows\\Fonts\\Amgdt_IV25.ttf', name='AMGDT_IV25', style='normal', variant='normal', weight=400, stretch='normal', size='scalable')) = 10.05
2025-01-09 11:13:29,464 DEBUG:findfont: score(FontEntry(fname='C:\\Windows\\Fonts\\georgia.ttf', name='Georgia', style='normal', variant='normal', weight=400, stretch='normal', size='scalable')) = 10.05
2025-01-09 11:13:29,465 DEBUG:findfont: score(FontEntry(fname='C:\\Windows\\Fonts\\CALISTB.TTF', name='Calisto MT', style='normal', variant='normal', weight=700, stretch='normal', size='scalable')) = 10.335
2025-01-09 11:13:29,465 DEBUG:findfont: score(FontEntry(fname='C:\\Windows\\Fonts\\ELEPHNTI.TTF', name='Elephant', style='italic', variant='normal', weight=400, stretch='normal', size='scalable')) = 11.05
2025-01-09 11:13:29,466 DEBUG:findfont: score(FontEntry(fname='C:\\Windows\\Fonts\\LSANSDI.TTF', name='Lucida Sans', style='italic', variant='normal', weight=600, stretch='normal', size='scalable')) = 11.24
2025-01-09 11:13:29,466 DEBUG:findfont: score(FontEntry(fname='C:\\Windows\\Fonts\\segmdl2.ttf', name='Segoe MDL2 Assets', style='normal', variant='normal', weight=400, stretch='normal', size='scalable')) = 10.05
2025-01-09 11:13:29,467 DEBUG:findfont: score(FontEntry(fname='C:\\Windows\\Fonts\\MAIAN.TTF', name='Maiandra GD', style='normal', variant='normal', weight=400, stretch='normal', size='scalable')) = 10.05
2025-01-09 11:13:29,468 DEBUG:findfont: score(FontEntry(fname='C:\\Windows\\Fonts\\dutchbi.ttf', name='Dutch801 Rm BT', style='italic', variant='normal', weight=700, stretch='normal', size='scalable')) = 11.335
2025-01-09 11:13:29,468 DEBUG:findfont: score(FontEntry(fname='C:\\Windows\\Fonts\\CURLZ___.TTF', name='Curlz MT', style='normal', variant='normal', weight=400, stretch='normal', size='scalable')) = 10.05
2025-01-09 11:13:29,469 DEBUG:findfont: score(FontEntry(fname='C:\\Windows\\Fonts\\AGENCYR.TTF', name='Agency FB', style='normal', variant='normal', weight=400, stretch='normal', size='scalable')) = 10.05
2025-01-09 11:13:29,469 DEBUG:findfont: score(FontEntry(fname='C:\\Windows\\Fonts\\gdt_IV25.ttf', name='GDT_IV25', style='normal', variant='normal', weight=400, stretch='normal', size='scalable')) = 10.05
2025-01-09 11:13:29,470 DEBUG:findfont: score(FontEntry(fname='C:\\Windows\\Fonts\\monotxt_IV25.ttf', name='Monotxt', style='normal', variant='normal', weight=400, stretch='normal', size='scalable')) = 10.05
2025-01-09 11:13:29,470 DEBUG:findfont: score(FontEntry(fname='C:\\Windows\\Fonts\\segoepr.ttf', name='Segoe Print', style='normal', variant='normal', weight=400, stretch='normal', size='scalable')) = 10.05
2025-01-09 11:13:29,471 DEBUG:findfont: score(FontEntry(fname='C:\\Windows\\Fonts\\msyhbd.ttc', name='Microsoft YaHei', style='normal', variant='normal', weight=700, stretch='normal', size='scalable')) = 10.335
2025-01-09 11:13:29,471 DEBUG:findfont: score(FontEntry(fname='C:\\Windows\\Fonts\\verdanab.ttf', name='Verdana', style='normal', variant='normal', weight=700, stretch='normal', size='scalable')) = 3.9713636363636367
2025-01-09 11:13:29,472 DEBUG:findfont: score(FontEntry(fname='C:\\Windows\\Fonts\\ANTQUAB.TTF', name='Book Antiqua', style='normal', variant='normal', weight=700, stretch='normal', size='scalable')) = 10.335
2025-01-09 11:13:29,472 DEBUG:findfont: score(FontEntry(fname='C:\\Windows\\Fonts\\eurro___.ttf', name='EuroRoman', style='oblique', variant='normal', weight=400, stretch='normal', size='scalable')) = 11.05
2025-01-09 11:13:29,473 DEBUG:findfont: score(FontEntry(fname='C:\\Windows\\Fonts\\PERTIBD.TTF', name='Perpetua Titling MT', style='normal', variant='normal', weight=700, stretch='normal', size='scalable')) = 10.335
2025-01-09 11:13:29,473 DEBUG:findfont: score(FontEntry(fname='C:\\Windows\\Fonts\\Artifakt Element Regular.ttf', name='Artifakt Element', style='normal', variant='normal', weight=400, stretch='normal', size='scalable')) = 10.05
2025-01-09 11:13:29,474 DEBUG:findfont: score(FontEntry(fname='C:\\Windows\\Fonts\\MSUIGHUB.TTF', name='Microsoft Uighur', style='normal', variant='normal', weight=700, stretch='normal', size='scalable')) = 10.335
2025-01-09 11:13:29,474 DEBUG:findfont: score(FontEntry(fname='C:\\Windows\\Fonts\\swissbi.ttf', name='Swis721 BT', style='italic', variant='normal', weight=700, stretch='normal', size='scalable')) = 11.335
2025-01-09 11:13:29,475 DEBUG:findfont: score(FontEntry(fname='C:\\Windows\\Fonts\\LBRITEI.TTF', name='Lucida Bright', style='italic', variant='normal', weight=400, stretch='normal', size='scalable')) = 11.05
2025-01-09 11:13:29,475 DEBUG:findfont: score(FontEntry(fname='C:\\Windows\\Fonts\\msmincho.ttc', name='MS Mincho', style='normal', variant='normal', weight=400, stretch='normal', size='scalable')) = 10.05
2025-01-09 11:13:29,476 DEBUG:findfont: score(FontEntry(fname='C:\\Windows\\Fonts\\ARIALUNI.ttf', name='Arial Unicode MS', style='normal', variant='normal', weight=400, stretch='normal', size='scalable')) = 10.05
2025-01-09 11:13:29,476 DEBUG:findfont: score(FontEntry(fname='C:\\Windows\\Fonts\\BROADW.TTF', name='Broadway', style='normal', variant='normal', weight=400, stretch='normal', size='scalable')) = 10.05
2025-01-09 11:13:29,477 DEBUG:findfont: score(FontEntry(fname='C:\\Windows\\Fonts\\AIGDT___.TTF', name='AIGDT', style='normal', variant='normal', weight=400, stretch='normal', size='scalable')) = 10.05
2025-01-09 11:13:29,478 DEBUG:findfont: score(FontEntry(fname='C:\\Windows\\Fonts\\HATTEN.TTF', name='Haettenschweiler', style='normal', variant='normal', weight=400, stretch='normal', size='scalable')) = 10.05
2025-01-09 11:13:29,479 DEBUG:findfont: score(FontEntry(fname='C:\\Windows\\Fonts\\taile.ttf', name='Microsoft Tai Le', style='normal', variant='normal', weight=400, stretch='normal', size='scalable')) = 10.05
2025-01-09 11:13:29,480 DEBUG:findfont: score(FontEntry(fname='C:\\Windows\\Fonts\\HARLOWSI.TTF', name='Harlow Solid Italic', style='italic', variant='normal', weight=400, stretch='normal', size='scalable')) = 11.05
2025-01-09 11:13:29,480 DEBUG:findfont: score(FontEntry(fname='C:\\Windows\\Fonts\\GLECB.TTF', name='Gloucester MT Extra Condensed', style='normal', variant='normal', weight=400, stretch='condensed', size='scalable')) = 10.25
2025-01-09 11:13:29,481 DEBUG:findfont: score(FontEntry(fname='C:\\Windows\\Fonts\\ROCKI.TTF', name='Rockwell', style='italic', variant='normal', weight=400, stretch='normal', size='scalable')) = 11.05
2025-01-09 11:13:29,481 DEBUG:findfont: score(FontEntry(fname='C:\\Windows\\Fonts\\GILBI___.TTF', name='Gill Sans MT', style='italic', variant='normal', weight=700, stretch='normal', size='scalable')) = 11.335
2025-01-09 11:13:29,481 DEBUG:findfont: Matching sans\-serif:style=normal:variant=normal:weight=normal:stretch=normal:size=10.0 to DejaVu Sans ('C:\\Users\\chimpaleenantaphon\\AppData\\Local\\anaconda3\\Lib\\site-packages\\matplotlib\\mpl-data\\fonts\\ttf\\DejaVuSans.ttf') with score of 0.050000.
2025-01-09 11:13:30,229 DEBUG:findfont: Matching sans\-serif:style=normal:variant=normal:weight=normal:stretch=normal:size=12.0.
2025-01-09 11:13:30,229 DEBUG:findfont: score(FontEntry(fname='C:\\Users\\chimpaleenantaphon\\AppData\\Local\\anaconda3\\Lib\\site-packages\\matplotlib\\mpl-data\\fonts\\ttf\\cmb10.ttf', name='cmb10', style='normal', variant='normal', weight=400, stretch='normal', size='scalable')) = 10.05
2025-01-09 11:13:30,230 DEBUG:findfont: score(FontEntry(fname='C:\\Users\\chimpaleenantaphon\\AppData\\Local\\anaconda3\\Lib\\site-packages\\matplotlib\\mpl-data\\fonts\\ttf\\STIXSizThreeSymReg.ttf', name='STIXSizeThreeSym', style='normal', variant='normal', weight=400, stretch='normal', size='scalable')) = 10.05
2025-01-09 11:13:30,231 DEBUG:findfont: score(FontEntry(fname='C:\\Users\\chimpaleenantaphon\\AppData\\Local\\anaconda3\\Lib\\site-packages\\matplotlib\\mpl-data\\fonts\\ttf\\STIXSizTwoSymReg.ttf', name='STIXSizeTwoSym', style='normal', variant='normal', weight=400, stretch='normal', size='scalable')) = 10.05
2025-01-09 11:13:30,231 DEBUG:findfont: score(FontEntry(fname='C:\\Users\\chimpaleenantaphon\\AppData\\Local\\anaconda3\\Lib\\site-packages\\matplotlib\\mpl-data\\fonts\\ttf\\STIXSizFourSymReg.ttf', name='STIXSizeFourSym', style='normal', variant='normal', weight=400, stretch='normal', size='scalable')) = 10.05
2025-01-09 11:13:30,232 DEBUG:findfont: score(FontEntry(fname='C:\\Users\\chimpaleenantaphon\\AppData\\Local\\anaconda3\\Lib\\site-packages\\matplotlib\\mpl-data\\fonts\\ttf\\cmex10.ttf', name='cmex10', style='normal', variant='normal', weight=400, stretch='normal', size='scalable')) = 10.05
2025-01-09 11:13:30,232 DEBUG:findfont: score(FontEntry(fname='C:\\Users\\chimpaleenantaphon\\AppData\\Local\\anaconda3\\Lib\\site-packages\\matplotlib\\mpl-data\\fonts\\ttf\\DejaVuSerif-BoldItalic.ttf', name='DejaVu Serif', style='italic', variant='normal', weight=700, stretch='normal', size='scalable')) = 11.335
2025-01-09 11:13:30,233 DEBUG:findfont: score(FontEntry(fname='C:\\Users\\chimpaleenantaphon\\AppData\\Local\\anaconda3\\Lib\\site-packages\\matplotlib\\mpl-data\\fonts\\ttf\\STIXNonUniBol.ttf', name='STIXNonUnicode', style='normal', variant='normal', weight=700, stretch='normal', size='scalable')) = 10.335
2025-01-09 11:13:30,233 DEBUG:findfont: score(FontEntry(fname='C:\\Users\\chimpaleenantaphon\\AppData\\Local\\anaconda3\\Lib\\site-packages\\matplotlib\\mpl-data\\fonts\\ttf\\STIXGeneral.ttf', name='STIXGeneral', style='normal', variant='normal', weight=400, stretch='normal', size='scalable')) = 10.05
2025-01-09 11:13:30,234 DEBUG:findfont: score(FontEntry(fname='C:\\Users\\chimpaleenantaphon\\AppData\\Local\\anaconda3\\Lib\\site-packages\\matplotlib\\mpl-data\\fonts\\ttf\\DejaVuSansMono.ttf', name='DejaVu Sans Mono', style='normal', variant='normal', weight=400, stretch='normal', size='scalable')) = 10.05
2025-01-09 11:13:30,234 DEBUG:findfont: score(FontEntry(fname='C:\\Users\\chimpaleenantaphon\\AppData\\Local\\anaconda3\\Lib\\site-packages\\matplotlib\\mpl-data\\fonts\\ttf\\DejaVuSans-Bold.ttf', name='DejaVu Sans', style='normal', variant='normal', weight=700, stretch='normal', size='scalable')) = 0.33499999999999996
2025-01-09 11:13:30,235 DEBUG:findfont: score(FontEntry(fname='C:\\Users\\chimpaleenantaphon\\AppData\\Local\\anaconda3\\Lib\\site-packages\\matplotlib\\mpl-data\\fonts\\ttf\\DejaVuSerif-Bold.ttf', name='DejaVu Serif', style='normal', variant='normal', weight=700, stretch='normal', size='scalable')) = 10.335
2025-01-09 11:13:30,236 DEBUG:findfont: score(FontEntry(fname='C:\\Users\\chimpaleenantaphon\\AppData\\Local\\anaconda3\\Lib\\site-packages\\matplotlib\\mpl-data\\fonts\\ttf\\STIXSizFourSymBol.ttf', name='STIXSizeFourSym', style='normal', variant='normal', weight=700, stretch='normal', size='scalable')) = 10.335
2025-01-09 11:13:30,236 DEBUG:findfont: score(FontEntry(fname='C:\\Users\\chimpaleenantaphon\\AppData\\Local\\anaconda3\\Lib\\site-packages\\matplotlib\\mpl-data\\fonts\\ttf\\STIXNonUni.ttf', name='STIXNonUnicode', style='normal', variant='normal', weight=400, stretch='normal', size='scalable')) = 10.05
2025-01-09 11:13:30,237 DEBUG:findfont: score(FontEntry(fname='C:\\Users\\chimpaleenantaphon\\AppData\\Local\\anaconda3\\Lib\\site-packages\\matplotlib\\mpl-data\\fonts\\ttf\\STIXNonUniBolIta.ttf', name='STIXNonUnicode', style='italic', variant='normal', weight=700, stretch='normal', size='scalable')) = 11.335
2025-01-09 11:13:30,237 DEBUG:findfont: score(FontEntry(fname='C:\\Users\\chimpaleenantaphon\\AppData\\Local\\anaconda3\\Lib\\site-packages\\matplotlib\\mpl-data\\fonts\\ttf\\DejaVuSansDisplay.ttf', name='DejaVu Sans Display', style='normal', variant='normal', weight=400, stretch='normal', size='scalable')) = 10.05
2025-01-09 11:13:30,238 DEBUG:findfont: score(FontEntry(fname='C:\\Users\\chimpaleenantaphon\\AppData\\Local\\anaconda3\\Lib\\site-packages\\matplotlib\\mpl-data\\fonts\\ttf\\DejaVuSerif-Italic.ttf', name='DejaVu Serif', style='italic', variant='normal', weight=400, stretch='normal', size='scalable')) = 11.05
2025-01-09 11:13:30,238 DEBUG:findfont: score(FontEntry(fname='C:\\Users\\chimpaleenantaphon\\AppData\\Local\\anaconda3\\Lib\\site-packages\\matplotlib\\mpl-data\\fonts\\ttf\\cmr10.ttf', name='cmr10', style='normal', variant='normal', weight=400, stretch='normal', size='scalable')) = 10.05
2025-01-09 11:13:30,239 DEBUG:findfont: score(FontEntry(fname='C:\\Users\\chimpaleenantaphon\\AppData\\Local\\anaconda3\\Lib\\site-packages\\matplotlib\\mpl-data\\fonts\\ttf\\cmss10.ttf', name='cmss10', style='normal', variant='normal', weight=400, stretch='normal', size='scalable')) = 10.05
2025-01-09 11:13:30,239 DEBUG:findfont: score(FontEntry(fname='C:\\Users\\chimpaleenantaphon\\AppData\\Local\\anaconda3\\Lib\\site-packages\\matplotlib\\mpl-data\\fonts\\ttf\\STIXSizTwoSymBol.ttf', name='STIXSizeTwoSym', style='normal', variant='normal', weight=700, stretch='normal', size='scalable')) = 10.335
2025-01-09 11:13:30,240 DEBUG:findfont: score(FontEntry(fname='C:\\Users\\chimpaleenantaphon\\AppData\\Local\\anaconda3\\Lib\\site-packages\\matplotlib\\mpl-data\\fonts\\ttf\\STIXGeneralBol.ttf', name='STIXGeneral', style='normal', variant='normal', weight=700, stretch='normal', size='scalable')) = 10.335
2025-01-09 11:13:30,240 DEBUG:findfont: score(FontEntry(fname='C:\\Users\\chimpaleenantaphon\\AppData\\Local\\anaconda3\\Lib\\site-packages\\matplotlib\\mpl-data\\fonts\\ttf\\cmmi10.ttf', name='cmmi10', style='normal', variant='normal', weight=400, stretch='normal', size='scalable')) = 10.05
2025-01-09 11:13:30,241 DEBUG:findfont: score(FontEntry(fname='C:\\Users\\chimpaleenantaphon\\AppData\\Local\\anaconda3\\Lib\\site-packages\\matplotlib\\mpl-data\\fonts\\ttf\\DejaVuSansMono-Bold.ttf', name='DejaVu Sans Mono', style='normal', variant='normal', weight=700, stretch='normal', size='scalable')) = 10.335
2025-01-09 11:13:30,241 DEBUG:findfont: score(FontEntry(fname='C:\\Users\\chimpaleenantaphon\\AppData\\Local\\anaconda3\\Lib\\site-packages\\matplotlib\\mpl-data\\fonts\\ttf\\DejaVuSans.ttf', name='DejaVu Sans', style='normal', variant='normal', weight=400, stretch='normal', size='scalable')) = 0.05
2025-01-09 11:13:30,242 DEBUG:findfont: score(FontEntry(fname='C:\\Users\\chimpaleenantaphon\\AppData\\Local\\anaconda3\\Lib\\site-packages\\matplotlib\\mpl-data\\fonts\\ttf\\STIXGeneralItalic.ttf', name='STIXGeneral', style='italic', variant='normal', weight=400, stretch='normal', size='scalable')) = 11.05
2025-01-09 11:13:30,242 DEBUG:findfont: score(FontEntry(fname='C:\\Users\\chimpaleenantaphon\\AppData\\Local\\anaconda3\\Lib\\site-packages\\matplotlib\\mpl-data\\fonts\\ttf\\STIXSizOneSymReg.ttf', name='STIXSizeOneSym', style='normal', variant='normal', weight=400, stretch='normal', size='scalable')) = 10.05
2025-01-09 11:13:30,243 DEBUG:findfont: score(FontEntry(fname='C:\\Users\\chimpaleenantaphon\\AppData\\Local\\anaconda3\\Lib\\site-packages\\matplotlib\\mpl-data\\fonts\\ttf\\DejaVuSans-Oblique.ttf', name='DejaVu Sans', style='oblique', variant='normal', weight=400, stretch='normal', size='scalable')) = 1.05
2025-01-09 11:13:30,243 DEBUG:findfont: score(FontEntry(fname='C:\\Users\\chimpaleenantaphon\\AppData\\Local\\anaconda3\\Lib\\site-packages\\matplotlib\\mpl-data\\fonts\\ttf\\cmtt10.ttf', name='cmtt10', style='normal', variant='normal', weight=400, stretch='normal', size='scalable')) = 10.05
2025-01-09 11:13:30,244 DEBUG:findfont: score(FontEntry(fname='C:\\Users\\chimpaleenantaphon\\AppData\\Local\\anaconda3\\Lib\\site-packages\\matplotlib\\mpl-data\\fonts\\ttf\\DejaVuSansMono-BoldOblique.ttf', name='DejaVu Sans Mono', style='oblique', variant='normal', weight=700, stretch='normal', size='scalable')) = 11.335
2025-01-09 11:13:30,244 DEBUG:findfont: score(FontEntry(fname='C:\\Users\\chimpaleenantaphon\\AppData\\Local\\anaconda3\\Lib\\site-packages\\matplotlib\\mpl-data\\fonts\\ttf\\DejaVuSerif.ttf', name='DejaVu Serif', style='normal', variant='normal', weight=400, stretch='normal', size='scalable')) = 10.05
2025-01-09 11:13:30,245 DEBUG:findfont: score(FontEntry(fname='C:\\Users\\chimpaleenantaphon\\AppData\\Local\\anaconda3\\Lib\\site-packages\\matplotlib\\mpl-data\\fonts\\ttf\\STIXNonUniIta.ttf', name='STIXNonUnicode', style='italic', variant='normal', weight=400, stretch='normal', size='scalable')) = 11.05
2025-01-09 11:13:30,246 DEBUG:findfont: score(FontEntry(fname='C:\\Users\\chimpaleenantaphon\\AppData\\Local\\anaconda3\\Lib\\site-packages\\matplotlib\\mpl-data\\fonts\\ttf\\STIXGeneralBolIta.ttf', name='STIXGeneral', style='italic', variant='normal', weight=700, stretch='normal', size='scalable')) = 11.335
2025-01-09 11:13:30,246 DEBUG:findfont: score(FontEntry(fname='C:\\Users\\chimpaleenantaphon\\AppData\\Local\\anaconda3\\Lib\\site-packages\\matplotlib\\mpl-data\\fonts\\ttf\\STIXSizFiveSymReg.ttf', name='STIXSizeFiveSym', style='normal', variant='normal', weight=400, stretch='normal', size='scalable')) = 10.05
2025-01-09 11:13:30,248 DEBUG:findfont: score(FontEntry(fname='C:\\Users\\chimpaleenantaphon\\AppData\\Local\\anaconda3\\Lib\\site-packages\\matplotlib\\mpl-data\\fonts\\ttf\\DejaVuSans-BoldOblique.ttf', name='DejaVu Sans', style='oblique', variant='normal', weight=700, stretch='normal', size='scalable')) = 1.335
2025-01-09 11:13:30,248 DEBUG:findfont: score(FontEntry(fname='C:\\Users\\chimpaleenantaphon\\AppData\\Local\\anaconda3\\Lib\\site-packages\\matplotlib\\mpl-data\\fonts\\ttf\\STIXSizOneSymBol.ttf', name='STIXSizeOneSym', style='normal', variant='normal', weight=700, stretch='normal', size='scalable')) = 10.335
2025-01-09 11:13:30,248 DEBUG:findfont: score(FontEntry(fname='C:\\Users\\chimpaleenantaphon\\AppData\\Local\\anaconda3\\Lib\\site-packages\\matplotlib\\mpl-data\\fonts\\ttf\\cmsy10.ttf', name='cmsy10', style='normal', variant='normal', weight=400, stretch='normal', size='scalable')) = 10.05
2025-01-09 11:13:30,250 DEBUG:findfont: score(FontEntry(fname='C:\\Users\\chimpaleenantaphon\\AppData\\Local\\anaconda3\\Lib\\site-packages\\matplotlib\\mpl-data\\fonts\\ttf\\DejaVuSerifDisplay.ttf', name='DejaVu Serif Display', style='normal', variant='normal', weight=400, stretch='normal', size='scalable')) = 10.05
2025-01-09 11:13:30,250 DEBUG:findfont: score(FontEntry(fname='C:\\Users\\chimpaleenantaphon\\AppData\\Local\\anaconda3\\Lib\\site-packages\\matplotlib\\mpl-data\\fonts\\ttf\\DejaVuSansMono-Oblique.ttf', name='DejaVu Sans Mono', style='oblique', variant='normal', weight=400, stretch='normal', size='scalable')) = 11.05
2025-01-09 11:13:30,251 DEBUG:findfont: score(FontEntry(fname='C:\\Users\\chimpaleenantaphon\\AppData\\Local\\anaconda3\\Lib\\site-packages\\matplotlib\\mpl-data\\fonts\\ttf\\STIXSizThreeSymBol.ttf', name='STIXSizeThreeSym', style='normal', variant='normal', weight=700, stretch='normal', size='scalable')) = 10.335
2025-01-09 11:13:30,251 DEBUG:findfont: score(FontEntry(fname='C:\\Windows\\Fonts\\PERTILI.TTF', name='Perpetua Titling MT', style='normal', variant='normal', weight=300, stretch='normal', size='scalable')) = 10.145
2025-01-09 11:13:30,252 DEBUG:findfont: score(FontEntry(fname='C:\\Windows\\Fonts\\OCRB.TTF', name='OCRB', style='normal', variant='normal', weight=400, stretch='normal', size='scalable')) = 10.05
2025-01-09 11:13:30,252 DEBUG:findfont: score(FontEntry(fname='C:\\Windows\\Fonts\\CALISTI.TTF', name='Calisto MT', style='italic', variant='normal', weight=400, stretch='normal', size='scalable')) = 11.05
2025-01-09 11:13:30,253 DEBUG:findfont: score(FontEntry(fname='C:\\Windows\\Fonts\\impact.ttf', name='Impact', style='normal', variant='normal', weight=400, stretch='normal', size='scalable')) = 10.05
2025-01-09 11:13:30,253 DEBUG:findfont: score(FontEntry(fname='C:\\Windows\\Fonts\\monosi.ttf', name='Monospac821 BT', style='italic', variant='normal', weight=400, stretch='normal', size='scalable')) = 11.05
2025-01-09 11:13:30,254 DEBUG:findfont: score(FontEntry(fname='C:\\Windows\\Fonts\\comicbd.ttf', name='Comic Sans MS', style='normal', variant='normal', weight=700, stretch='normal', size='scalable')) = 10.335
2025-01-09 11:13:30,254 DEBUG:findfont: score(FontEntry(fname='C:\\Windows\\Fonts\\micross.ttf', name='Microsoft Sans Serif', style='normal', variant='normal', weight=400, stretch='normal', size='scalable')) = 10.05
2025-01-09 11:13:30,254 DEBUG:findfont: score(FontEntry(fname='C:\\Windows\\Fonts\\GOTHIC.TTF', name='Century Gothic', style='normal', variant='normal', weight=400, stretch='normal', size='scalable')) = 10.05
2025-01-09 11:13:30,255 DEBUG:findfont: score(FontEntry(fname='C:\\Windows\\Fonts\\courbd.ttf', name='Courier New', style='normal', variant='normal', weight=700, stretch='normal', size='scalable')) = 10.335
2025-01-09 11:13:30,255 DEBUG:findfont: score(FontEntry(fname='C:\\Windows\\Fonts\\scripts_IV50.ttf', name='ScriptS', style='normal', variant='normal', weight=400, stretch='normal', size='scalable')) = 10.05
2025-01-09 11:13:30,256 DEBUG:findfont: score(FontEntry(fname='C:\\Windows\\Fonts\\WINGDNG3.TTF', name='Wingdings 3', style='normal', variant='normal', weight=400, stretch='normal', size='scalable')) = 10.05
2025-01-09 11:13:30,256 DEBUG:findfont: score(FontEntry(fname='C:\\Windows\\Fonts\\holomdl2.ttf', name='HoloLens MDL2 Assets', style='normal', variant='normal', weight=400, stretch='normal', size='scalable')) = 10.05
2025-01-09 11:13:30,257 DEBUG:findfont: score(FontEntry(fname='C:\\Windows\\Fonts\\arialbi.ttf', name='Arial', style='italic', variant='normal', weight=700, stretch='normal', size='scalable')) = 7.698636363636363
2025-01-09 11:13:30,257 DEBUG:findfont: score(FontEntry(fname='C:\\Windows\\Fonts\\greekc_IV25.ttf', name='GreekC', style='normal', variant='normal', weight=400, stretch='normal', size='scalable')) = 10.05
2025-01-09 11:13:30,257 DEBUG:findfont: score(FontEntry(fname='C:\\Windows\\Fonts\\monotxt_IV50.ttf', name='Monotxt', style='normal', variant='normal', weight=400, stretch='normal', size='scalable')) = 10.05
2025-01-09 11:13:30,258 DEBUG:findfont: score(FontEntry(fname='C:\\Windows\\Fonts\\consolai.ttf', name='Consolas', style='italic', variant='normal', weight=400, stretch='normal', size='scalable')) = 11.05
2025-01-09 11:13:30,258 DEBUG:findfont: score(FontEntry(fname='C:\\Windows\\Fonts\\SansSerifCollection.ttf', name='Sans Serif Collection', style='normal', variant='normal', weight=400, stretch='normal', size='scalable')) = 10.05
2025-01-09 11:13:30,259 DEBUG:findfont: score(FontEntry(fname='C:\\Windows\\Fonts\\simplex_IV50.ttf', name='Simplex', style='normal', variant='normal', weight=400, stretch='normal', size='scalable')) = 10.05
2025-01-09 11:13:30,259 DEBUG:findfont: score(FontEntry(fname='C:\\Windows\\Fonts\\mingliub.ttc', name='MingLiU-ExtB', style='normal', variant='normal', weight=400, stretch='normal', size='scalable')) = 10.05
2025-01-09 11:13:30,259 DEBUG:findfont: score(FontEntry(fname='C:\\Windows\\Fonts\\Artifakt Element Light Italic.ttf', name='Artifakt Element', style='italic', variant='normal', weight=300, stretch='normal', size='scalable')) = 11.145
2025-01-09 11:13:30,260 DEBUG:findfont: score(FontEntry(fname='C:\\Windows\\Fonts\\isoct2_IV50.ttf', name='ISOCT2', style='normal', variant='normal', weight=400, stretch='normal', size='scalable')) = 10.05
2025-01-09 11:13:30,260 DEBUG:findfont: score(FontEntry(fname='C:\\Windows\\Fonts\\YuGothL.ttc', name='Yu Gothic', style='normal', variant='normal', weight=300, stretch='normal', size='scalable')) = 10.145
2025-01-09 11:13:30,261 DEBUG:findfont: score(FontEntry(fname='C:\\Windows\\Fonts\\simplex_.ttf', name='Simplex', style='normal', variant='normal', weight=400, stretch='normal', size='scalable')) = 10.05
2025-01-09 11:13:30,261 DEBUG:findfont: score(FontEntry(fname='C:\\Windows\\Fonts\\trebuc.ttf', name='Trebuchet MS', style='normal', variant='normal', weight=400, stretch='normal', size='scalable')) = 10.05
2025-01-09 11:13:30,262 DEBUG:findfont: score(FontEntry(fname='C:\\Windows\\Fonts\\Artifakt Element Italic.ttf', name='Artifakt Element', style='italic', variant='normal', weight=400, stretch='normal', size='scalable')) = 11.05
2025-01-09 11:13:30,262 DEBUG:findfont: score(FontEntry(fname='C:\\Windows\\Fonts\\taileb.ttf', name='Microsoft Tai Le', style='normal', variant='normal', weight=700, stretch='normal', size='scalable')) = 10.335
2025-01-09 11:13:30,263 DEBUG:findfont: score(FontEntry(fname='C:\\Windows\\Fonts\\VINERITC.TTF', name='Viner Hand ITC', style='normal', variant='normal', weight=400, stretch='normal', size='scalable')) = 10.05
2025-01-09 11:13:30,263 DEBUG:findfont: score(FontEntry(fname='C:\\Windows\\Fonts\\mtproxy3.ttf', name='Proxy 3', style='normal', variant='normal', weight=400, stretch='normal', size='scalable')) = 10.05
2025-01-09 11:13:30,264 DEBUG:findfont: score(FontEntry(fname='C:\\Windows\\Fonts\\symath_IV50.ttf', name='Symath', style='normal', variant='normal', weight=400, stretch='normal', size='scalable')) = 10.05
2025-01-09 11:13:30,264 DEBUG:findfont: score(FontEntry(fname='C:\\Windows\\Fonts\\symeteo_IV25.ttf', name='Symeteo', style='normal', variant='normal', weight=400, stretch='normal', size='scalable')) = 10.05
2025-01-09 11:13:30,264 DEBUG:findfont: score(FontEntry(fname='C:\\Windows\\Fonts\\Amgdt_IV50.ttf', name='AMGDT_IV50', style='normal', variant='normal', weight=400, stretch='normal', size='scalable')) = 10.05
2025-01-09 11:13:30,265 DEBUG:findfont: score(FontEntry(fname='C:\\Windows\\Fonts\\GOUDYSTO.TTF', name='Goudy Stout', style='normal', variant='normal', weight=400, stretch='normal', size='scalable')) = 10.05
2025-01-09 11:13:30,265 DEBUG:findfont: score(FontEntry(fname='C:\\Windows\\Fonts\\OCRAEXT.TTF', name='OCR A Extended', style='normal', variant='normal', weight=400, stretch='expanded', size='scalable')) = 10.25
2025-01-09 11:13:30,266 DEBUG:findfont: score(FontEntry(fname='C:\\Windows\\Fonts\\syastro_IV25.ttf', name='Syastro', style='normal', variant='normal', weight=400, stretch='normal', size='scalable')) = 10.05
2025-01-09 11:13:30,266 DEBUG:findfont: score(FontEntry(fname='C:\\Windows\\Fonts\\ERASMD.TTF', name='Eras Medium ITC', style='normal', variant='normal', weight=400, stretch='normal', size='scalable')) = 10.05
2025-01-09 11:13:30,267 DEBUG:findfont: score(FontEntry(fname='C:\\Windows\\Fonts\\CENTAUR.TTF', name='Centaur', style='normal', variant='normal', weight=400, stretch='normal', size='scalable')) = 10.05
2025-01-09 11:13:30,267 DEBUG:findfont: score(FontEntry(fname='C:\\Windows\\Fonts\\txt_____.ttf', name='Txt', style='normal', variant='normal', weight=400, stretch='normal', size='scalable')) = 10.05
2025-01-09 11:13:30,267 DEBUG:findfont: score(FontEntry(fname='C:\\Windows\\Fonts\\ANTQUAI.TTF', name='Book Antiqua', style='italic', variant='normal', weight=400, stretch='normal', size='scalable')) = 11.05
2025-01-09 11:13:30,267 DEBUG:findfont: score(FontEntry(fname='C:\\Windows\\Fonts\\HGRME.TTC', name='HGMinchoE', style='normal', variant='normal', weight=400, stretch='normal', size='scalable')) = 10.05
2025-01-09 11:13:30,269 DEBUG:findfont: score(FontEntry(fname='C:\\Windows\\Fonts\\sansso__.ttf', name='SansSerif', style='oblique', variant='normal', weight=400, stretch='normal', size='scalable')) = 11.05
2025-01-09 11:13:30,269 DEBUG:findfont: score(FontEntry(fname='C:\\Windows\\Fonts\\SCHLBKBI.TTF', name='Century Schoolbook', style='italic', variant='normal', weight=700, stretch='normal', size='scalable')) = 11.335
2025-01-09 11:13:30,270 DEBUG:findfont: score(FontEntry(fname='C:\\Windows\\Fonts\\ARIALN.TTF', name='Arial', style='normal', variant='normal', weight=400, stretch='condensed', size='scalable')) = 6.613636363636363
2025-01-09 11:13:30,270 DEBUG:findfont: score(FontEntry(fname='C:\\Windows\\Fonts\\constanz.ttf', name='Constantia', style='italic', variant='normal', weight=700, stretch='normal', size='scalable')) = 11.335
2025-01-09 11:13:30,270 DEBUG:findfont: score(FontEntry(fname='C:\\Windows\\Fonts\\GOTHICB.TTF', name='Century Gothic', style='normal', variant='normal', weight=700, stretch='normal', size='scalable')) = 10.335
2025-01-09 11:13:30,271 DEBUG:findfont: score(FontEntry(fname='C:\\Windows\\Fonts\\GOUDOS.TTF', name='Goudy Old Style', style='normal', variant='normal', weight=400, stretch='normal', size='scalable')) = 10.05
2025-01-09 11:13:30,271 DEBUG:findfont: score(FontEntry(fname='C:\\Windows\\Fonts\\compi.ttf', name='CommercialPi BT', style='normal', variant='normal', weight=400, stretch='normal', size='scalable')) = 10.05
2025-01-09 11:13:30,272 DEBUG:findfont: score(FontEntry(fname='C:\\Windows\\Fonts\\stylu.ttf', name='Stylus BT', style='normal', variant='normal', weight=300, stretch='normal', size='scalable')) = 10.145
2025-01-09 11:13:30,272 DEBUG:findfont: score(FontEntry(fname='C:\\Windows\\Fonts\\FRABKIT.TTF', name='Franklin Gothic Book', style='italic', variant='normal', weight=400, stretch='normal', size='scalable')) = 11.05
2025-01-09 11:13:30,272 DEBUG:findfont: score(FontEntry(fname='C:\\Windows\\Fonts\\Artifakt Element Black.ttf', name='Artifakt Element', style='normal', variant='normal', weight=800, stretch='normal', size='scalable')) = 10.43
2025-01-09 11:13:30,273 DEBUG:findfont: score(FontEntry(fname='C:\\Windows\\Fonts\\symusic_.ttf', name='Symusic', style='normal', variant='normal', weight=400, stretch='normal', size='scalable')) = 10.05
2025-01-09 11:13:30,273 DEBUG:findfont: score(FontEntry(fname='C:\\Windows\\Fonts\\arialbd.ttf', name='Arial', style='normal', variant='normal', weight=700, stretch='normal', size='scalable')) = 6.698636363636363
2025-01-09 11:13:30,273 DEBUG:findfont: score(FontEntry(fname='C:\\Windows\\Fonts\\segoeprb.ttf', name='Segoe Print', style='normal', variant='normal', weight=700, stretch='normal', size='scalable')) = 10.335
2025-01-09 11:13:30,274 DEBUG:findfont: score(FontEntry(fname='C:\\Windows\\Fonts\\isocteur.ttf', name='ISOCTEUR', style='normal', variant='normal', weight=400, stretch='normal', size='scalable')) = 10.05
2025-01-09 11:13:30,274 DEBUG:findfont: score(FontEntry(fname='C:\\Windows\\Fonts\\verdanai.ttf', name='Verdana', style='italic', variant='normal', weight=400, stretch='normal', size='scalable')) = 4.6863636363636365
2025-01-09 11:13:30,274 DEBUG:findfont: score(FontEntry(fname='C:\\Windows\\Fonts\\DUBAI-LIGHT.TTF', name='Dubai', style='normal', variant='normal', weight=300, stretch='normal', size='scalable')) = 10.145
2025-01-09 11:13:30,275 DEBUG:findfont: score(FontEntry(fname='C:\\Windows\\Fonts\\italict_.ttf', name='ItalicT', style='italic', variant='normal', weight=400, stretch='normal', size='scalable')) = 11.05
2025-01-09 11:13:30,275 DEBUG:findfont: score(FontEntry(fname='C:\\Windows\\Fonts\\greeks_IV50.ttf', name='GreekS', style='normal', variant='normal', weight=400, stretch='normal', size='scalable')) = 10.05
2025-01-09 11:13:30,275 DEBUG:findfont: score(FontEntry(fname='C:\\Windows\\Fonts\\counb___.ttf', name='CountryBlueprint', style='normal', variant='normal', weight=400, stretch='normal', size='scalable')) = 10.05
2025-01-09 11:13:30,276 DEBUG:findfont: score(FontEntry(fname='C:\\Windows\\Fonts\\gadugi.ttf', name='Gadugi', style='normal', variant='normal', weight=400, stretch='normal', size='scalable')) = 10.05
2025-01-09 11:13:30,276 DEBUG:findfont: score(FontEntry(fname='C:\\Windows\\Fonts\\Artifakt Element Bold Italic.ttf', name='Artifakt Element', style='italic', variant='normal', weight=700, stretch='normal', size='scalable')) = 11.335
2025-01-09 11:13:30,276 DEBUG:findfont: score(FontEntry(fname='C:\\Windows\\Fonts\\HTOWERTI.TTF', name='High Tower Text', style='italic', variant='normal', weight=400, stretch='normal', size='scalable')) = 11.05
2025-01-09 11:13:30,276 DEBUG:findfont: score(FontEntry(fname='C:\\Windows\\Fonts\\WINGDNG2.TTF', name='Wingdings 2', style='normal', variant='normal', weight=400, stretch='normal', size='scalable')) = 10.05
2025-01-09 11:13:30,277 DEBUG:findfont: score(FontEntry(fname='C:\\Windows\\Fonts\\cambria.ttc', name='Cambria', style='normal', variant='normal', weight=400, stretch='normal', size='scalable')) = 10.05
2025-01-09 11:13:30,277 DEBUG:findfont: score(FontEntry(fname='C:\\Windows\\Fonts\\georgiai.ttf', name='Georgia', style='italic', variant='normal', weight=400, stretch='normal', size='scalable')) = 11.05
2025-01-09 11:13:30,278 DEBUG:findfont: score(FontEntry(fname='C:\\Windows\\Fonts\\POORICH.TTF', name='Poor Richard', style='normal', variant='normal', weight=400, stretch='normal', size='scalable')) = 10.05
2025-01-09 11:13:30,278 DEBUG:findfont: score(FontEntry(fname='C:\\Windows\\Fonts\\AcadEref.ttf', name='AcadEref', style='normal', variant='normal', weight=400, stretch='normal', size='scalable')) = 10.05
2025-01-09 11:13:30,279 DEBUG:findfont: score(FontEntry(fname='C:\\Windows\\Fonts\\LeelUIsl.ttf', name='Leelawadee UI', style='normal', variant='normal', weight=350, stretch='normal', size='scalable')) = 10.0975
2025-01-09 11:13:30,279 DEBUG:findfont: score(FontEntry(fname='C:\\Windows\\Fonts\\georgiaz.ttf', name='Georgia', style='italic', variant='normal', weight=700, stretch='normal', size='scalable')) = 11.335
2025-01-09 11:13:30,279 DEBUG:findfont: score(FontEntry(fname='C:\\Windows\\Fonts\\ERASDEMI.TTF', name='Eras Demi ITC', style='normal', variant='normal', weight=400, stretch='normal', size='scalable')) = 10.05
2025-01-09 11:13:30,280 DEBUG:findfont: score(FontEntry(fname='C:\\Windows\\Fonts\\FRADMCN.TTF', name='Franklin Gothic Demi Cond', style='normal', variant='normal', weight=400, stretch='condensed', size='scalable')) = 10.25
2025-01-09 11:13:30,280 DEBUG:findfont: score(FontEntry(fname='C:\\Windows\\Fonts\\swisse.ttf', name='Swis721 Ex BT', style='normal', variant='normal', weight=400, stretch='expanded', size='scalable')) = 10.25
2025-01-09 11:13:30,280 DEBUG:findfont: score(FontEntry(fname='C:\\Windows\\Fonts\\ARIALNB.TTF', name='Arial', style='normal', variant='normal', weight=700, stretch='condensed', size='scalable')) = 6.8986363636363635
2025-01-09 11:13:30,281 DEBUG:findfont: score(FontEntry(fname='C:\\Windows\\Fonts\\calibriz.ttf', name='Calibri', style='italic', variant='normal', weight=700, stretch='normal', size='scalable')) = 11.335
2025-01-09 11:13:30,282 DEBUG:findfont: score(FontEntry(fname='C:\\Windows\\Fonts\\yuminl.ttf', name='Yu Mincho', style='normal', variant='normal', weight=300, stretch='normal', size='scalable')) = 10.145
2025-01-09 11:13:30,282 DEBUG:findfont: score(FontEntry(fname='C:\\Windows\\Fonts\\technic_.ttf', name='Technic', style='normal', variant='normal', weight=400, stretch='normal', size='scalable')) = 10.05
2025-01-09 11:13:30,282 DEBUG:findfont: score(FontEntry(fname='C:\\Windows\\Fonts\\bgothl.ttf', name='BankGothic Lt BT', style='normal', variant='normal', weight=400, stretch='normal', size='scalable')) = 10.05
2025-01-09 11:13:30,283 DEBUG:findfont: score(FontEntry(fname='C:\\Windows\\Fonts\\msjhbd.ttc', name='Microsoft JhengHei', style='normal', variant='normal', weight=700, stretch='normal', size='scalable')) = 10.335
2025-01-09 11:13:30,283 DEBUG:findfont: score(FontEntry(fname='C:\\Windows\\Fonts\\SegoeIcons.ttf', name='Segoe Fluent Icons', style='normal', variant='normal', weight=400, stretch='normal', size='scalable')) = 10.05
2025-01-09 11:13:30,284 DEBUG:findfont: score(FontEntry(fname='C:\\Windows\\Fonts\\TCBI____.TTF', name='Tw Cen MT', style='italic', variant='normal', weight=700, stretch='normal', size='scalable')) = 11.335
2025-01-09 11:13:30,284 DEBUG:findfont: score(FontEntry(fname='C:\\Windows\\Fonts\\malgun.ttf', name='Malgun Gothic', style='normal', variant='normal', weight=400, stretch='normal', size='scalable')) = 10.05
2025-01-09 11:13:30,284 DEBUG:findfont: score(FontEntry(fname='C:\\Windows\\Fonts\\TCM_____.TTF', name='Tw Cen MT', style='normal', variant='normal', weight=400, stretch='normal', size='scalable')) = 10.05
2025-01-09 11:13:30,285 DEBUG:findfont: score(FontEntry(fname='C:\\Windows\\Fonts\\ROCKBI.TTF', name='Rockwell', style='italic', variant='normal', weight=700, stretch='normal', size='scalable')) = 11.335
2025-01-09 11:13:30,285 DEBUG:findfont: score(FontEntry(fname='C:\\Windows\\Fonts\\javatext.ttf', name='Javanese Text', style='normal', variant='normal', weight=400, stretch='normal', size='scalable')) = 10.05
2025-01-09 11:13:30,285 DEBUG:findfont: score(FontEntry(fname='C:\\Windows\\Fonts\\TCCM____.TTF', name='Tw Cen MT Condensed', style='normal', variant='normal', weight=400, stretch='condensed', size='scalable')) = 10.25
2025-01-09 11:13:30,286 DEBUG:findfont: score(FontEntry(fname='C:\\Windows\\Fonts\\timesbi.ttf', name='Times New Roman', style='italic', variant='normal', weight=700, stretch='normal', size='scalable')) = 11.335
2025-01-09 11:13:30,286 DEBUG:findfont: score(FontEntry(fname='C:\\Windows\\Fonts\\seguisym.ttf', name='Segoe UI Symbol', style='normal', variant='normal', weight=400, stretch='normal', size='scalable')) = 10.05
2025-01-09 11:13:30,288 DEBUG:findfont: score(FontEntry(fname='C:\\Windows\\Fonts\\PALSCRI.TTF', name='Palace Script MT', style='normal', variant='normal', weight=400, stretch='normal', size='scalable')) = 10.05
2025-01-09 11:13:30,288 DEBUG:findfont: score(FontEntry(fname='C:\\Windows\\Fonts\\TCCB____.TTF', name='Tw Cen MT Condensed', style='normal', variant='normal', weight=700, stretch='condensed', size='scalable')) = 10.535
2025-01-09 11:13:30,288 DEBUG:findfont: score(FontEntry(fname='C:\\Windows\\Fonts\\calibrib.ttf', name='Calibri', style='normal', variant='normal', weight=700, stretch='normal', size='scalable')) = 10.335
2025-01-09 11:13:30,289 DEBUG:findfont: score(FontEntry(fname='C:\\Windows\\Fonts\\ebrima.ttf', name='Ebrima', style='normal', variant='normal', weight=400, stretch='normal', size='scalable')) = 10.05
2025-01-09 11:13:30,289 DEBUG:findfont: score(FontEntry(fname='C:\\Windows\\Fonts\\DUBAI-MEDIUM.TTF', name='Dubai', style='normal', variant='normal', weight=500, stretch='normal', size='scalable')) = 10.145
2025-01-09 11:13:30,290 DEBUG:findfont: score(FontEntry(fname='C:\\Windows\\Fonts\\monotxt_.ttf', name='Monotxt', style='normal', variant='normal', weight=400, stretch='normal', size='scalable')) = 10.05
2025-01-09 11:13:30,290 DEBUG:findfont: score(FontEntry(fname='C:\\Windows\\Fonts\\segoesc.ttf', name='Segoe Script', style='normal', variant='normal', weight=400, stretch='normal', size='scalable')) = 10.05
2025-01-09 11:13:30,291 DEBUG:findfont: score(FontEntry(fname='C:\\Windows\\Fonts\\YuGothB.ttc', name='Yu Gothic', style='normal', variant='normal', weight=700, stretch='normal', size='scalable')) = 10.335
2025-01-09 11:13:30,291 DEBUG:findfont: score(FontEntry(fname='C:\\Windows\\Fonts\\dutch.ttf', name='Dutch801 Rm BT', style='normal', variant='normal', weight=400, stretch='normal', size='scalable')) = 10.05
2025-01-09 11:13:30,292 DEBUG:findfont: score(FontEntry(fname='C:\\Windows\\Fonts\\BIZ-UDGothicB.ttc', name='BIZ UDGothic', style='normal', variant='normal', weight=700, stretch='normal', size='scalable')) = 10.335
2025-01-09 11:13:30,292 DEBUG:findfont: score(FontEntry(fname='C:\\Windows\\Fonts\\NirmalaB.ttf', name='Nirmala UI', style='normal', variant='normal', weight=700, stretch='normal', size='scalable')) = 10.335
2025-01-09 11:13:30,293 DEBUG:findfont: score(FontEntry(fname='C:\\Windows\\Fonts\\himalaya.ttf', name='Microsoft Himalaya', style='normal', variant='normal', weight=400, stretch='normal', size='scalable')) = 10.05
2025-01-09 11:13:30,293 DEBUG:findfont: score(FontEntry(fname='C:\\Windows\\Fonts\\CALIFB.TTF', name='Californian FB', style='normal', variant='normal', weight=700, stretch='normal', size='scalable')) = 10.335
2025-01-09 11:13:30,294 DEBUG:findfont: score(FontEntry(fname='C:\\Windows\\Fonts\\mmrtextb.ttf', name='Myanmar Text', style='normal', variant='normal', weight=700, stretch='normal', size='scalable')) = 10.335
2025-01-09 11:13:30,294 DEBUG:findfont: score(FontEntry(fname='C:\\Windows\\Fonts\\JOKERMAN.TTF', name='Jokerman', style='normal', variant='normal', weight=400, stretch='normal', size='scalable')) = 10.05
2025-01-09 11:13:30,294 DEBUG:findfont: score(FontEntry(fname='C:\\Windows\\Fonts\\HGRGM.TTC', name='HGGothicM', style='normal', variant='normal', weight=400, stretch='normal', size='scalable')) = 10.05
2025-01-09 11:13:30,295 DEBUG:findfont: score(FontEntry(fname='C:\\Windows\\Fonts\\MTCORSVA.TTF', name='Monotype Corsiva', style='normal', variant='normal', weight=400, stretch='normal', size='scalable')) = 10.05
2025-01-09 11:13:30,296 DEBUG:findfont: score(FontEntry(fname='C:\\Windows\\Fonts\\ERASBD.TTF', name='Eras Bold ITC', style='normal', variant='normal', weight=400, stretch='normal', size='scalable')) = 10.05
2025-01-09 11:13:30,296 DEBUG:findfont: score(FontEntry(fname='C:\\Windows\\Fonts\\FRABK.TTF', name='Franklin Gothic Book', style='normal', variant='normal', weight=400, stretch='normal', size='scalable')) = 10.05
2025-01-09 11:13:30,296 DEBUG:findfont: score(FontEntry(fname='C:\\Windows\\Fonts\\verdanaz.ttf', name='Verdana', style='italic', variant='normal', weight=700, stretch='normal', size='scalable')) = 4.971363636363637
2025-01-09 11:13:30,297 DEBUG:findfont: score(FontEntry(fname='C:\\Windows\\Fonts\\scriptc_.ttf', name='ScriptC', style='normal', variant='normal', weight=400, stretch='normal', size='scalable')) = 10.05
2025-01-09 11:13:30,298 DEBUG:findfont: score(FontEntry(fname='C:\\Windows\\Fonts\\seguiemj.ttf', name='Segoe UI Emoji', style='normal', variant='normal', weight=400, stretch='normal', size='scalable')) = 10.05
2025-01-09 11:13:30,298 DEBUG:findfont: score(FontEntry(fname='C:\\Windows\\Fonts\\dutcheb.ttf', name='Dutch801 XBd BT', style='normal', variant='normal', weight=400, stretch='normal', size='scalable')) = 10.05
2025-01-09 11:13:30,298 DEBUG:findfont: score(FontEntry(fname='C:\\Windows\\Fonts\\Artifakt Element Heavy.ttf', name='Artifakt Element', style='normal', variant='normal', weight=900, stretch='normal', size='scalable')) = 10.525
2025-01-09 11:13:30,299 DEBUG:findfont: score(FontEntry(fname='C:\\Windows\\Fonts\\BRLNSDB.TTF', name='Berlin Sans FB Demi', style='normal', variant='normal', weight=700, stretch='normal', size='scalable')) = 10.335
2025-01-09 11:13:30,299 DEBUG:findfont: score(FontEntry(fname='C:\\Windows\\Fonts\\LTYPEBO.TTF', name='Lucida Sans Typewriter', style='oblique', variant='normal', weight=600, stretch='normal', size='scalable')) = 11.24
2025-01-09 11:13:30,300 DEBUG:findfont: score(FontEntry(fname='C:\\Windows\\Fonts\\italic_IV50.ttf', name='Italic', style='italic', variant='normal', weight=400, stretch='normal', size='scalable')) = 11.05
2025-01-09 11:13:30,300 DEBUG:findfont: score(FontEntry(fname='C:\\Windows\\Fonts\\bgothm.ttf', name='BankGothic Md BT', style='normal', variant='normal', weight=400, stretch='normal', size='scalable')) = 10.05
2025-01-09 11:13:30,301 DEBUG:findfont: score(FontEntry(fname='C:\\Windows\\Fonts\\LFAX.TTF', name='Lucida Fax', style='normal', variant='normal', weight=400, stretch='normal', size='scalable')) = 10.05
2025-01-09 11:13:30,301 DEBUG:findfont: score(FontEntry(fname='C:\\Windows\\Fonts\\FELIXTI.TTF', name='Felix Titling', style='normal', variant='normal', weight=400, stretch='normal', size='scalable')) = 10.05
2025-01-09 11:13:30,302 DEBUG:findfont: score(FontEntry(fname='C:\\Windows\\Fonts\\meiryo.ttc', name='Meiryo', style='normal', variant='normal', weight=400, stretch='normal', size='scalable')) = 10.05
2025-01-09 11:13:30,302 DEBUG:findfont: score(FontEntry(fname='C:\\Windows\\Fonts\\calibrii.ttf', name='Calibri', style='italic', variant='normal', weight=400, stretch='normal', size='scalable')) = 11.05
2025-01-09 11:13:30,302 DEBUG:findfont: score(FontEntry(fname='C:\\Windows\\Fonts\\BRITANIC.TTF', name='Britannic Bold', style='normal', variant='normal', weight=400, stretch='normal', size='scalable')) = 10.05
2025-01-09 11:13:30,303 DEBUG:findfont: score(FontEntry(fname='C:\\Windows\\Fonts\\BELL.TTF', name='Bell MT', style='normal', variant='normal', weight=400, stretch='normal', size='scalable')) = 10.05
2025-01-09 11:13:30,303 DEBUG:findfont: score(FontEntry(fname='C:\\Windows\\Fonts\\ROCKB.TTF', name='Rockwell', style='normal', variant='normal', weight=700, stretch='normal', size='scalable')) = 10.335
2025-01-09 11:13:30,304 DEBUG:findfont: score(FontEntry(fname='C:\\Windows\\Fonts\\COPRGTB.TTF', name='Copperplate Gothic Bold', style='normal', variant='normal', weight=400, stretch='normal', size='scalable')) = 10.05
2025-01-09 11:13:30,304 DEBUG:findfont: score(FontEntry(fname='C:\\Windows\\Fonts\\PERBI___.TTF', name='Perpetua', style='italic', variant='normal', weight=700, stretch='normal', size='scalable')) = 11.335
2025-01-09 11:13:30,305 DEBUG:findfont: score(FontEntry(fname='C:\\Windows\\Fonts\\BOD_CR.TTF', name='Bodoni MT', style='normal', variant='normal', weight=400, stretch='condensed', size='scalable')) = 10.25
2025-01-09 11:13:30,305 DEBUG:findfont: score(FontEntry(fname='C:\\Windows\\Fonts\\REFSPCL.TTF', name='MS Reference Specialty', style='normal', variant='normal', weight=400, stretch='normal', size='scalable')) = 10.05
2025-01-09 11:13:30,306 DEBUG:findfont: score(FontEntry(fname='C:\\Windows\\Fonts\\BOD_I.TTF', name='Bodoni MT', style='italic', variant='normal', weight=400, stretch='normal', size='scalable')) = 11.05
2025-01-09 11:13:30,306 DEBUG:findfont: score(FontEntry(fname='C:\\Windows\\Fonts\\verdana.ttf', name='Verdana', style='normal', variant='normal', weight=400, stretch='normal', size='scalable')) = 3.6863636363636365
2025-01-09 11:13:30,307 DEBUG:findfont: score(FontEntry(fname='C:\\Windows\\Fonts\\dutchi.ttf', name='Dutch801 Rm BT', style='italic', variant='normal', weight=400, stretch='normal', size='scalable')) = 11.05
2025-01-09 11:13:30,307 DEBUG:findfont: score(FontEntry(fname='C:\\Windows\\Fonts\\NIAGENG.TTF', name='Niagara Engraved', style='normal', variant='normal', weight=400, stretch='normal', size='scalable')) = 10.05
2025-01-09 11:13:30,307 DEBUG:findfont: score(FontEntry(fname='C:\\Windows\\Fonts\\isocpeur.ttf', name='ISOCPEUR', style='normal', variant='normal', weight=400, stretch='normal', size='scalable')) = 10.05
2025-01-09 11:13:30,308 DEBUG:findfont: score(FontEntry(fname='C:\\Windows\\Fonts\\corbel.ttf', name='Corbel', style='normal', variant='normal', weight=400, stretch='normal', size='scalable')) = 10.05
2025-01-09 11:13:30,308 DEBUG:findfont: score(FontEntry(fname='C:\\Windows\\Fonts\\ebrimabd.ttf', name='Ebrima', style='normal', variant='normal', weight=700, stretch='normal', size='scalable')) = 10.335
2025-01-09 11:13:30,309 DEBUG:findfont: score(FontEntry(fname='C:\\Windows\\Fonts\\ARLRDBD.TTF', name='Arial Rounded MT Bold', style='normal', variant='normal', weight=400, stretch='normal', size='scalable')) = 10.05
2025-01-09 11:13:30,309 DEBUG:findfont: score(FontEntry(fname='C:\\Windows\\Fonts\\comic.ttf', name='Comic Sans MS', style='normal', variant='normal', weight=400, stretch='normal', size='scalable')) = 10.05
2025-01-09 11:13:30,310 DEBUG:findfont: score(FontEntry(fname='C:\\Windows\\Fonts\\isoct2__.ttf', name='ISOCT2', style='normal', variant='normal', weight=400, stretch='normal', size='scalable')) = 10.05
2025-01-09 11:13:30,311 DEBUG:findfont: score(FontEntry(fname='C:\\Windows\\Fonts\\isocpeui.ttf', name='ISOCPEUR', style='italic', variant='normal', weight=400, stretch='normal', size='scalable')) = 11.05
2025-01-09 11:13:30,312 DEBUG:findfont: score(FontEntry(fname='C:\\Windows\\Fonts\\cambriab.ttf', name='Cambria', style='normal', variant='normal', weight=700, stretch='normal', size='scalable')) = 10.335
2025-01-09 11:13:30,313 DEBUG:findfont: score(FontEntry(fname='C:\\Windows\\Fonts\\ROCK.TTF', name='Rockwell', style='normal', variant='normal', weight=400, stretch='normal', size='scalable')) = 10.05
2025-01-09 11:13:30,313 DEBUG:findfont: score(FontEntry(fname='C:\\Windows\\Fonts\\BOD_CB.TTF', name='Bodoni MT', style='normal', variant='normal', weight=700, stretch='condensed', size='scalable')) = 10.535
2025-01-09 11:13:30,314 DEBUG:findfont: score(FontEntry(fname='C:\\Windows\\Fonts\\symap_IV50.ttf', name='Symap', style='normal', variant='normal', weight=400, stretch='normal', size='scalable')) = 10.05
2025-01-09 11:13:30,315 DEBUG:findfont: score(FontEntry(fname='C:\\Windows\\Fonts\\symusic_IV50.ttf', name='Symusic', style='normal', variant='normal', weight=400, stretch='normal', size='scalable')) = 10.05
2025-01-09 11:13:30,315 DEBUG:findfont: score(FontEntry(fname='C:\\Windows\\Fonts\\GIGI.TTF', name='Gigi', style='normal', variant='normal', weight=400, stretch='normal', size='scalable')) = 10.05
2025-01-09 11:13:30,316 DEBUG:findfont: score(FontEntry(fname='C:\\Windows\\Fonts\\constanb.ttf', name='Constantia', style='normal', variant='normal', weight=700, stretch='normal', size='scalable')) = 10.335
2025-01-09 11:13:30,317 DEBUG:findfont: score(FontEntry(fname='C:\\Windows\\Fonts\\symath_IV25.ttf', name='Symath', style='normal', variant='normal', weight=400, stretch='normal', size='scalable')) = 10.05
2025-01-09 11:13:30,317 DEBUG:findfont: score(FontEntry(fname='C:\\Windows\\Fonts\\BERNHC.TTF', name='Bernard MT Condensed', style='normal', variant='normal', weight=400, stretch='condensed', size='scalable')) = 10.25
2025-01-09 11:13:30,318 DEBUG:findfont: score(FontEntry(fname='C:\\Windows\\Fonts\\symbol.ttf', name='Symbol', style='normal', variant='normal', weight=400, stretch='normal', size='scalable')) = 10.05
2025-01-09 11:13:30,321 DEBUG:findfont: score(FontEntry(fname='C:\\Windows\\Fonts\\GOTHICI.TTF', name='Century Gothic', style='italic', variant='normal', weight=400, stretch='normal', size='scalable')) = 11.05
2025-01-09 11:13:30,322 DEBUG:findfont: score(FontEntry(fname='C:\\Windows\\Fonts\\gothici_.ttf', name='GothicI', style='normal', variant='normal', weight=400, stretch='normal', size='scalable')) = 10.05
2025-01-09 11:13:30,322 DEBUG:findfont: score(FontEntry(fname='C:\\Windows\\Fonts\\romantic.ttf', name='Romantic', style='normal', variant='normal', weight=400, stretch='normal', size='scalable')) = 10.05
2025-01-09 11:13:30,322 DEBUG:findfont: score(FontEntry(fname='C:\\Windows\\Fonts\\mvboli.ttf', name='MV Boli', style='normal', variant='normal', weight=400, stretch='normal', size='scalable')) = 10.05
2025-01-09 11:13:30,323 DEBUG:findfont: score(FontEntry(fname='C:\\Windows\\Fonts\\pala.ttf', name='Palatino Linotype', style='normal', variant='normal', weight=400, stretch='normal', size='scalable')) = 10.05
2025-01-09 11:13:30,323 DEBUG:findfont: score(FontEntry(fname='C:\\Windows\\Fonts\\corbelli.ttf', name='Corbel', style='italic', variant='normal', weight=300, stretch='normal', size='scalable')) = 11.145
2025-01-09 11:13:30,324 DEBUG:findfont: score(FontEntry(fname='C:\\Windows\\Fonts\\monos.ttf', name='Monospac821 BT', style='normal', variant='normal', weight=400, stretch='normal', size='scalable')) = 10.05
2025-01-09 11:13:30,324 DEBUG:findfont: score(FontEntry(fname='C:\\Windows\\Fonts\\ARIALNBI.TTF', name='Arial', style='italic', variant='normal', weight=700, stretch='condensed', size='scalable')) = 7.8986363636363635
2025-01-09 11:13:30,324 DEBUG:findfont: score(FontEntry(fname='C:\\Windows\\Fonts\\HGRSKP.TTF', name='HGSeikaishotaiPRO', style='normal', variant='normal', weight=400, stretch='normal', size='scalable')) = 10.05
2025-01-09 11:13:30,325 DEBUG:findfont: score(FontEntry(fname='C:\\Windows\\Fonts\\swissb.ttf', name='Swis721 BT', style='normal', variant='normal', weight=700, stretch='normal', size='scalable')) = 10.335
2025-01-09 11:13:30,325 DEBUG:findfont: score(FontEntry(fname='C:\\Windows\\Fonts\\swissel.ttf', name='Swis721 LtEx BT', style='normal', variant='normal', weight=400, stretch='expanded', size='scalable')) = 10.25
2025-01-09 11:13:30,325 DEBUG:findfont: score(FontEntry(fname='C:\\Windows\\Fonts\\isoct3_IV50.ttf', name='ISOCT3', style='normal', variant='normal', weight=400, stretch='normal', size='scalable')) = 10.05
2025-01-09 11:13:30,326 DEBUG:findfont: score(FontEntry(fname='C:\\Windows\\Fonts\\LeelawUI.ttf', name='Leelawadee UI', style='normal', variant='normal', weight=400, stretch='normal', size='scalable')) = 10.05
2025-01-09 11:13:30,326 DEBUG:findfont: score(FontEntry(fname='C:\\Windows\\Fonts\\constan.ttf', name='Constantia', style='normal', variant='normal', weight=400, stretch='normal', size='scalable')) = 10.05
2025-01-09 11:13:30,326 DEBUG:findfont: score(FontEntry(fname='C:\\Windows\\Fonts\\georgiab.ttf', name='Georgia', style='normal', variant='normal', weight=700, stretch='normal', size='scalable')) = 10.335
2025-01-09 11:13:30,326 DEBUG:findfont: score(FontEntry(fname='C:\\Windows\\Fonts\\ariali.ttf', name='Arial', style='italic', variant='normal', weight=400, stretch='normal', size='scalable')) = 7.413636363636363
2025-01-09 11:13:30,327 DEBUG:findfont: score(FontEntry(fname='C:\\Windows\\Fonts\\consolaz.ttf', name='Consolas', style='italic', variant='normal', weight=700, stretch='normal', size='scalable')) = 11.335
2025-01-09 11:13:30,327 DEBUG:findfont: score(FontEntry(fname='C:\\Windows\\Fonts\\swissl.ttf', name='Swis721 Lt BT', style='normal', variant='normal', weight=400, stretch='normal', size='scalable')) = 10.05
2025-01-09 11:13:30,328 DEBUG:findfont: score(FontEntry(fname='C:\\Windows\\Fonts\\isocp3__.ttf', name='ISOCP3', style='normal', variant='normal', weight=400, stretch='normal', size='scalable')) = 10.05
2025-01-09 11:13:30,328 DEBUG:findfont: score(FontEntry(fname='C:\\Windows\\Fonts\\mtproxy2.ttf', name='Proxy 2', style='normal', variant='normal', weight=400, stretch='normal', size='scalable')) = 10.05
2025-01-09 11:13:30,329 DEBUG:findfont: score(FontEntry(fname='C:\\Windows\\Fonts\\Artifakt Element Thin.ttf', name='Artifakt Element', style='normal', variant='normal', weight=200, stretch='normal', size='scalable')) = 10.24
2025-01-09 11:13:30,329 DEBUG:findfont: score(FontEntry(fname='C:\\Windows\\Fonts\\YuGothM.ttc', name='Yu Gothic', style='normal', variant='normal', weight=500, stretch='normal', size='scalable')) = 10.145
2025-01-09 11:13:30,330 DEBUG:findfont: score(FontEntry(fname='C:\\Windows\\Fonts\\seguihis.ttf', name='Segoe UI Historic', style='normal', variant='normal', weight=400, stretch='normal', size='scalable')) = 10.05
2025-01-09 11:13:30,330 DEBUG:findfont: score(FontEntry(fname='C:\\Windows\\Fonts\\BOD_CBI.TTF', name='Bodoni MT', style='italic', variant='normal', weight=700, stretch='condensed', size='scalable')) = 11.535
2025-01-09 11:13:30,330 DEBUG:findfont: score(FontEntry(fname='C:\\Windows\\Fonts\\GARA.TTF', name='Garamond', style='normal', variant='normal', weight=400, stretch='normal', size='scalable')) = 10.05
2025-01-09 11:13:30,331 DEBUG:findfont: score(FontEntry(fname='C:\\Windows\\Fonts\\palai.ttf', name='Palatino Linotype', style='italic', variant='normal', weight=400, stretch='normal', size='scalable')) = 11.05
2025-01-09 11:13:30,331 DEBUG:findfont: score(FontEntry(fname='C:\\Windows\\Fonts\\swissci.ttf', name='Swis721 Cn BT', style='italic', variant='normal', weight=400, stretch='condensed', size='scalable')) = 11.25
2025-01-09 11:13:30,332 DEBUG:findfont: score(FontEntry(fname='C:\\Windows\\Fonts\\LFAXDI.TTF', name='Lucida Fax', style='italic', variant='normal', weight=600, stretch='normal', size='scalable')) = 11.24
2025-01-09 11:13:30,332 DEBUG:findfont: score(FontEntry(fname='C:\\Windows\\Fonts\\BOD_BLAR.TTF', name='Bodoni MT', style='normal', variant='normal', weight=900, stretch='normal', size='scalable')) = 10.525
2025-01-09 11:13:30,332 DEBUG:findfont: score(FontEntry(fname='C:\\Windows\\Fonts\\swiss.ttf', name='Swis721 BT', style='normal', variant='normal', weight=400, stretch='normal', size='scalable')) = 10.05
2025-01-09 11:13:30,333 DEBUG:findfont: score(FontEntry(fname='C:\\Windows\\Fonts\\MATURASC.TTF', name='Matura MT Script Capitals', style='normal', variant='normal', weight=400, stretch='normal', size='scalable')) = 10.05
2025-01-09 11:13:30,333 DEBUG:findfont: score(FontEntry(fname='C:\\Windows\\Fonts\\HGRPP1.TTC', name='HGSoeiKakupoptai', style='normal', variant='normal', weight=400, stretch='normal', size='scalable')) = 10.05
2025-01-09 11:13:30,333 DEBUG:findfont: score(FontEntry(fname='C:\\Windows\\Fonts\\mtproxy4.ttf', name='Proxy 4', style='normal', variant='normal', weight=400, stretch='normal', size='scalable')) = 10.05
2025-01-09 11:13:30,334 DEBUG:findfont: score(FontEntry(fname='C:\\Windows\\Fonts\\isocp_IV25.ttf', name='ISOCP', style='normal', variant='normal', weight=400, stretch='normal', size='scalable')) = 10.05
2025-01-09 11:13:30,334 DEBUG:findfont: score(FontEntry(fname='C:\\Windows\\Fonts\\CASTELAR.TTF', name='Castellar', style='normal', variant='normal', weight=400, stretch='normal', size='scalable')) = 10.05
2025-01-09 11:13:30,334 DEBUG:findfont: score(FontEntry(fname='C:\\Windows\\Fonts\\Artifakt Element Hair.ttf', name='Artifakt Element', style='normal', variant='normal', weight=100, stretch='normal', size='scalable')) = 10.335
2025-01-09 11:13:30,335 DEBUG:findfont: score(FontEntry(fname='C:\\Windows\\Fonts\\LeelaUIb.ttf', name='Leelawadee UI', style='normal', variant='normal', weight=700, stretch='normal', size='scalable')) = 10.335
2025-01-09 11:13:30,335 DEBUG:findfont: score(FontEntry(fname='C:\\Windows\\Fonts\\BASKVILL.TTF', name='Baskerville Old Face', style='normal', variant='normal', weight=400, stretch='normal', size='scalable')) = 10.05
2025-01-09 11:13:30,335 DEBUG:findfont: score(FontEntry(fname='C:\\Windows\\Fonts\\romand__.ttf', name='RomanD', style='normal', variant='normal', weight=400, stretch='normal', size='scalable')) = 10.05
2025-01-09 11:13:30,336 DEBUG:findfont: score(FontEntry(fname='C:\\Windows\\Fonts\\sanssb__.ttf', name='SansSerif', style='normal', variant='normal', weight=700, stretch='normal', size='scalable')) = 10.335
2025-01-09 11:13:30,336 DEBUG:findfont: score(FontEntry(fname='C:\\Windows\\Fonts\\mtproxy6.ttf', name='Proxy 6', style='normal', variant='normal', weight=400, stretch='normal', size='scalable')) = 10.05
2025-01-09 11:13:30,336 DEBUG:findfont: score(FontEntry(fname='C:\\Windows\\Fonts\\segoeuiz.ttf', name='Segoe UI', style='italic', variant='normal', weight=700, stretch='normal', size='scalable')) = 11.335
2025-01-09 11:13:30,337 DEBUG:findfont: score(FontEntry(fname='C:\\Windows\\Fonts\\GARABD.TTF', name='Garamond', style='normal', variant='normal', weight=700, stretch='normal', size='scalable')) = 10.335
2025-01-09 11:13:30,337 DEBUG:findfont: score(FontEntry(fname='C:\\Windows\\Fonts\\BIZ-UDGothicR.ttc', name='BIZ UDGothic', style='normal', variant='normal', weight=400, stretch='normal', size='scalable')) = 10.05
2025-01-09 11:13:30,338 DEBUG:findfont: score(FontEntry(fname='C:\\Windows\\Fonts\\MSUIGHUR.TTF', name='Microsoft Uighur', style='normal', variant='normal', weight=400, stretch='normal', size='scalable')) = 10.05
2025-01-09 11:13:30,338 DEBUG:findfont: score(FontEntry(fname='C:\\Windows\\Fonts\\REFSAN.TTF', name='MS Reference Sans Serif', style='normal', variant='normal', weight=400, stretch='normal', size='scalable')) = 10.05
2025-01-09 11:13:30,338 DEBUG:findfont: score(FontEntry(fname='C:\\Windows\\Fonts\\NirmalaS.ttf', name='Nirmala UI', style='normal', variant='normal', weight=350, stretch='normal', size='scalable')) = 10.0975
2025-01-09 11:13:30,338 DEBUG:findfont: score(FontEntry(fname='C:\\Windows\\Fonts\\couri.ttf', name='Courier New', style='italic', variant='normal', weight=400, stretch='normal', size='scalable')) = 11.05
2025-01-09 11:13:30,339 DEBUG:findfont: score(FontEntry(fname='C:\\Windows\\Fonts\\constani.ttf', name='Constantia', style='italic', variant='normal', weight=400, stretch='normal', size='scalable')) = 11.05
2025-01-09 11:13:30,339 DEBUG:findfont: score(FontEntry(fname='C:\\Windows\\Fonts\\mtproxy9.ttf', name='Proxy 9', style='normal', variant='normal', weight=400, stretch='normal', size='scalable')) = 10.05
2025-01-09 11:13:30,339 DEBUG:findfont: score(FontEntry(fname='C:\\Windows\\Fonts\\BOD_CI.TTF', name='Bodoni MT', style='italic', variant='normal', weight=400, stretch='condensed', size='scalable')) = 11.25
2025-01-09 11:13:30,340 DEBUG:findfont: score(FontEntry(fname='C:\\Windows\\Fonts\\seguili.ttf', name='Segoe UI', style='italic', variant='normal', weight=300, stretch='normal', size='scalable')) = 11.145
2025-01-09 11:13:30,340 DEBUG:findfont: score(FontEntry(fname='C:\\Windows\\Fonts\\GOST Common Italic.ttf', name='GOST Common', style='italic', variant='normal', weight=400, stretch='normal', size='scalable')) = 11.05
2025-01-09 11:13:30,340 DEBUG:findfont: score(FontEntry(fname='C:\\Windows\\Fonts\\gadugib.ttf', name='Gadugi', style='normal', variant='normal', weight=700, stretch='normal', size='scalable')) = 10.335
2025-01-09 11:13:30,340 DEBUG:findfont: score(FontEntry(fname='C:\\Windows\\Fonts\\italicc_.ttf', name='ItalicC', style='italic', variant='normal', weight=400, stretch='normal', size='scalable')) = 11.05
2025-01-09 11:13:30,341 DEBUG:findfont: score(FontEntry(fname='C:\\Windows\\Fonts\\Candaraz.ttf', name='Candara', style='italic', variant='normal', weight=700, stretch='normal', size='scalable')) = 11.335
2025-01-09 11:13:30,341 DEBUG:findfont: score(FontEntry(fname='C:\\Windows\\Fonts\\tahoma.ttf', name='Tahoma', style='normal', variant='normal', weight=400, stretch='normal', size='scalable')) = 10.05
2025-01-09 11:13:30,341 DEBUG:findfont: score(FontEntry(fname='C:\\Windows\\Fonts\\HGRPRE.TTC', name='HGSoeiPresenceEB', style='normal', variant='normal', weight=400, stretch='normal', size='scalable')) = 10.05
2025-01-09 11:13:30,342 DEBUG:findfont: score(FontEntry(fname='C:\\Windows\\Fonts\\umath.ttf', name='UniversalMath1 BT', style='normal', variant='normal', weight=400, stretch='normal', size='scalable')) = 10.05
2025-01-09 11:13:30,342 DEBUG:findfont: score(FontEntry(fname='C:\\Windows\\Fonts\\FRADM.TTF', name='Franklin Gothic Demi', style='normal', variant='normal', weight=400, stretch='normal', size='scalable')) = 10.05
2025-01-09 11:13:30,342 DEBUG:findfont: score(FontEntry(fname='C:\\Windows\\Fonts\\CALISTBI.TTF', name='Calisto MT', style='italic', variant='normal', weight=700, stretch='normal', size='scalable')) = 11.335
2025-01-09 11:13:30,343 DEBUG:findfont: score(FontEntry(fname='C:\\Windows\\Fonts\\SNAP____.TTF', name='Snap ITC', style='normal', variant='normal', weight=400, stretch='normal', size='scalable')) = 10.05
2025-01-09 11:13:30,344 DEBUG:findfont: score(FontEntry(fname='C:\\Windows\\Fonts\\msjh.ttc', name='Microsoft JhengHei', style='normal', variant='normal', weight=400, stretch='normal', size='scalable')) = 10.05
2025-01-09 11:13:30,344 DEBUG:findfont: score(FontEntry(fname='C:\\Windows\\Fonts\\CALIST.TTF', name='Calisto MT', style='normal', variant='normal', weight=400, stretch='normal', size='scalable')) = 10.05
2025-01-09 11:13:30,345 DEBUG:findfont: score(FontEntry(fname='C:\\Windows\\Fonts\\BRLNSR.TTF', name='Berlin Sans FB', style='normal', variant='normal', weight=400, stretch='normal', size='scalable')) = 10.05
2025-01-09 11:13:30,345 DEBUG:findfont: score(FontEntry(fname='C:\\Windows\\Fonts\\cambriai.ttf', name='Cambria', style='italic', variant='normal', weight=400, stretch='normal', size='scalable')) = 11.05
2025-01-09 11:13:30,346 DEBUG:findfont: score(FontEntry(fname='C:\\Windows\\Fonts\\txt_IV25.ttf', name='Txt', style='normal', variant='normal', weight=400, stretch='normal', size='scalable')) = 10.05
2025-01-09 11:13:30,346 DEBUG:findfont: score(FontEntry(fname='C:\\Windows\\Fonts\\FRSCRIPT.TTF', name='French Script MT', style='normal', variant='normal', weight=400, stretch='normal', size='scalable')) = 10.05
2025-01-09 11:13:30,347 DEBUG:findfont: score(FontEntry(fname='C:\\Windows\\Fonts\\PRISTINA.TTF', name='Pristina', style='normal', variant='normal', weight=400, stretch='normal', size='scalable')) = 10.05
2025-01-09 11:13:30,347 DEBUG:findfont: score(FontEntry(fname='C:\\Windows\\Fonts\\calibri.ttf', name='Calibri', style='normal', variant='normal', weight=400, stretch='normal', size='scalable')) = 10.05
2025-01-09 11:13:30,348 DEBUG:findfont: score(FontEntry(fname='C:\\Windows\\Fonts\\ARIALNI.TTF', name='Arial', style='italic', variant='normal', weight=400, stretch='condensed', size='scalable')) = 7.613636363636363
2025-01-09 11:13:30,348 DEBUG:findfont: score(FontEntry(fname='C:\\Windows\\Fonts\\segoeuib.ttf', name='Segoe UI', style='normal', variant='normal', weight=700, stretch='normal', size='scalable')) = 10.335
2025-01-09 11:13:30,348 DEBUG:findfont: score(FontEntry(fname='C:\\Windows\\Fonts\\msjhl.ttc', name='Microsoft JhengHei', style='normal', variant='normal', weight=290, stretch='normal', size='scalable')) = 10.1545
2025-01-09 11:13:30,349 DEBUG:findfont: score(FontEntry(fname='C:\\Windows\\Fonts\\mtproxy1.ttf', name='Proxy 1', style='normal', variant='normal', weight=400, stretch='normal', size='scalable')) = 10.05
2025-01-09 11:13:30,349 DEBUG:findfont: score(FontEntry(fname='C:\\Windows\\Fonts\\BRADHITC.TTF', name='Bradley Hand ITC', style='normal', variant='normal', weight=400, stretch='normal', size='scalable')) = 10.05
2025-01-09 11:13:30,349 DEBUG:findfont: score(FontEntry(fname='C:\\Windows\\Fonts\\swisscki.ttf', name='Swis721 BlkCn BT', style='italic', variant='normal', weight=400, stretch='condensed', size='scalable')) = 11.25
2025-01-09 11:13:30,349 DEBUG:findfont: score(FontEntry(fname='C:\\Windows\\Fonts\\LSANS.TTF', name='Lucida Sans', style='normal', variant='normal', weight=400, stretch='normal', size='scalable')) = 10.05
2025-01-09 11:13:30,349 DEBUG:findfont: score(FontEntry(fname='C:\\Windows\\Fonts\\monbaiti.ttf', name='Mongolian Baiti', style='normal', variant='normal', weight=400, stretch='normal', size='scalable')) = 10.05
2025-01-09 11:13:30,349 DEBUG:findfont: score(FontEntry(fname='C:\\Windows\\Fonts\\LCALLIG.TTF', name='Lucida Calligraphy', style='italic', variant='normal', weight=400, stretch='normal', size='scalable')) = 11.05
2025-01-09 11:13:30,351 DEBUG:findfont: score(FontEntry(fname='C:\\Windows\\Fonts\\eurr____.ttf', name='EuroRoman', style='normal', variant='normal', weight=400, stretch='normal', size='scalable')) = 10.05
2025-01-09 11:13:30,351 DEBUG:findfont: score(FontEntry(fname='C:\\Windows\\Fonts\\supef___.ttf', name='SuperFrench', style='normal', variant='normal', weight=400, stretch='normal', size='scalable')) = 10.05
2025-01-09 11:13:30,352 DEBUG:findfont: score(FontEntry(fname='C:\\Windows\\Fonts\\swisski.ttf', name='Swis721 Blk BT', style='italic', variant='normal', weight=400, stretch='normal', size='scalable')) = 11.05
2025-01-09 11:13:30,352 DEBUG:findfont: score(FontEntry(fname='C:\\Windows\\Fonts\\trebucbd.ttf', name='Trebuchet MS', style='normal', variant='normal', weight=700, stretch='normal', size='scalable')) = 10.335
2025-01-09 11:13:30,352 DEBUG:findfont: score(FontEntry(fname='C:\\Windows\\Fonts\\tahomabd.ttf', name='Tahoma', style='normal', variant='normal', weight=700, stretch='normal', size='scalable')) = 10.335
2025-01-09 11:13:30,353 DEBUG:findfont: score(FontEntry(fname='C:\\Windows\\Fonts\\swissi.ttf', name='Swis721 BT', style='italic', variant='normal', weight=400, stretch='normal', size='scalable')) = 11.05
2025-01-09 11:13:30,353 DEBUG:findfont: score(FontEntry(fname='C:\\Windows\\Fonts\\GENISO.ttf', name='GENISO', style='normal', variant='normal', weight=400, stretch='normal', size='scalable')) = 10.05
2025-01-09 11:13:30,354 DEBUG:findfont: score(FontEntry(fname='C:\\Windows\\Fonts\\SitkaVF.ttf', name='Sitka', style='normal', variant='normal', weight=400, stretch='normal', size='scalable')) = 10.05
2025-01-09 11:13:30,354 DEBUG:findfont: score(FontEntry(fname='C:\\Windows\\Fonts\\GOTHICBI.TTF', name='Century Gothic', style='italic', variant='normal', weight=700, stretch='normal', size='scalable')) = 11.335
2025-01-09 11:13:30,354 DEBUG:findfont: score(FontEntry(fname='C:\\Windows\\Fonts\\italic_IV25.ttf', name='Italic', style='italic', variant='normal', weight=400, stretch='normal', size='scalable')) = 11.05
2025-01-09 11:13:30,355 DEBUG:findfont: score(FontEntry(fname='C:\\Windows\\Fonts\\isoct3_IV25.ttf', name='ISOCT3', style='normal', variant='normal', weight=400, stretch='normal', size='scalable')) = 10.05
2025-01-09 11:13:30,355 DEBUG:findfont: score(FontEntry(fname='C:\\Windows\\Fonts\\OUTLOOK.TTF', name='MS Outlook', style='normal', variant='normal', weight=400, stretch='normal', size='scalable')) = 10.05
2025-01-09 11:13:30,355 DEBUG:findfont: score(FontEntry(fname='C:\\Windows\\Fonts\\msyh.ttc', name='Microsoft YaHei', style='normal', variant='normal', weight=400, stretch='normal', size='scalable')) = 10.05
2025-01-09 11:13:30,356 DEBUG:findfont: score(FontEntry(fname='C:\\Windows\\Fonts\\corbelb.ttf', name='Corbel', style='normal', variant='normal', weight=700, stretch='normal', size='scalable')) = 10.335
2025-01-09 11:13:30,356 DEBUG:findfont: score(FontEntry(fname='C:\\Windows\\Fonts\\greeks_IV25.ttf', name='GreekS', style='normal', variant='normal', weight=400, stretch='normal', size='scalable')) = 10.05
2025-01-09 11:13:30,357 DEBUG:findfont: score(FontEntry(fname='C:\\Windows\\Fonts\\lucon.ttf', name='Lucida Console', style='normal', variant='normal', weight=400, stretch='normal', size='scalable')) = 10.05
2025-01-09 11:13:30,357 DEBUG:findfont: score(FontEntry(fname='C:\\Windows\\Fonts\\swissbo.ttf', name='Swis721 BdOul BT', style='normal', variant='normal', weight=400, stretch='normal', size='scalable')) = 10.05
2025-01-09 11:13:30,357 DEBUG:findfont: score(FontEntry(fname='C:\\Windows\\Fonts\\GILC____.TTF', name='Gill Sans MT Condensed', style='normal', variant='normal', weight=400, stretch='condensed', size='scalable')) = 10.25
2025-01-09 11:13:30,358 DEBUG:findfont: score(FontEntry(fname='C:\\Windows\\Fonts\\HGRMB.TTC', name='HGMinchoB', style='normal', variant='normal', weight=400, stretch='normal', size='scalable')) = 10.05
2025-01-09 11:13:30,358 DEBUG:findfont: score(FontEntry(fname='C:\\Windows\\Fonts\\simsun.ttc', name='SimSun', style='normal', variant='normal', weight=400, stretch='normal', size='scalable')) = 10.05
2025-01-09 11:13:30,358 DEBUG:findfont: score(FontEntry(fname='C:\\Windows\\Fonts\\monosbi.ttf', name='Monospac821 BT', style='italic', variant='normal', weight=700, stretch='normal', size='scalable')) = 11.335
2025-01-09 11:13:30,359 DEBUG:findfont: score(FontEntry(fname='C:\\Windows\\Fonts\\Inkfree.ttf', name='Ink Free', style='normal', variant='normal', weight=400, stretch='normal', size='scalable')) = 10.05
2025-01-09 11:13:30,359 DEBUG:findfont: score(FontEntry(fname='C:\\Windows\\Fonts\\SHOWG.TTF', name='Showcard Gothic', style='normal', variant='normal', weight=400, stretch='normal', size='scalable')) = 10.05
2025-01-09 11:13:30,360 DEBUG:findfont: score(FontEntry(fname='C:\\Windows\\Fonts\\FRAHVIT.TTF', name='Franklin Gothic Heavy', style='italic', variant='normal', weight=400, stretch='normal', size='scalable')) = 11.05
2025-01-09 11:13:30,360 DEBUG:findfont: score(FontEntry(fname='C:\\Windows\\Fonts\\BOOKOSBI.TTF', name='Bookman Old Style', style='italic', variant='normal', weight=600, stretch='normal', size='scalable')) = 11.24
2025-01-09 11:13:30,360 DEBUG:findfont: score(FontEntry(fname='C:\\Windows\\Fonts\\calibrili.ttf', name='Calibri', style='italic', variant='normal', weight=300, stretch='normal', size='scalable')) = 11.145
2025-01-09 11:13:30,361 DEBUG:findfont: score(FontEntry(fname='C:\\Windows\\Fonts\\FORTE.TTF', name='Forte', style='normal', variant='normal', weight=400, stretch='normal', size='scalable')) = 10.05
2025-01-09 11:13:30,361 DEBUG:findfont: score(FontEntry(fname='C:\\Windows\\Fonts\\swissck.ttf', name='Swis721 BlkCn BT', style='normal', variant='normal', weight=400, stretch='condensed', size='scalable')) = 10.25
2025-01-09 11:13:30,362 DEBUG:findfont: score(FontEntry(fname='C:\\Windows\\Fonts\\swissli.ttf', name='Swis721 Lt BT', style='italic', variant='normal', weight=400, stretch='normal', size='scalable')) = 11.05
2025-01-09 11:13:30,362 DEBUG:findfont: score(FontEntry(fname='C:\\Windows\\Fonts\\FRAMDCN.TTF', name='Franklin Gothic Medium Cond', style='normal', variant='normal', weight=400, stretch='condensed', size='scalable')) = 10.25
2025-01-09 11:13:30,363 DEBUG:findfont: score(FontEntry(fname='C:\\Windows\\Fonts\\HGRSGU.TTC', name='HGSoeiKakugothicUB', style='normal', variant='normal', weight=400, stretch='normal', size='scalable')) = 10.05
2025-01-09 11:13:30,363 DEBUG:findfont: score(FontEntry(fname='C:\\Windows\\Fonts\\Candaral.ttf', name='Candara', style='normal', variant='normal', weight=400, stretch='normal', size='scalable')) = 10.05
2025-01-09 11:13:30,364 DEBUG:findfont: score(FontEntry(fname='C:\\Windows\\Fonts\\syastro_.ttf', name='Syastro', style='normal', variant='normal', weight=400, stretch='normal', size='scalable')) = 10.05
2025-01-09 11:13:30,364 DEBUG:findfont: score(FontEntry(fname='C:\\Windows\\Fonts\\CENTURY.TTF', name='Century', style='normal', variant='normal', weight=400, stretch='normal', size='scalable')) = 10.05
2025-01-09 11:13:30,364 DEBUG:findfont: score(FontEntry(fname='C:\\Windows\\Fonts\\timesbd.ttf', name='Times New Roman', style='normal', variant='normal', weight=700, stretch='normal', size='scalable')) = 10.335
2025-01-09 11:13:30,365 DEBUG:findfont: score(FontEntry(fname='C:\\Windows\\Fonts\\BIZ-UDMinchoM.ttc', name='BIZ UDMincho', style='normal', variant='normal', weight=500, stretch='normal', size='scalable')) = 10.145
2025-01-09 11:13:30,365 DEBUG:findfont: score(FontEntry(fname='C:\\Windows\\Fonts\\Candarai.ttf', name='Candara', style='italic', variant='normal', weight=400, stretch='normal', size='scalable')) = 11.05
2025-01-09 11:13:30,365 DEBUG:findfont: score(FontEntry(fname='C:\\Windows\\Fonts\\GILB____.TTF', name='Gill Sans MT', style='normal', variant='normal', weight=700, stretch='normal', size='scalable')) = 10.335
2025-01-09 11:13:30,365 DEBUG:findfont: score(FontEntry(fname='C:\\Windows\\Fonts\\simsunb.ttf', name='SimSun-ExtB', style='normal', variant='normal', weight=400, stretch='normal', size='scalable')) = 10.05
2025-01-09 11:13:30,366 DEBUG:findfont: score(FontEntry(fname='C:\\Windows\\Fonts\\BRUSHSCI.TTF', name='Brush Script MT', style='italic', variant='normal', weight=400, stretch='normal', size='scalable')) = 11.05
2025-01-09 11:13:30,366 DEBUG:findfont: score(FontEntry(fname='C:\\Windows\\Fonts\\PARCHM.TTF', name='Parchment', style='normal', variant='normal', weight=400, stretch='normal', size='scalable')) = 10.05
2025-01-09 11:13:30,366 DEBUG:findfont: score(FontEntry(fname='C:\\Windows\\Fonts\\BSSYM7.TTF', name='Bookshelf Symbol 7', style='normal', variant='normal', weight=400, stretch='normal', size='scalable')) = 10.05
2025-01-09 11:13:30,366 DEBUG:findfont: score(FontEntry(fname='C:\\Windows\\Fonts\\BOD_PSTC.TTF', name='Bodoni MT', style='normal', variant='normal', weight=300, stretch='normal', size='scalable')) = 10.145
2025-01-09 11:13:30,367 DEBUG:findfont: score(FontEntry(fname='C:\\Windows\\Fonts\\seguisb.ttf', name='Segoe UI', style='normal', variant='normal', weight=600, stretch='normal', size='scalable')) = 10.24
2025-01-09 11:13:30,367 DEBUG:findfont: score(FontEntry(fname='C:\\Windows\\Fonts\\BELLB.TTF', name='Bell MT', style='normal', variant='normal', weight=700, stretch='normal', size='scalable')) = 10.335
2025-01-09 11:13:30,367 DEBUG:findfont: score(FontEntry(fname='C:\\Windows\\Fonts\\meiryob.ttc', name='Meiryo', style='normal', variant='normal', weight=700, stretch='normal', size='scalable')) = 10.335
2025-01-09 11:13:30,368 DEBUG:findfont: score(FontEntry(fname='C:\\Windows\\Fonts\\mtproxy8.ttf', name='Proxy 8', style='normal', variant='normal', weight=400, stretch='normal', size='scalable')) = 10.05
2025-01-09 11:13:30,368 DEBUG:findfont: score(FontEntry(fname='C:\\Windows\\Fonts\\greeks__.ttf', name='GreekS', style='normal', variant='normal', weight=400, stretch='normal', size='scalable')) = 10.05
2025-01-09 11:13:30,368 DEBUG:findfont: score(FontEntry(fname='C:\\Windows\\Fonts\\mtproxy5.ttf', name='Proxy 5', style='normal', variant='normal', weight=400, stretch='normal', size='scalable')) = 10.05
2025-01-09 11:13:30,369 DEBUG:findfont: score(FontEntry(fname='C:\\Windows\\Fonts\\isoct___.ttf', name='ISOCT', style='normal', variant='normal', weight=400, stretch='normal', size='scalable')) = 10.05
2025-01-09 11:13:30,369 DEBUG:findfont: score(FontEntry(fname='C:\\Windows\\Fonts\\PAPYRUS.TTF', name='Papyrus', style='normal', variant='normal', weight=400, stretch='normal', size='scalable')) = 10.05
2025-01-09 11:13:30,369 DEBUG:findfont: score(FontEntry(fname='C:\\Windows\\Fonts\\GILSANUB.TTF', name='Gill Sans Ultra Bold', style='normal', variant='normal', weight=400, stretch='normal', size='scalable')) = 10.05
2025-01-09 11:13:30,369 DEBUG:findfont: score(FontEntry(fname='C:\\Windows\\Fonts\\isocp2__.ttf', name='ISOCP2', style='normal', variant='normal', weight=400, stretch='normal', size='scalable')) = 10.05
2025-01-09 11:13:30,370 DEBUG:findfont: score(FontEntry(fname='C:\\Windows\\Fonts\\LTYPEO.TTF', name='Lucida Sans Typewriter', style='oblique', variant='normal', weight=400, stretch='normal', size='scalable')) = 11.05
2025-01-09 11:13:30,370 DEBUG:findfont: score(FontEntry(fname='C:\\Windows\\Fonts\\arial.ttf', name='Arial', style='normal', variant='normal', weight=400, stretch='normal', size='scalable')) = 6.413636363636363
2025-01-09 11:13:30,370 DEBUG:findfont: score(FontEntry(fname='C:\\Windows\\Fonts\\segoeuii.ttf', name='Segoe UI', style='italic', variant='normal', weight=400, stretch='normal', size='scalable')) = 11.05
2025-01-09 11:13:30,370 DEBUG:findfont: score(FontEntry(fname='C:\\Windows\\Fonts\\UDDigiKyokashoN-R.ttc', name='UD Digi Kyokasho N-R', style='normal', variant='normal', weight=400, stretch='normal', size='scalable')) = 10.05
2025-01-09 11:13:30,370 DEBUG:findfont: score(FontEntry(fname='C:\\Windows\\Fonts\\framd.ttf', name='Franklin Gothic Medium', style='normal', variant='normal', weight=400, stretch='normal', size='scalable')) = 10.05
2025-01-09 11:13:30,371 DEBUG:findfont: score(FontEntry(fname='C:\\Windows\\Fonts\\CALIFR.TTF', name='Californian FB', style='normal', variant='normal', weight=400, stretch='normal', size='scalable')) = 10.05
2025-01-09 11:13:30,371 DEBUG:findfont: score(FontEntry(fname='C:\\Windows\\Fonts\\BAUHS93.TTF', name='Bauhaus 93', style='normal', variant='normal', weight=400, stretch='normal', size='scalable')) = 10.05
2025-01-09 11:13:30,371 DEBUG:findfont: score(FontEntry(fname='C:\\Windows\\Fonts\\sanss___.ttf', name='SansSerif', style='normal', variant='normal', weight=400, stretch='normal', size='scalable')) = 10.05
2025-01-09 11:13:30,371 DEBUG:findfont: score(FontEntry(fname='C:\\Windows\\Fonts\\LHANDW.TTF', name='Lucida Handwriting', style='italic', variant='normal', weight=400, stretch='normal', size='scalable')) = 11.05
2025-01-09 11:13:30,372 DEBUG:findfont: score(FontEntry(fname='C:\\Windows\\Fonts\\AGENCYB.TTF', name='Agency FB', style='normal', variant='normal', weight=700, stretch='normal', size='scalable')) = 10.335
2025-01-09 11:13:30,372 DEBUG:findfont: score(FontEntry(fname='C:\\Windows\\Fonts\\framdit.ttf', name='Franklin Gothic Medium', style='italic', variant='normal', weight=400, stretch='normal', size='scalable')) = 11.05
2025-01-09 11:13:30,372 DEBUG:findfont: score(FontEntry(fname='C:\\Windows\\Fonts\\ntailu.ttf', name='Microsoft New Tai Lue', style='normal', variant='normal', weight=400, stretch='normal', size='scalable')) = 10.05
2025-01-09 11:13:30,372 DEBUG:findfont: score(FontEntry(fname='C:\\Windows\\Fonts\\timesi.ttf', name='Times New Roman', style='italic', variant='normal', weight=400, stretch='normal', size='scalable')) = 11.05
2025-01-09 11:13:30,373 DEBUG:findfont: score(FontEntry(fname='C:\\Windows\\Fonts\\swisscli.ttf', name='Swis721 LtCn BT', style='italic', variant='normal', weight=400, stretch='condensed', size='scalable')) = 11.25
2025-01-09 11:13:30,373 DEBUG:findfont: score(FontEntry(fname='C:\\Windows\\Fonts\\ALGER.TTF', name='Algerian', style='normal', variant='normal', weight=400, stretch='normal', size='scalable')) = 10.05
2025-01-09 11:13:30,373 DEBUG:findfont: score(FontEntry(fname='C:\\Windows\\Fonts\\DUBAI-REGULAR.TTF', name='Dubai', style='normal', variant='normal', weight=400, stretch='normal', size='scalable')) = 10.05
2025-01-09 11:13:30,373 DEBUG:findfont: score(FontEntry(fname='C:\\Windows\\Fonts\\corbeli.ttf', name='Corbel', style='italic', variant='normal', weight=400, stretch='normal', size='scalable')) = 11.05
2025-01-09 11:13:30,374 DEBUG:findfont: score(FontEntry(fname='C:\\Windows\\Fonts\\greekc_IV50.ttf', name='GreekC', style='normal', variant='normal', weight=400, stretch='normal', size='scalable')) = 10.05
2025-01-09 11:13:30,374 DEBUG:findfont: score(FontEntry(fname='C:\\Windows\\Fonts\\LTYPE.TTF', name='Lucida Sans Typewriter', style='normal', variant='normal', weight=400, stretch='normal', size='scalable')) = 10.05
2025-01-09 11:13:30,374 DEBUG:findfont: score(FontEntry(fname='C:\\Windows\\Fonts\\Artifakt Element LIght.ttf', name='Artifakt Element', style='normal', variant='normal', weight=300, stretch='normal', size='scalable')) = 10.145
2025-01-09 11:13:30,374 DEBUG:findfont: score(FontEntry(fname='C:\\Windows\\Fonts\\MOD20.TTF', name='Modern No. 20', style='normal', variant='normal', weight=400, stretch='normal', size='scalable')) = 10.05
2025-01-09 11:13:30,375 DEBUG:findfont: score(FontEntry(fname='C:\\Windows\\Fonts\\BOD_R.TTF', name='Bodoni MT', style='normal', variant='normal', weight=400, stretch='normal', size='scalable')) = 10.05
2025-01-09 11:13:30,375 DEBUG:findfont: score(FontEntry(fname='C:\\Windows\\Fonts\\malgunsl.ttf', name='Malgun Gothic', style='normal', variant='normal', weight=300, stretch='normal', size='scalable')) = 10.145
2025-01-09 11:13:30,376 DEBUG:findfont: score(FontEntry(fname='C:\\Windows\\Fonts\\segoescb.ttf', name='Segoe Script', style='normal', variant='normal', weight=700, stretch='normal', size='scalable')) = 10.335
2025-01-09 11:13:30,376 DEBUG:findfont: score(FontEntry(fname='C:\\Windows\\Fonts\\ariblk.ttf', name='Arial', style='normal', variant='normal', weight=900, stretch='normal', size='scalable')) = 6.888636363636364
2025-01-09 11:13:30,376 DEBUG:findfont: score(FontEntry(fname='C:\\Windows\\Fonts\\swissc.ttf', name='Swis721 Cn BT', style='normal', variant='normal', weight=400, stretch='condensed', size='scalable')) = 10.25
2025-01-09 11:13:30,377 DEBUG:findfont: score(FontEntry(fname='C:\\Windows\\Fonts\\swisseb.ttf', name='Swis721 Ex BT', style='normal', variant='normal', weight=700, stretch='expanded', size='scalable')) = 10.535
2025-01-09 11:13:30,377 DEBUG:findfont: score(FontEntry(fname='C:\\Windows\\Fonts\\yumin.ttf', name='Yu Mincho', style='normal', variant='normal', weight=400, stretch='normal', size='scalable')) = 10.05
2025-01-09 11:13:30,378 DEBUG:findfont: score(FontEntry(fname='C:\\Windows\\Fonts\\BOD_BLAI.TTF', name='Bodoni MT', style='italic', variant='normal', weight=900, stretch='normal', size='scalable')) = 11.525
2025-01-09 11:13:30,378 DEBUG:findfont: score(FontEntry(fname='C:\\Windows\\Fonts\\msyi.ttf', name='Microsoft Yi Baiti', style='normal', variant='normal', weight=400, stretch='normal', size='scalable')) = 10.05
2025-01-09 11:13:30,379 DEBUG:findfont: score(FontEntry(fname='C:\\Windows\\Fonts\\segoeui.ttf', name='Segoe UI', style='normal', variant='normal', weight=400, stretch='normal', size='scalable')) = 10.05
2025-01-09 11:13:30,379 DEBUG:findfont: score(FontEntry(fname='C:\\Windows\\Fonts\\BOD_BI.TTF', name='Bodoni MT', style='italic', variant='normal', weight=700, stretch='normal', size='scalable')) = 11.335
2025-01-09 11:13:30,379 DEBUG:findfont: score(FontEntry(fname='C:\\Windows\\Fonts\\MTEXTRA.TTF', name='MT Extra', style='normal', variant='normal', weight=400, stretch='normal', size='scalable')) = 10.05
2025-01-09 11:13:30,380 DEBUG:findfont: score(FontEntry(fname='C:\\Windows\\Fonts\\BRLNSB.TTF', name='Berlin Sans FB', style='normal', variant='normal', weight=700, stretch='normal', size='scalable')) = 10.335
2025-01-09 11:13:30,380 DEBUG:findfont: score(FontEntry(fname='C:\\Windows\\Fonts\\PER_____.TTF', name='Perpetua', style='normal', variant='normal', weight=400, stretch='normal', size='scalable')) = 10.05
2025-01-09 11:13:30,381 DEBUG:findfont: score(FontEntry(fname='C:\\Windows\\Fonts\\palab.ttf', name='Palatino Linotype', style='normal', variant='normal', weight=700, stretch='normal', size='scalable')) = 10.335
2025-01-09 11:13:30,381 DEBUG:findfont: score(FontEntry(fname='C:\\Windows\\Fonts\\symusic_IV25.ttf', name='Symusic', style='normal', variant='normal', weight=400, stretch='normal', size='scalable')) = 10.05
2025-01-09 11:13:30,381 DEBUG:findfont: score(FontEntry(fname='C:\\Windows\\Fonts\\gdt_IV50.ttf', name='GDT_IV50', style='normal', variant='normal', weight=400, stretch='normal', size='scalable')) = 10.05
2025-01-09 11:13:30,382 DEBUG:findfont: score(FontEntry(fname='C:\\Windows\\Fonts\\gdt_____.ttf', name='GDT', style='normal', variant='normal', weight=400, stretch='normal', size='scalable')) = 10.05
2025-01-09 11:13:30,382 DEBUG:findfont: score(FontEntry(fname='C:\\Windows\\Fonts\\vinet.ttf', name='Vineta BT', style='normal', variant='normal', weight=400, stretch='normal', size='scalable')) = 10.05
2025-01-09 11:13:30,382 DEBUG:findfont: score(FontEntry(fname='C:\\Windows\\Fonts\\greekc__.ttf', name='GreekC', style='normal', variant='normal', weight=400, stretch='normal', size='scalable')) = 10.05
2025-01-09 11:13:30,383 DEBUG:findfont: score(FontEntry(fname='C:\\Windows\\Fonts\\mtproxy7.ttf', name='Proxy 7', style='normal', variant='normal', weight=400, stretch='normal', size='scalable')) = 10.05
2025-01-09 11:13:30,383 DEBUG:findfont: score(FontEntry(fname='C:\\Windows\\Fonts\\romanc__.ttf', name='RomanC', style='normal', variant='normal', weight=400, stretch='normal', size='scalable')) = 10.05
2025-01-09 11:13:30,384 DEBUG:findfont: score(FontEntry(fname='C:\\Windows\\Fonts\\Artifakt Element Medium.ttf', name='Artifakt Element', style='normal', variant='normal', weight=600, stretch='normal', size='scalable')) = 10.24
2025-01-09 11:13:30,384 DEBUG:findfont: score(FontEntry(fname='C:\\Windows\\Fonts\\LATINWD.TTF', name='Wide Latin', style='normal', variant='normal', weight=400, stretch='expanded', size='scalable')) = 10.25
2025-01-09 11:13:30,384 DEBUG:findfont: score(FontEntry(fname='C:\\Windows\\Fonts\\swisscl.ttf', name='Swis721 LtCn BT', style='normal', variant='normal', weight=400, stretch='condensed', size='scalable')) = 10.25
2025-01-09 11:13:30,385 DEBUG:findfont: score(FontEntry(fname='C:\\Windows\\Fonts\\trebucit.ttf', name='Trebuchet MS', style='italic', variant='normal', weight=400, stretch='normal', size='scalable')) = 11.05
2025-01-09 11:13:30,385 DEBUG:findfont: score(FontEntry(fname='C:\\Windows\\Fonts\\PERB____.TTF', name='Perpetua', style='normal', variant='normal', weight=700, stretch='normal', size='scalable')) = 10.335
2025-01-09 11:13:30,385 DEBUG:findfont: score(FontEntry(fname='C:\\Windows\\Fonts\\FRAHV.TTF', name='Franklin Gothic Heavy', style='normal', variant='normal', weight=400, stretch='normal', size='scalable')) = 10.05
2025-01-09 11:13:30,385 DEBUG:findfont: score(FontEntry(fname='C:\\Windows\\Fonts\\simplex_IV25.ttf', name='Simplex', style='normal', variant='normal', weight=400, stretch='normal', size='scalable')) = 10.05
2025-01-09 11:13:30,386 DEBUG:findfont: score(FontEntry(fname='C:\\Windows\\Fonts\\GILI____.TTF', name='Gill Sans MT', style='italic', variant='normal', weight=400, stretch='normal', size='scalable')) = 11.05
2025-01-09 11:13:30,386 DEBUG:findfont: score(FontEntry(fname='C:\\Windows\\Fonts\\segoeuil.ttf', name='Segoe UI', style='normal', variant='normal', weight=300, stretch='normal', size='scalable')) = 10.145
2025-01-09 11:13:30,387 DEBUG:findfont: score(FontEntry(fname='C:\\Windows\\Fonts\\Artifakt Element Book.ttf', name='Artifakt Element', style='normal', variant='normal', weight=450, stretch='normal', size='scalable')) = 10.0975
2025-01-09 11:13:30,387 DEBUG:findfont: score(FontEntry(fname='C:\\Windows\\Fonts\\Candarali.ttf', name='Candara', style='italic', variant='normal', weight=400, stretch='normal', size='scalable')) = 11.05
2025-01-09 11:13:30,387 DEBUG:findfont: score(FontEntry(fname='C:\\Windows\\Fonts\\DUBAI-BOLD.TTF', name='Dubai', style='normal', variant='normal', weight=700, stretch='normal', size='scalable')) = 10.335
2025-01-09 11:13:30,387 DEBUG:findfont: score(FontEntry(fname='C:\\Windows\\Fonts\\FTLTLT.TTF', name='Footlight MT Light', style='normal', variant='normal', weight=300, stretch='normal', size='scalable')) = 10.145
2025-01-09 11:13:30,388 DEBUG:findfont: score(FontEntry(fname='C:\\Windows\\Fonts\\syastro_IV50.ttf', name='Syastro', style='normal', variant='normal', weight=400, stretch='normal', size='scalable')) = 10.05
2025-01-09 11:13:30,388 DEBUG:findfont: score(FontEntry(fname='C:\\Windows\\Fonts\\monosb.ttf', name='Monospac821 BT', style='normal', variant='normal', weight=700, stretch='normal', size='scalable')) = 10.335
2025-01-09 11:13:30,388 DEBUG:findfont: score(FontEntry(fname='C:\\Windows\\Fonts\\corbell.ttf', name='Corbel', style='normal', variant='normal', weight=300, stretch='normal', size='scalable')) = 10.145
2025-01-09 11:13:30,389 DEBUG:findfont: score(FontEntry(fname='C:\\Windows\\Fonts\\STENCIL.TTF', name='Stencil', style='normal', variant='normal', weight=400, stretch='normal', size='scalable')) = 10.05
2025-01-09 11:13:30,389 DEBUG:findfont: score(FontEntry(fname='C:\\Windows\\Fonts\\SCHLBKI.TTF', name='Century Schoolbook', style='italic', variant='normal', weight=400, stretch='normal', size='scalable')) = 11.05
2025-01-09 11:13:30,389 DEBUG:findfont: score(FontEntry(fname='C:\\Windows\\Fonts\\romant__.ttf', name='RomanT', style='normal', variant='normal', weight=400, stretch='normal', size='scalable')) = 10.05
2025-01-09 11:13:30,390 DEBUG:findfont: score(FontEntry(fname='C:\\Windows\\Fonts\\swissk.ttf', name='Swis721 Blk BT', style='normal', variant='normal', weight=400, stretch='normal', size='scalable')) = 10.05
2025-01-09 11:13:30,391 DEBUG:findfont: score(FontEntry(fname='C:\\Windows\\Fonts\\swissek.ttf', name='Swis721 BlkEx BT', style='normal', variant='normal', weight=400, stretch='expanded', size='scalable')) = 10.25
2025-01-09 11:13:30,391 DEBUG:findfont: score(FontEntry(fname='C:\\Windows\\Fonts\\JUICE___.TTF', name='Juice ITC', style='normal', variant='normal', weight=400, stretch='normal', size='scalable')) = 10.05
2025-01-09 11:13:30,391 DEBUG:findfont: score(FontEntry(fname='C:\\Windows\\Fonts\\SCHLBKB.TTF', name='Century Schoolbook', style='normal', variant='normal', weight=700, stretch='normal', size='scalable')) = 10.335
2025-01-09 11:13:30,392 DEBUG:findfont: score(FontEntry(fname='C:\\Windows\\Fonts\\symath__.ttf', name='Symath', style='normal', variant='normal', weight=400, stretch='normal', size='scalable')) = 10.05
2025-01-09 11:13:30,392 DEBUG:findfont: score(FontEntry(fname='C:\\Windows\\Fonts\\ITCKRIST.TTF', name='Kristen ITC', style='normal', variant='normal', weight=400, stretch='normal', size='scalable')) = 10.05
2025-01-09 11:13:30,393 DEBUG:findfont: score(FontEntry(fname='C:\\Windows\\Fonts\\seguibli.ttf', name='Segoe UI', style='italic', variant='normal', weight=900, stretch='normal', size='scalable')) = 11.525
2025-01-09 11:13:30,393 DEBUG:findfont: score(FontEntry(fname='C:\\Windows\\Fonts\\swissko.ttf', name='Swis721 BlkOul BT', style='normal', variant='normal', weight=400, stretch='normal', size='scalable')) = 10.05
2025-01-09 11:13:30,394 DEBUG:findfont: score(FontEntry(fname='C:\\Windows\\Fonts\\l_10646.ttf', name='Lucida Sans Unicode', style='normal', variant='normal', weight=400, stretch='normal', size='scalable')) = 10.05
2025-01-09 11:13:30,394 DEBUG:findfont: score(FontEntry(fname='C:\\Windows\\Fonts\\AMGDT___.ttf', name='AMGDT', style='normal', variant='normal', weight=400, stretch='normal', size='scalable')) = 10.05
2025-01-09 11:13:30,395 DEBUG:findfont: score(FontEntry(fname='C:\\Windows\\Fonts\\RAVIE.TTF', name='Ravie', style='normal', variant='normal', weight=400, stretch='normal', size='scalable')) = 10.05
2025-01-09 11:13:30,395 DEBUG:findfont: score(FontEntry(fname='C:\\Windows\\Fonts\\COOPBL.TTF', name='Cooper Black', style='normal', variant='normal', weight=400, stretch='normal', size='scalable')) = 10.05
2025-01-09 11:13:30,396 DEBUG:findfont: score(FontEntry(fname='C:\\Windows\\Fonts\\ROCKEB.TTF', name='Rockwell Extra Bold', style='normal', variant='normal', weight=800, stretch='normal', size='scalable')) = 10.43
2025-01-09 11:13:30,396 DEBUG:findfont: score(FontEntry(fname='C:\\Windows\\Fonts\\Gabriola.ttf', name='Gabriola', style='normal', variant='normal', weight=400, stretch='normal', size='scalable')) = 10.05
2025-01-09 11:13:30,397 DEBUG:findfont: score(FontEntry(fname='C:\\Windows\\Fonts\\PLAYBILL.TTF', name='Playbill', style='normal', variant='normal', weight=400, stretch='normal', size='scalable')) = 10.05
2025-01-09 11:13:30,397 DEBUG:findfont: score(FontEntry(fname='C:\\Windows\\Fonts\\times.ttf', name='Times New Roman', style='normal', variant='normal', weight=400, stretch='normal', size='scalable')) = 10.05
2025-01-09 11:13:30,398 DEBUG:findfont: score(FontEntry(fname='C:\\Windows\\Fonts\\Candara.ttf', name='Candara', style='normal', variant='normal', weight=400, stretch='normal', size='scalable')) = 10.05
2025-01-09 11:13:30,398 DEBUG:findfont: score(FontEntry(fname='C:\\Windows\\Fonts\\isocteui.ttf', name='ISOCTEUR', style='italic', variant='normal', weight=400, stretch='normal', size='scalable')) = 11.05
2025-01-09 11:13:30,398 DEBUG:findfont: score(FontEntry(fname='C:\\Windows\\Fonts\\HGRKK.TTC', name='HGKyokashotai', style='normal', variant='normal', weight=400, stretch='normal', size='scalable')) = 10.05
2025-01-09 11:13:30,399 DEBUG:findfont: score(FontEntry(fname='C:\\Windows\\Fonts\\comici.ttf', name='Comic Sans MS', style='italic', variant='normal', weight=400, stretch='normal', size='scalable')) = 11.05
2025-01-09 11:13:30,399 DEBUG:findfont: score(FontEntry(fname='C:\\Windows\\Fonts\\comicz.ttf', name='Comic Sans MS', style='italic', variant='normal', weight=700, stretch='normal', size='scalable')) = 11.335
2025-01-09 11:13:30,399 DEBUG:findfont: score(FontEntry(fname='C:\\Windows\\Fonts\\Artifakt Element Medium Italic.ttf', name='Artifakt Element', style='italic', variant='normal', weight=600, stretch='normal', size='scalable')) = 11.24
2025-01-09 11:13:30,399 DEBUG:findfont: score(FontEntry(fname='C:\\Windows\\Fonts\\swisscb.ttf', name='Swis721 Cn BT', style='normal', variant='normal', weight=700, stretch='condensed', size='scalable')) = 10.535
2025-01-09 11:13:30,399 DEBUG:findfont: score(FontEntry(fname='C:\\Windows\\Fonts\\CHILLER.TTF', name='Chiller', style='normal', variant='normal', weight=400, stretch='normal', size='scalable')) = 10.05
2025-01-09 11:13:30,400 DEBUG:findfont: score(FontEntry(fname='C:\\Windows\\Fonts\\GLSNECB.TTF', name='Gill Sans MT Ext Condensed Bold', style='normal', variant='normal', weight=400, stretch='condensed', size='scalable')) = 10.25
2025-01-09 11:13:30,400 DEBUG:findfont: score(FontEntry(fname='C:\\Windows\\Fonts\\GARAIT.TTF', name='Garamond', style='italic', variant='normal', weight=400, stretch='normal', size='scalable')) = 11.05
2025-01-09 11:13:30,400 DEBUG:findfont: score(FontEntry(fname='C:\\Windows\\Fonts\\INFROMAN.TTF', name='Informal Roman', style='normal', variant='normal', weight=400, stretch='normal', size='scalable')) = 10.05
2025-01-09 11:13:30,401 DEBUG:findfont: score(FontEntry(fname='C:\\Windows\\Fonts\\Artifakt Element Bold.ttf', name='Artifakt Element', style='normal', variant='normal', weight=700, stretch='normal', size='scalable')) = 10.335
2025-01-09 11:13:30,401 DEBUG:findfont: score(FontEntry(fname='C:\\Windows\\Fonts\\symap___.ttf', name='Symap', style='normal', variant='normal', weight=400, stretch='normal', size='scalable')) = 10.05
2025-01-09 11:13:30,402 DEBUG:findfont: score(FontEntry(fname='C:\\Windows\\Fonts\\LTYPEB.TTF', name='Lucida Sans Typewriter', style='normal', variant='normal', weight=600, stretch='normal', size='scalable')) = 10.24
2025-01-09 11:13:30,402 DEBUG:findfont: score(FontEntry(fname='C:\\Windows\\Fonts\\italic__.ttf', name='Italic', style='italic', variant='normal', weight=400, stretch='normal', size='scalable')) = 11.05
2025-01-09 11:13:30,402 DEBUG:findfont: score(FontEntry(fname='C:\\Windows\\Fonts\\cour.ttf', name='Courier New', style='normal', variant='normal', weight=400, stretch='normal', size='scalable')) = 10.05
2025-01-09 11:13:30,403 DEBUG:findfont: score(FontEntry(fname='C:\\Windows\\Fonts\\seguisbi.ttf', name='Segoe UI', style='italic', variant='normal', weight=600, stretch='normal', size='scalable')) = 11.24
2025-01-09 11:13:30,403 DEBUG:findfont: score(FontEntry(fname='C:\\Windows\\Fonts\\VIVALDII.TTF', name='Vivaldi', style='italic', variant='normal', weight=400, stretch='normal', size='scalable')) = 11.05
2025-01-09 11:13:30,403 DEBUG:findfont: score(FontEntry(fname='C:\\Windows\\Fonts\\TCB_____.TTF', name='Tw Cen MT', style='normal', variant='normal', weight=700, stretch='normal', size='scalable')) = 10.335
2025-01-09 11:13:30,404 DEBUG:findfont: score(FontEntry(fname='C:\\Windows\\Fonts\\Artifakt Element Hair Italic.ttf', name='Artifakt Element', style='italic', variant='normal', weight=100, stretch='normal', size='scalable')) = 11.335
2025-01-09 11:13:30,404 DEBUG:findfont: score(FontEntry(fname='C:\\Windows\\Fonts\\ELEPHNT.TTF', name='Elephant', style='normal', variant='normal', weight=400, stretch='normal', size='scalable')) = 10.05
2025-01-09 11:13:30,404 DEBUG:findfont: score(FontEntry(fname='C:\\Windows\\Fonts\\symap_IV25.ttf', name='Symap', style='normal', variant='normal', weight=400, stretch='normal', size='scalable')) = 10.05
2025-01-09 11:13:30,405 DEBUG:findfont: score(FontEntry(fname='C:\\Windows\\Fonts\\BOD_B.TTF', name='Bodoni MT', style='normal', variant='normal', weight=700, stretch='normal', size='scalable')) = 10.335
2025-01-09 11:13:30,405 DEBUG:findfont: score(FontEntry(fname='C:\\Windows\\Fonts\\romans_IV50.ttf', name='RomanS', style='normal', variant='normal', weight=400, stretch='normal', size='scalable')) = 10.05
2025-01-09 11:13:30,405 DEBUG:findfont: score(FontEntry(fname='C:\\Windows\\Fonts\\phagspa.ttf', name='Microsoft PhagsPa', style='normal', variant='normal', weight=400, stretch='normal', size='scalable')) = 10.05
2025-01-09 11:13:30,406 DEBUG:findfont: score(FontEntry(fname='C:\\Windows\\Fonts\\ROCC____.TTF', name='Rockwell Condensed', style='normal', variant='normal', weight=400, stretch='condensed', size='scalable')) = 10.25
2025-01-09 11:13:30,406 DEBUG:findfont: score(FontEntry(fname='C:\\Windows\\Fonts\\RAGE.TTF', name='Rage Italic', style='italic', variant='normal', weight=400, stretch='normal', size='scalable')) = 11.05
2025-01-09 11:13:30,407 DEBUG:findfont: score(FontEntry(fname='C:\\Windows\\Fonts\\Artifakt Element Thin Italic.ttf', name='Artifakt Element', style='italic', variant='normal', weight=200, stretch='normal', size='scalable')) = 11.24
2025-01-09 11:13:30,407 DEBUG:findfont: score(FontEntry(fname='C:\\Windows\\Fonts\\GOUDOSI.TTF', name='Goudy Old Style', style='italic', variant='normal', weight=400, stretch='normal', size='scalable')) = 11.05
2025-01-09 11:13:30,407 DEBUG:findfont: score(FontEntry(fname='C:\\Windows\\Fonts\\FREESCPT.TTF', name='Freestyle Script', style='normal', variant='normal', weight=400, stretch='normal', size='scalable')) = 10.05
2025-01-09 11:13:30,407 DEBUG:findfont: score(FontEntry(fname='C:\\Windows\\Fonts\\isoct2_IV25.ttf', name='ISOCT2', style='normal', variant='normal', weight=400, stretch='normal', size='scalable')) = 10.05
2025-01-09 11:13:30,408 DEBUG:findfont: score(FontEntry(fname='C:\\Windows\\Fonts\\romans__.ttf', name='RomanS', style='normal', variant='normal', weight=400, stretch='normal', size='scalable')) = 10.05
2025-01-09 11:13:30,408 DEBUG:findfont: score(FontEntry(fname='C:\\Windows\\Fonts\\SitkaVF-Italic.ttf', name='Sitka', style='italic', variant='normal', weight=400, stretch='normal', size='scalable')) = 11.05
2025-01-09 11:13:30,408 DEBUG:findfont: score(FontEntry(fname='C:\\Windows\\Fonts\\dutchb.ttf', name='Dutch801 Rm BT', style='normal', variant='normal', weight=700, stretch='normal', size='scalable')) = 10.335
2025-01-09 11:13:30,408 DEBUG:findfont: score(FontEntry(fname='C:\\Windows\\Fonts\\isocp3_IV50.ttf', name='ISOCP3', style='normal', variant='normal', weight=400, stretch='normal', size='scalable')) = 10.05
2025-01-09 11:13:30,409 DEBUG:findfont: score(FontEntry(fname='C:\\Windows\\Fonts\\GILLUBCD.TTF', name='Gill Sans Ultra Bold Condensed', style='normal', variant='normal', weight=400, stretch='condensed', size='scalable')) = 10.25
2025-01-09 11:13:30,409 DEBUG:findfont: score(FontEntry(fname='C:\\Windows\\Fonts\\swisscbi.ttf', name='Swis721 Cn BT', style='italic', variant='normal', weight=700, stretch='condensed', size='scalable')) = 11.535
2025-01-09 11:13:30,409 DEBUG:findfont: score(FontEntry(fname='C:\\Windows\\Fonts\\SCRIPTBL.TTF', name='Script MT Bold', style='normal', variant='normal', weight=700, stretch='normal', size='scalable')) = 10.335
2025-01-09 11:13:30,410 DEBUG:findfont: score(FontEntry(fname='C:\\Windows\\Fonts\\gothicg_.ttf', name='GothicG', style='normal', variant='normal', weight=400, stretch='normal', size='scalable')) = 10.05
2025-01-09 11:13:30,410 DEBUG:findfont: score(FontEntry(fname='C:\\Windows\\Fonts\\HGRSMP.TTF', name='HGMaruGothicMPRO', style='normal', variant='normal', weight=400, stretch='normal', size='scalable')) = 10.05
2025-01-09 11:13:30,411 DEBUG:findfont: score(FontEntry(fname='C:\\Windows\\Fonts\\isocp2_IV25.ttf', name='ISOCP2', style='normal', variant='normal', weight=400, stretch='normal', size='scalable')) = 10.05
2025-01-09 11:13:30,411 DEBUG:findfont: score(FontEntry(fname='C:\\Windows\\Fonts\\bahnschrift.ttf', name='Bahnschrift', style='normal', variant='normal', weight=400, stretch='normal', size='scalable')) = 10.05
2025-01-09 11:13:30,412 DEBUG:findfont: score(FontEntry(fname='C:\\Windows\\Fonts\\phagspab.ttf', name='Microsoft PhagsPa', style='normal', variant='normal', weight=700, stretch='normal', size='scalable')) = 10.335
2025-01-09 11:13:30,412 DEBUG:findfont: score(FontEntry(fname='C:\\Windows\\Fonts\\calibril.ttf', name='Calibri', style='normal', variant='normal', weight=300, stretch='normal', size='scalable')) = 10.145
2025-01-09 11:13:30,413 DEBUG:findfont: score(FontEntry(fname='C:\\Windows\\Fonts\\Artifakt Element Black Italic.ttf', name='Artifakt Element', style='italic', variant='normal', weight=800, stretch='normal', size='scalable')) = 11.43
2025-01-09 11:13:30,413 DEBUG:findfont: score(FontEntry(fname='C:\\Windows\\Fonts\\consola.ttf', name='Consolas', style='normal', variant='normal', weight=400, stretch='normal', size='scalable')) = 10.05
2025-01-09 11:13:30,413 DEBUG:findfont: score(FontEntry(fname='C:\\Windows\\Fonts\\PERI____.TTF', name='Perpetua', style='italic', variant='normal', weight=400, stretch='normal', size='scalable')) = 11.05
2025-01-09 11:13:30,414 DEBUG:findfont: score(FontEntry(fname='C:\\Windows\\Fonts\\techb___.ttf', name='TechnicBold', style='normal', variant='normal', weight=400, stretch='normal', size='scalable')) = 10.05
2025-01-09 11:13:30,414 DEBUG:findfont: score(FontEntry(fname='C:\\Windows\\Fonts\\trebucbi.ttf', name='Trebuchet MS', style='italic', variant='normal', weight=700, stretch='normal', size='scalable')) = 11.335
2025-01-09 11:13:30,414 DEBUG:findfont: score(FontEntry(fname='C:\\Windows\\Fonts\\UDDigiKyokashoN-B.ttc', name='UD Digi Kyokasho N-B', style='normal', variant='normal', weight=700, stretch='normal', size='scalable')) = 10.335
2025-01-09 11:13:30,414 DEBUG:findfont: score(FontEntry(fname='C:\\Windows\\Fonts\\ROCCB___.TTF', name='Rockwell Condensed', style='normal', variant='normal', weight=700, stretch='condensed', size='scalable')) = 10.535
2025-01-09 11:13:30,415 DEBUG:findfont: score(FontEntry(fname='C:\\Windows\\Fonts\\BKANT.TTF', name='Book Antiqua', style='normal', variant='normal', weight=400, stretch='normal', size='scalable')) = 10.05
2025-01-09 11:13:30,415 DEBUG:findfont: score(FontEntry(fname='C:\\Windows\\Fonts\\LSANSD.TTF', name='Lucida Sans', style='normal', variant='normal', weight=600, stretch='normal', size='scalable')) = 10.24
2025-01-09 11:13:30,415 DEBUG:findfont: score(FontEntry(fname='C:\\Windows\\Fonts\\Candarab.ttf', name='Candara', style='normal', variant='normal', weight=700, stretch='normal', size='scalable')) = 10.335
2025-01-09 11:13:30,415 DEBUG:findfont: score(FontEntry(fname='C:\\Windows\\Fonts\\romai___.ttf', name='Romantic', style='italic', variant='normal', weight=400, stretch='normal', size='scalable')) = 11.05
2025-01-09 11:13:30,416 DEBUG:findfont: score(FontEntry(fname='C:\\Windows\\Fonts\\isoct_IV50.ttf', name='ISOCT', style='normal', variant='normal', weight=400, stretch='normal', size='scalable')) = 10.05
2025-01-09 11:13:30,416 DEBUG:findfont: score(FontEntry(fname='C:\\Windows\\Fonts\\LBRITEDI.TTF', name='Lucida Bright', style='italic', variant='normal', weight=600, stretch='normal', size='scalable')) = 11.24
2025-01-09 11:13:30,416 DEBUG:findfont: score(FontEntry(fname='C:\\Windows\\Fonts\\NIAGSOL.TTF', name='Niagara Solid', style='normal', variant='normal', weight=400, stretch='normal', size='scalable')) = 10.05
2025-01-09 11:13:30,417 DEBUG:findfont: score(FontEntry(fname='C:\\Windows\\Fonts\\GOST Common.ttf', name='GOST Common', style='normal', variant='normal', weight=400, stretch='normal', size='scalable')) = 10.05
2025-01-09 11:13:30,417 DEBUG:findfont: score(FontEntry(fname='C:\\Windows\\Fonts\\isocp3_IV25.ttf', name='ISOCP3', style='normal', variant='normal', weight=400, stretch='normal', size='scalable')) = 10.05
2025-01-09 11:13:30,417 DEBUG:findfont: score(FontEntry(fname='C:\\Windows\\Fonts\\panroman.ttf', name='PanRoman', style='normal', variant='normal', weight=400, stretch='normal', size='scalable')) = 10.05
2025-01-09 11:13:30,418 DEBUG:findfont: score(FontEntry(fname='C:\\Windows\\Fonts\\consolab.ttf', name='Consolas', style='normal', variant='normal', weight=700, stretch='normal', size='scalable')) = 10.335
2025-01-09 11:13:30,418 DEBUG:findfont: score(FontEntry(fname='C:\\Windows\\Fonts\\BOOKOS.TTF', name='Bookman Old Style', style='normal', variant='normal', weight=300, stretch='normal', size='scalable')) = 10.145
2025-01-09 11:13:30,418 DEBUG:findfont: score(FontEntry(fname='C:\\Windows\\Fonts\\mmrtext.ttf', name='Myanmar Text', style='normal', variant='normal', weight=400, stretch='normal', size='scalable')) = 10.05
2025-01-09 11:13:30,419 DEBUG:findfont: score(FontEntry(fname='C:\\Windows\\Fonts\\LFAXI.TTF', name='Lucida Fax', style='italic', variant='normal', weight=400, stretch='normal', size='scalable')) = 11.05
2025-01-09 11:13:30,419 DEBUG:findfont: score(FontEntry(fname='C:\\Windows\\Fonts\\seguibl.ttf', name='Segoe UI', style='normal', variant='normal', weight=900, stretch='normal', size='scalable')) = 10.525
2025-01-09 11:13:30,419 DEBUG:findfont: score(FontEntry(fname='C:\\Windows\\Fonts\\romab___.ttf', name='Romantic', style='normal', variant='normal', weight=700, stretch='normal', size='scalable')) = 10.335
2025-01-09 11:13:30,420 DEBUG:findfont: score(FontEntry(fname='C:\\Windows\\Fonts\\isocp___.ttf', name='ISOCP', style='normal', variant='normal', weight=400, stretch='normal', size='scalable')) = 10.05
2025-01-09 11:13:30,420 DEBUG:findfont: score(FontEntry(fname='C:\\Windows\\Fonts\\scripts_.ttf', name='ScriptS', style='normal', variant='normal', weight=400, stretch='normal', size='scalable')) = 10.05
2025-01-09 11:13:30,420 DEBUG:findfont: score(FontEntry(fname='C:\\Windows\\Fonts\\symeteo_.ttf', name='Symeteo', style='normal', variant='normal', weight=400, stretch='normal', size='scalable')) = 10.05
2025-01-09 11:13:30,421 DEBUG:findfont: score(FontEntry(fname='C:\\Windows\\Fonts\\isoct3__.ttf', name='ISOCT3', style='normal', variant='normal', weight=400, stretch='normal', size='scalable')) = 10.05
2025-01-09 11:13:30,421 DEBUG:findfont: score(FontEntry(fname='C:\\Windows\\Fonts\\COLONNA.TTF', name='Colonna MT', style='normal', variant='normal', weight=400, stretch='normal', size='scalable')) = 10.05
2025-01-09 11:13:30,422 DEBUG:findfont: score(FontEntry(fname='C:\\Windows\\Fonts\\comsc.ttf', name='CommercialScript BT', style='normal', variant='normal', weight=400, stretch='normal', size='scalable')) = 10.05
2025-01-09 11:13:30,422 DEBUG:findfont: score(FontEntry(fname='C:\\Windows\\Fonts\\msgothic.ttc', name='MS Gothic', style='normal', variant='normal', weight=400, stretch='normal', size='scalable')) = 10.05
2025-01-09 11:13:30,422 DEBUG:findfont: score(FontEntry(fname='C:\\Windows\\Fonts\\KUNSTLER.TTF', name='Kunstler Script', style='normal', variant='normal', weight=400, stretch='normal', size='scalable')) = 10.05
2025-01-09 11:13:30,422 DEBUG:findfont: score(FontEntry(fname='C:\\Windows\\Fonts\\corbelz.ttf', name='Corbel', style='italic', variant='normal', weight=700, stretch='normal', size='scalable')) = 11.335
2025-01-09 11:13:30,423 DEBUG:findfont: score(FontEntry(fname='C:\\Windows\\Fonts\\romans_IV25.ttf', name='RomanS', style='normal', variant='normal', weight=400, stretch='normal', size='scalable')) = 10.05
2025-01-09 11:13:30,423 DEBUG:findfont: score(FontEntry(fname='C:\\Windows\\Fonts\\BOOKOSB.TTF', name='Bookman Old Style', style='normal', variant='normal', weight=600, stretch='normal', size='scalable')) = 10.24
2025-01-09 11:13:30,423 DEBUG:findfont: score(FontEntry(fname='C:\\Windows\\Fonts\\ntailub.ttf', name='Microsoft New Tai Lue', style='normal', variant='normal', weight=700, stretch='normal', size='scalable')) = 10.335
2025-01-09 11:13:30,423 DEBUG:findfont: score(FontEntry(fname='C:\\Windows\\Fonts\\malgunbd.ttf', name='Malgun Gothic', style='normal', variant='normal', weight=700, stretch='normal', size='scalable')) = 10.335
2025-01-09 11:13:30,424 DEBUG:findfont: score(FontEntry(fname='C:\\Windows\\Fonts\\complex_IV25.ttf', name='Complex', style='normal', variant='normal', weight=400, stretch='normal', size='scalable')) = 10.05
2025-01-09 11:13:30,424 DEBUG:findfont: score(FontEntry(fname='C:\\Windows\\Fonts\\segoeuisl.ttf', name='Segoe UI', style='normal', variant='normal', weight=350, stretch='normal', size='scalable')) = 10.0975
2025-01-09 11:13:30,424 DEBUG:findfont: score(FontEntry(fname='C:\\Windows\\Fonts\\ERASLGHT.TTF', name='Eras Light ITC', style='normal', variant='normal', weight=400, stretch='normal', size='scalable')) = 10.05
2025-01-09 11:13:30,424 DEBUG:findfont: score(FontEntry(fname='C:\\Windows\\Fonts\\TCCEB.TTF', name='Tw Cen MT Condensed Extra Bold', style='normal', variant='normal', weight=400, stretch='condensed', size='scalable')) = 10.25
2025-01-09 11:13:30,424 DEBUG:findfont: score(FontEntry(fname='C:\\Windows\\Fonts\\txt_IV50.ttf', name='Txt', style='normal', variant='normal', weight=400, stretch='normal', size='scalable')) = 10.05
2025-01-09 11:13:30,425 DEBUG:findfont: score(FontEntry(fname='C:\\Windows\\Fonts\\BELLI.TTF', name='Bell MT', style='italic', variant='normal', weight=400, stretch='normal', size='scalable')) = 11.05
2025-01-09 11:13:30,425 DEBUG:findfont: score(FontEntry(fname='C:\\Windows\\Fonts\\GIL_____.TTF', name='Gill Sans MT', style='normal', variant='normal', weight=400, stretch='normal', size='scalable')) = 10.05
2025-01-09 11:13:30,425 DEBUG:findfont: score(FontEntry(fname='C:\\Windows\\Fonts\\scripts_IV25.ttf', name='ScriptS', style='normal', variant='normal', weight=400, stretch='normal', size='scalable')) = 10.05
2025-01-09 11:13:30,425 DEBUG:findfont: score(FontEntry(fname='C:\\Windows\\Fonts\\HGRGY.TTC', name='HGGyoshotai', style='normal', variant='normal', weight=400, stretch='normal', size='scalable')) = 10.05
2025-01-09 11:13:30,426 DEBUG:findfont: score(FontEntry(fname='C:\\Windows\\Fonts\\MAGNETOB.TTF', name='Magneto', style='normal', variant='normal', weight=700, stretch='normal', size='scalable')) = 10.335
2025-01-09 11:13:30,426 DEBUG:findfont: score(FontEntry(fname='C:\\Windows\\Fonts\\TEMPSITC.TTF', name='Tempus Sans ITC', style='normal', variant='normal', weight=400, stretch='normal', size='scalable')) = 10.05
2025-01-09 11:13:30,427 DEBUG:findfont: score(FontEntry(fname='C:\\Windows\\Fonts\\palabi.ttf', name='Palatino Linotype', style='italic', variant='normal', weight=700, stretch='normal', size='scalable')) = 11.335
2025-01-09 11:13:30,427 DEBUG:findfont: score(FontEntry(fname='C:\\Windows\\Fonts\\isocp_IV50.ttf', name='ISOCP', style='normal', variant='normal', weight=400, stretch='normal', size='scalable')) = 10.05
2025-01-09 11:13:30,428 DEBUG:findfont: score(FontEntry(fname='C:\\Windows\\Fonts\\cityb___.ttf', name='CityBlueprint', style='normal', variant='normal', weight=400, stretch='normal', size='scalable')) = 10.05
2025-01-09 11:13:30,428 DEBUG:findfont: score(FontEntry(fname='C:\\Windows\\Fonts\\IMPRISHA.TTF', name='Imprint MT Shadow', style='normal', variant='normal', weight=400, stretch='normal', size='scalable')) = 10.05
2025-01-09 11:13:30,429 DEBUG:findfont: score(FontEntry(fname='C:\\Windows\\Fonts\\FRADMIT.TTF', name='Franklin Gothic Demi', style='italic', variant='normal', weight=400, stretch='normal', size='scalable')) = 11.05
2025-01-09 11:13:30,429 DEBUG:findfont: score(FontEntry(fname='C:\\Windows\\Fonts\\courbi.ttf', name='Courier New', style='italic', variant='normal', weight=700, stretch='normal', size='scalable')) = 11.335
2025-01-09 11:13:30,429 DEBUG:findfont: score(FontEntry(fname='C:\\Windows\\Fonts\\YuGothR.ttc', name='Yu Gothic', style='normal', variant='normal', weight=400, stretch='normal', size='scalable')) = 10.05
2025-01-09 11:13:30,429 DEBUG:findfont: score(FontEntry(fname='C:\\Windows\\Fonts\\msyhl.ttc', name='Microsoft YaHei', style='normal', variant='normal', weight=290, stretch='normal', size='scalable')) = 10.1545
2025-01-09 11:13:30,430 DEBUG:findfont: score(FontEntry(fname='C:\\Windows\\Fonts\\LSANSI.TTF', name='Lucida Sans', style='italic', variant='normal', weight=400, stretch='normal', size='scalable')) = 11.05
2025-01-09 11:13:30,430 DEBUG:findfont: score(FontEntry(fname='C:\\Windows\\Fonts\\Artifakt Element Heavy Italic.ttf', name='Artifakt Element', style='italic', variant='normal', weight=900, stretch='normal', size='scalable')) = 11.525
2025-01-09 11:13:30,430 DEBUG:findfont: score(FontEntry(fname='C:\\Windows\\Fonts\\cambriaz.ttf', name='Cambria', style='italic', variant='normal', weight=700, stretch='normal', size='scalable')) = 11.335
2025-01-09 11:13:30,431 DEBUG:findfont: score(FontEntry(fname='C:\\Windows\\Fonts\\TCMI____.TTF', name='Tw Cen MT', style='italic', variant='normal', weight=400, stretch='normal', size='scalable')) = 11.05
2025-01-09 11:13:30,431 DEBUG:findfont: score(FontEntry(fname='C:\\Windows\\Fonts\\wingding.ttf', name='Wingdings', style='normal', variant='normal', weight=400, stretch='normal', size='scalable')) = 10.05
2025-01-09 11:13:30,431 DEBUG:findfont: score(FontEntry(fname='C:\\Windows\\Fonts\\HTOWERT.TTF', name='High Tower Text', style='normal', variant='normal', weight=400, stretch='normal', size='scalable')) = 10.05
2025-01-09 11:13:30,432 DEBUG:findfont: score(FontEntry(fname='C:\\Windows\\Fonts\\complex_IV50.ttf', name='Complex', style='normal', variant='normal', weight=400, stretch='normal', size='scalable')) = 10.05
2025-01-09 11:13:30,432 DEBUG:findfont: score(FontEntry(fname='C:\\Windows\\Fonts\\isocp2_IV50.ttf', name='ISOCP2', style='normal', variant='normal', weight=400, stretch='normal', size='scalable')) = 10.05
2025-01-09 11:13:30,432 DEBUG:findfont: score(FontEntry(fname='C:\\Windows\\Fonts\\Nirmala.ttf', name='Nirmala UI', style='normal', variant='normal', weight=400, stretch='normal', size='scalable')) = 10.05
2025-01-09 11:13:30,432 DEBUG:findfont: score(FontEntry(fname='C:\\Windows\\Fonts\\ONYX.TTF', name='Onyx', style='normal', variant='normal', weight=400, stretch='normal', size='scalable')) = 10.05
2025-01-09 11:13:30,433 DEBUG:findfont: score(FontEntry(fname='C:\\Windows\\Fonts\\ITCEDSCR.TTF', name='Edwardian Script ITC', style='normal', variant='normal', weight=400, stretch='normal', size='scalable')) = 10.05
2025-01-09 11:13:30,433 DEBUG:findfont: score(FontEntry(fname='C:\\Windows\\Fonts\\OLDENGL.TTF', name='Old English Text MT', style='normal', variant='normal', weight=400, stretch='normal', size='scalable')) = 10.05
2025-01-09 11:13:30,433 DEBUG:findfont: score(FontEntry(fname='C:\\Windows\\Fonts\\AMDT_Symbols.ttf', name='AmdtSymbols', style='normal', variant='normal', weight=400, stretch='normal', size='scalable')) = 10.05
2025-01-09 11:13:30,433 DEBUG:findfont: score(FontEntry(fname='C:\\Windows\\Fonts\\isoct_IV25.ttf', name='ISOCT', style='normal', variant='normal', weight=400, stretch='normal', size='scalable')) = 10.05
2025-01-09 11:13:30,434 DEBUG:findfont: score(FontEntry(fname='C:\\Windows\\Fonts\\ITCBLKAD.TTF', name='Blackadder ITC', style='normal', variant='normal', weight=400, stretch='normal', size='scalable')) = 10.05
2025-01-09 11:13:30,434 DEBUG:findfont: score(FontEntry(fname='C:\\Windows\\Fonts\\ANTQUABI.TTF', name='Book Antiqua', style='italic', variant='normal', weight=700, stretch='normal', size='scalable')) = 11.335
2025-01-09 11:13:30,434 DEBUG:findfont: score(FontEntry(fname='C:\\Windows\\Fonts\\LFAXD.TTF', name='Lucida Fax', style='normal', variant='normal', weight=600, stretch='normal', size='scalable')) = 10.24
2025-01-09 11:13:30,434 DEBUG:findfont: score(FontEntry(fname='C:\\Windows\\Fonts\\COPRGTL.TTF', name='Copperplate Gothic Light', style='normal', variant='normal', weight=400, stretch='normal', size='scalable')) = 10.05
2025-01-09 11:13:30,434 DEBUG:findfont: score(FontEntry(fname='C:\\Windows\\Fonts\\seguisli.ttf', name='Segoe UI', style='italic', variant='normal', weight=350, stretch='normal', size='scalable')) = 11.0975
2025-01-09 11:13:30,435 DEBUG:findfont: score(FontEntry(fname='C:\\Windows\\Fonts\\swisscbo.ttf', name='Swis721 BdCnOul BT', style='normal', variant='normal', weight=400, stretch='condensed', size='scalable')) = 10.25
2025-01-09 11:13:30,435 DEBUG:findfont: score(FontEntry(fname='C:\\Windows\\Fonts\\Artifakt Element Book Italic.ttf', name='Artifakt Element', style='italic', variant='normal', weight=450, stretch='normal', size='scalable')) = 11.0975
2025-01-09 11:13:30,435 DEBUG:findfont: score(FontEntry(fname='C:\\Windows\\Fonts\\GOUDOSB.TTF', name='Goudy Old Style', style='normal', variant='normal', weight=700, stretch='normal', size='scalable')) = 10.335
2025-01-09 11:13:30,437 DEBUG:findfont: score(FontEntry(fname='C:\\Windows\\Fonts\\MISTRAL.TTF', name='Mistral', style='normal', variant='normal', weight=400, stretch='normal', size='scalable')) = 10.05
2025-01-09 11:13:30,437 DEBUG:findfont: score(FontEntry(fname='C:\\Windows\\Fonts\\BOOKOSI.TTF', name='Bookman Old Style', style='italic', variant='normal', weight=300, stretch='normal', size='scalable')) = 11.145
2025-01-09 11:13:30,437 DEBUG:findfont: score(FontEntry(fname='C:\\Windows\\Fonts\\sylfaen.ttf', name='Sylfaen', style='normal', variant='normal', weight=400, stretch='normal', size='scalable')) = 10.05
2025-01-09 11:13:30,437 DEBUG:findfont: score(FontEntry(fname='C:\\Windows\\Fonts\\ENGR.TTF', name='Engravers MT', style='normal', variant='normal', weight=500, stretch='normal', size='scalable')) = 10.145
2025-01-09 11:13:30,437 DEBUG:findfont: score(FontEntry(fname='C:\\Windows\\Fonts\\CALIFI.TTF', name='Californian FB', style='italic', variant='normal', weight=400, stretch='normal', size='scalable')) = 11.05
2025-01-09 11:13:30,438 DEBUG:findfont: score(FontEntry(fname='C:\\Windows\\Fonts\\HGRGE.TTC', name='HGGothicE', style='normal', variant='normal', weight=400, stretch='normal', size='scalable')) = 10.05
2025-01-09 11:13:30,438 DEBUG:findfont: score(FontEntry(fname='C:\\Windows\\Fonts\\LBRITE.TTF', name='Lucida Bright', style='normal', variant='normal', weight=400, stretch='normal', size='scalable')) = 10.05
2025-01-09 11:13:30,439 DEBUG:findfont: score(FontEntry(fname='C:\\Windows\\Fonts\\complex_.ttf', name='Complex', style='normal', variant='normal', weight=400, stretch='normal', size='scalable')) = 10.05
2025-01-09 11:13:30,439 DEBUG:findfont: score(FontEntry(fname='C:\\Windows\\Fonts\\yumindb.ttf', name='Yu Mincho', style='normal', variant='normal', weight=600, stretch='normal', size='scalable')) = 10.24
2025-01-09 11:13:30,439 DEBUG:findfont: score(FontEntry(fname='C:\\Windows\\Fonts\\CENSCBK.TTF', name='Century Schoolbook', style='normal', variant='normal', weight=400, stretch='normal', size='scalable')) = 10.05
2025-01-09 11:13:30,439 DEBUG:findfont: score(FontEntry(fname='C:\\Windows\\Fonts\\symeteo_IV50.ttf', name='Symeteo', style='normal', variant='normal', weight=400, stretch='normal', size='scalable')) = 10.05
2025-01-09 11:13:30,439 DEBUG:findfont: score(FontEntry(fname='C:\\Windows\\Fonts\\webdings.ttf', name='Webdings', style='normal', variant='normal', weight=400, stretch='normal', size='scalable')) = 10.05
2025-01-09 11:13:30,440 DEBUG:findfont: score(FontEntry(fname='C:\\Windows\\Fonts\\techl___.ttf', name='TechnicLite', style='normal', variant='normal', weight=400, stretch='normal', size='scalable')) = 10.05
2025-01-09 11:13:30,440 DEBUG:findfont: score(FontEntry(fname='C:\\Windows\\Fonts\\LBRITED.TTF', name='Lucida Bright', style='normal', variant='normal', weight=600, stretch='normal', size='scalable')) = 10.24
2025-01-09 11:13:30,440 DEBUG:findfont: score(FontEntry(fname='C:\\Windows\\Fonts\\LEELAWDB.TTF', name='Leelawadee', style='normal', variant='normal', weight=700, stretch='normal', size='scalable')) = 10.335
2025-01-09 11:13:30,440 DEBUG:findfont: score(FontEntry(fname='C:\\Windows\\Fonts\\sanssbo_.ttf', name='SansSerif', style='oblique', variant='normal', weight=700, stretch='normal', size='scalable')) = 11.335
2025-01-09 11:13:30,441 DEBUG:findfont: score(FontEntry(fname='C:\\Windows\\Fonts\\VLADIMIR.TTF', name='Vladimir Script', style='normal', variant='normal', weight=400, stretch='normal', size='scalable')) = 10.05
2025-01-09 11:13:30,441 DEBUG:findfont: score(FontEntry(fname='C:\\Windows\\Fonts\\HARNGTON.TTF', name='Harrington', style='normal', variant='normal', weight=400, stretch='normal', size='scalable')) = 10.05
2025-01-09 11:13:30,441 DEBUG:findfont: score(FontEntry(fname='C:\\Windows\\Fonts\\LEELAWAD.TTF', name='Leelawadee', style='normal', variant='normal', weight=400, stretch='normal', size='scalable')) = 10.05
2025-01-09 11:13:30,442 DEBUG:findfont: score(FontEntry(fname='C:\\Windows\\Fonts\\gothice_.ttf', name='GothicE', style='normal', variant='normal', weight=400, stretch='normal', size='scalable')) = 10.05
2025-01-09 11:13:30,442 DEBUG:findfont: score(FontEntry(fname='C:\\Windows\\Fonts\\SegUIVar.ttf', name='Segoe UI Variable', style='normal', variant='normal', weight=400, stretch='normal', size='scalable')) = 10.05
2025-01-09 11:13:30,442 DEBUG:findfont: score(FontEntry(fname='C:\\Windows\\Fonts\\Amgdt_IV25.ttf', name='AMGDT_IV25', style='normal', variant='normal', weight=400, stretch='normal', size='scalable')) = 10.05
2025-01-09 11:13:30,443 DEBUG:findfont: score(FontEntry(fname='C:\\Windows\\Fonts\\georgia.ttf', name='Georgia', style='normal', variant='normal', weight=400, stretch='normal', size='scalable')) = 10.05
2025-01-09 11:13:30,443 DEBUG:findfont: score(FontEntry(fname='C:\\Windows\\Fonts\\CALISTB.TTF', name='Calisto MT', style='normal', variant='normal', weight=700, stretch='normal', size='scalable')) = 10.335
2025-01-09 11:13:30,443 DEBUG:findfont: score(FontEntry(fname='C:\\Windows\\Fonts\\ELEPHNTI.TTF', name='Elephant', style='italic', variant='normal', weight=400, stretch='normal', size='scalable')) = 11.05
2025-01-09 11:13:30,444 DEBUG:findfont: score(FontEntry(fname='C:\\Windows\\Fonts\\LSANSDI.TTF', name='Lucida Sans', style='italic', variant='normal', weight=600, stretch='normal', size='scalable')) = 11.24
2025-01-09 11:13:30,444 DEBUG:findfont: score(FontEntry(fname='C:\\Windows\\Fonts\\segmdl2.ttf', name='Segoe MDL2 Assets', style='normal', variant='normal', weight=400, stretch='normal', size='scalable')) = 10.05
2025-01-09 11:13:30,445 DEBUG:findfont: score(FontEntry(fname='C:\\Windows\\Fonts\\MAIAN.TTF', name='Maiandra GD', style='normal', variant='normal', weight=400, stretch='normal', size='scalable')) = 10.05
2025-01-09 11:13:30,445 DEBUG:findfont: score(FontEntry(fname='C:\\Windows\\Fonts\\dutchbi.ttf', name='Dutch801 Rm BT', style='italic', variant='normal', weight=700, stretch='normal', size='scalable')) = 11.335
2025-01-09 11:13:30,445 DEBUG:findfont: score(FontEntry(fname='C:\\Windows\\Fonts\\CURLZ___.TTF', name='Curlz MT', style='normal', variant='normal', weight=400, stretch='normal', size='scalable')) = 10.05
2025-01-09 11:13:30,445 DEBUG:findfont: score(FontEntry(fname='C:\\Windows\\Fonts\\AGENCYR.TTF', name='Agency FB', style='normal', variant='normal', weight=400, stretch='normal', size='scalable')) = 10.05
2025-01-09 11:13:30,445 DEBUG:findfont: score(FontEntry(fname='C:\\Windows\\Fonts\\gdt_IV25.ttf', name='GDT_IV25', style='normal', variant='normal', weight=400, stretch='normal', size='scalable')) = 10.05
2025-01-09 11:13:30,447 DEBUG:findfont: score(FontEntry(fname='C:\\Windows\\Fonts\\monotxt_IV25.ttf', name='Monotxt', style='normal', variant='normal', weight=400, stretch='normal', size='scalable')) = 10.05
2025-01-09 11:13:30,447 DEBUG:findfont: score(FontEntry(fname='C:\\Windows\\Fonts\\segoepr.ttf', name='Segoe Print', style='normal', variant='normal', weight=400, stretch='normal', size='scalable')) = 10.05
2025-01-09 11:13:30,448 DEBUG:findfont: score(FontEntry(fname='C:\\Windows\\Fonts\\msyhbd.ttc', name='Microsoft YaHei', style='normal', variant='normal', weight=700, stretch='normal', size='scalable')) = 10.335
2025-01-09 11:13:30,448 DEBUG:findfont: score(FontEntry(fname='C:\\Windows\\Fonts\\verdanab.ttf', name='Verdana', style='normal', variant='normal', weight=700, stretch='normal', size='scalable')) = 3.9713636363636367
2025-01-09 11:13:30,448 DEBUG:findfont: score(FontEntry(fname='C:\\Windows\\Fonts\\ANTQUAB.TTF', name='Book Antiqua', style='normal', variant='normal', weight=700, stretch='normal', size='scalable')) = 10.335
2025-01-09 11:13:30,449 DEBUG:findfont: score(FontEntry(fname='C:\\Windows\\Fonts\\eurro___.ttf', name='EuroRoman', style='oblique', variant='normal', weight=400, stretch='normal', size='scalable')) = 11.05
2025-01-09 11:13:30,449 DEBUG:findfont: score(FontEntry(fname='C:\\Windows\\Fonts\\PERTIBD.TTF', name='Perpetua Titling MT', style='normal', variant='normal', weight=700, stretch='normal', size='scalable')) = 10.335
2025-01-09 11:13:30,449 DEBUG:findfont: score(FontEntry(fname='C:\\Windows\\Fonts\\Artifakt Element Regular.ttf', name='Artifakt Element', style='normal', variant='normal', weight=400, stretch='normal', size='scalable')) = 10.05
2025-01-09 11:13:30,449 DEBUG:findfont: score(FontEntry(fname='C:\\Windows\\Fonts\\MSUIGHUB.TTF', name='Microsoft Uighur', style='normal', variant='normal', weight=700, stretch='normal', size='scalable')) = 10.335
2025-01-09 11:13:30,450 DEBUG:findfont: score(FontEntry(fname='C:\\Windows\\Fonts\\swissbi.ttf', name='Swis721 BT', style='italic', variant='normal', weight=700, stretch='normal', size='scalable')) = 11.335
2025-01-09 11:13:30,450 DEBUG:findfont: score(FontEntry(fname='C:\\Windows\\Fonts\\LBRITEI.TTF', name='Lucida Bright', style='italic', variant='normal', weight=400, stretch='normal', size='scalable')) = 11.05
2025-01-09 11:13:30,451 DEBUG:findfont: score(FontEntry(fname='C:\\Windows\\Fonts\\msmincho.ttc', name='MS Mincho', style='normal', variant='normal', weight=400, stretch='normal', size='scalable')) = 10.05
2025-01-09 11:13:30,451 DEBUG:findfont: score(FontEntry(fname='C:\\Windows\\Fonts\\ARIALUNI.ttf', name='Arial Unicode MS', style='normal', variant='normal', weight=400, stretch='normal', size='scalable')) = 10.05
2025-01-09 11:13:30,451 DEBUG:findfont: score(FontEntry(fname='C:\\Windows\\Fonts\\BROADW.TTF', name='Broadway', style='normal', variant='normal', weight=400, stretch='normal', size='scalable')) = 10.05
2025-01-09 11:13:30,451 DEBUG:findfont: score(FontEntry(fname='C:\\Windows\\Fonts\\AIGDT___.TTF', name='AIGDT', style='normal', variant='normal', weight=400, stretch='normal', size='scalable')) = 10.05
2025-01-09 11:13:30,452 DEBUG:findfont: score(FontEntry(fname='C:\\Windows\\Fonts\\HATTEN.TTF', name='Haettenschweiler', style='normal', variant='normal', weight=400, stretch='normal', size='scalable')) = 10.05
2025-01-09 11:13:30,452 DEBUG:findfont: score(FontEntry(fname='C:\\Windows\\Fonts\\taile.ttf', name='Microsoft Tai Le', style='normal', variant='normal', weight=400, stretch='normal', size='scalable')) = 10.05
2025-01-09 11:13:30,452 DEBUG:findfont: score(FontEntry(fname='C:\\Windows\\Fonts\\HARLOWSI.TTF', name='Harlow Solid Italic', style='italic', variant='normal', weight=400, stretch='normal', size='scalable')) = 11.05
2025-01-09 11:13:30,453 DEBUG:findfont: score(FontEntry(fname='C:\\Windows\\Fonts\\GLECB.TTF', name='Gloucester MT Extra Condensed', style='normal', variant='normal', weight=400, stretch='condensed', size='scalable')) = 10.25
2025-01-09 11:13:30,453 DEBUG:findfont: score(FontEntry(fname='C:\\Windows\\Fonts\\ROCKI.TTF', name='Rockwell', style='italic', variant='normal', weight=400, stretch='normal', size='scalable')) = 11.05
2025-01-09 11:13:30,453 DEBUG:findfont: score(FontEntry(fname='C:\\Windows\\Fonts\\GILBI___.TTF', name='Gill Sans MT', style='italic', variant='normal', weight=700, stretch='normal', size='scalable')) = 11.335
2025-01-09 11:13:30,453 DEBUG:findfont: Matching sans\-serif:style=normal:variant=normal:weight=normal:stretch=normal:size=12.0 to DejaVu Sans ('C:\\Users\\chimpaleenantaphon\\AppData\\Local\\anaconda3\\Lib\\site-packages\\matplotlib\\mpl-data\\fonts\\ttf\\DejaVuSans.ttf') with score of 0.050000.
2025-01-09 11:13:30,604 DEBUG:Assigning font /F1 = 'C:\\Users\\chimpaleenantaphon\\AppData\\Local\\anaconda3\\Lib\\site-packages\\matplotlib\\mpl-data\\fonts\\ttf\\DejaVuSans.ttf'
2025-01-09 11:13:31,387 DEBUG:Embedding font C:\Users\chimpaleenantaphon\AppData\Local\anaconda3\Lib\site-packages\matplotlib\mpl-data\fonts\ttf\DejaVuSans.ttf.
2025-01-09 11:13:31,388 DEBUG:Writing TrueType font.
2025-01-09 11:13:31,422 INFO:Processed and saved PDF for W://20241224134037_1505_XXX0036_20rpm.csv
2025-01-09 11:14:10,885 INFO:Note: NumExpr detected 12 cores but "NUMEXPR_MAX_THREADS" not set, so enforcing safe limit of 8.
2025-01-09 11:14:10,885 INFO:NumExpr defaulting to 8 threads.
2025-01-09 11:14:12,648 DEBUG:matplotlib data path: C:\Users\chimpaleenantaphon\AppData\Local\anaconda3\Lib\site-packages\matplotlib\mpl-data
2025-01-09 11:14:12,657 DEBUG:CONFIGDIR=C:\Users\chimpaleenantaphon\.matplotlib
2025-01-09 11:14:12,659 DEBUG:interactive is False
2025-01-09 11:14:12,660 DEBUG:platform is win32
2025-01-09 11:14:12,749 DEBUG:CACHEDIR=C:\Users\chimpaleenantaphon\.matplotlib
2025-01-09 11:14:12,757 DEBUG:Using fontManager instance from C:\Users\chimpaleenantaphon\.matplotlib\fontlist-v330.json
2025-01-09 11:15:07,490 INFO:Note: NumExpr detected 12 cores but "NUMEXPR_MAX_THREADS" not set, so enforcing safe limit of 8.
2025-01-09 11:15:07,491 INFO:NumExpr defaulting to 8 threads.
2025-01-09 11:15:08,376 DEBUG:matplotlib data path: C:\Users\chimpaleenantaphon\AppData\Local\anaconda3\Lib\site-packages\matplotlib\mpl-data
2025-01-09 11:15:08,380 DEBUG:CONFIGDIR=C:\Users\chimpaleenantaphon\.matplotlib
2025-01-09 11:15:08,382 DEBUG:interactive is False
2025-01-09 11:15:08,383 DEBUG:platform is win32
2025-01-09 11:15:08,429 DEBUG:CACHEDIR=C:\Users\chimpaleenantaphon\.matplotlib
2025-01-09 11:15:08,432 DEBUG:Using fontManager instance from C:\Users\chimpaleenantaphon\.matplotlib\fontlist-v330.json
2025-01-09 11:15:16,732 INFO:Note: NumExpr detected 12 cores but "NUMEXPR_MAX_THREADS" not set, so enforcing safe limit of 8.
2025-01-09 11:15:16,733 INFO:NumExpr defaulting to 8 threads.
2025-01-09 11:15:17,590 DEBUG:matplotlib data path: C:\Users\chimpaleenantaphon\AppData\Local\anaconda3\Lib\site-packages\matplotlib\mpl-data
2025-01-09 11:15:17,595 DEBUG:CONFIGDIR=C:\Users\chimpaleenantaphon\.matplotlib
2025-01-09 11:15:17,597 DEBUG:interactive is False
2025-01-09 11:15:17,598 DEBUG:platform is win32
2025-01-09 11:15:17,645 DEBUG:CACHEDIR=C:\Users\chimpaleenantaphon\.matplotlib
2025-01-09 11:15:17,648 DEBUG:Using fontManager instance from C:\Users\chimpaleenantaphon\.matplotlib\fontlist-v330.json
2025-01-09 11:15:39,911 INFO:Note: NumExpr detected 12 cores but "NUMEXPR_MAX_THREADS" not set, so enforcing safe limit of 8.
2025-01-09 11:15:39,911 INFO:NumExpr defaulting to 8 threads.
2025-01-09 11:15:40,876 DEBUG:matplotlib data path: C:\Users\chimpaleenantaphon\AppData\Local\anaconda3\Lib\site-packages\matplotlib\mpl-data
2025-01-09 11:15:40,880 DEBUG:CONFIGDIR=C:\Users\chimpaleenantaphon\.matplotlib
2025-01-09 11:15:40,881 DEBUG:interactive is False
2025-01-09 11:15:40,882 DEBUG:platform is win32
2025-01-09 11:15:40,933 DEBUG:CACHEDIR=C:\Users\chimpaleenantaphon\.matplotlib
2025-01-09 11:15:40,937 DEBUG:Using fontManager instance from C:\Users\chimpaleenantaphon\.matplotlib\fontlist-v330.json
2025-01-09 11:15:52,762 INFO:Note: NumExpr detected 12 cores but "NUMEXPR_MAX_THREADS" not set, so enforcing safe limit of 8.
2025-01-09 11:15:52,762 INFO:NumExpr defaulting to 8 threads.
2025-01-09 11:15:53,738 DEBUG:matplotlib data path: C:\Users\chimpaleenantaphon\AppData\Local\anaconda3\Lib\site-packages\matplotlib\mpl-data
2025-01-09 11:15:53,743 DEBUG:CONFIGDIR=C:\Users\chimpaleenantaphon\.matplotlib
2025-01-09 11:15:53,747 DEBUG:interactive is False
2025-01-09 11:15:53,747 DEBUG:platform is win32
2025-01-09 11:15:53,840 DEBUG:CACHEDIR=C:\Users\chimpaleenantaphon\.matplotlib
2025-01-09 11:15:53,847 DEBUG:Using fontManager instance from C:\Users\chimpaleenantaphon\.matplotlib\fontlist-v330.json
2025-01-09 11:16:03,805 INFO:Note: NumExpr detected 12 cores but "NUMEXPR_MAX_THREADS" not set, so enforcing safe limit of 8.
2025-01-09 11:16:03,806 INFO:NumExpr defaulting to 8 threads.
2025-01-09 11:16:04,616 DEBUG:matplotlib data path: C:\Users\chimpaleenantaphon\AppData\Local\anaconda3\Lib\site-packages\matplotlib\mpl-data
2025-01-09 11:16:04,620 DEBUG:CONFIGDIR=C:\Users\chimpaleenantaphon\.matplotlib
2025-01-09 11:16:04,623 DEBUG:interactive is False
2025-01-09 11:16:04,624 DEBUG:platform is win32
2025-01-09 11:16:04,675 DEBUG:CACHEDIR=C:\Users\chimpaleenantaphon\.matplotlib
2025-01-09 11:16:04,678 DEBUG:Using fontManager instance from C:\Users\chimpaleenantaphon\.matplotlib\fontlist-v330.json
2025-01-09 11:16:34,005 INFO:Note: NumExpr detected 12 cores but "NUMEXPR_MAX_THREADS" not set, so enforcing safe limit of 8.
2025-01-09 11:16:34,005 INFO:NumExpr defaulting to 8 threads.
2025-01-09 11:16:34,853 DEBUG:matplotlib data path: C:\Users\chimpaleenantaphon\AppData\Local\anaconda3\Lib\site-packages\matplotlib\mpl-data
2025-01-09 11:16:34,857 DEBUG:CONFIGDIR=C:\Users\chimpaleenantaphon\.matplotlib
2025-01-09 11:16:34,861 DEBUG:interactive is False
2025-01-09 11:16:34,861 DEBUG:platform is win32
2025-01-09 11:16:34,919 DEBUG:CACHEDIR=C:\Users\chimpaleenantaphon\.matplotlib
2025-01-09 11:16:34,923 DEBUG:Using fontManager instance from C:\Users\chimpaleenantaphon\.matplotlib\fontlist-v330.json
2025-01-09 11:16:35,348 INFO:Dash is running on http://127.0.0.1:8050/

2025-01-09 11:16:37,534 INFO:Note: NumExpr detected 12 cores but "NUMEXPR_MAX_THREADS" not set, so enforcing safe limit of 8.
2025-01-09 11:16:37,535 INFO:NumExpr defaulting to 8 threads.
2025-01-09 11:16:38,436 DEBUG:matplotlib data path: C:\Users\chimpaleenantaphon\AppData\Local\anaconda3\Lib\site-packages\matplotlib\mpl-data
2025-01-09 11:16:38,440 DEBUG:CONFIGDIR=C:\Users\chimpaleenantaphon\.matplotlib
2025-01-09 11:16:38,442 DEBUG:interactive is False
2025-01-09 11:16:38,443 DEBUG:platform is win32
2025-01-09 11:16:38,498 DEBUG:CACHEDIR=C:\Users\chimpaleenantaphon\.matplotlib
2025-01-09 11:16:38,500 DEBUG:Using fontManager instance from C:\Users\chimpaleenantaphon\.matplotlib\fontlist-v330.json
2025-01-09 11:16:52,836 DEBUG:open file: W:/20241224152243_1505_XXX0044_20rpm.csv
2025-01-09 11:16:52,984 DEBUG:open file: W:/20241224152243_1505_XXX0044_20rpm.csv
2025-01-09 11:16:53,334 ERROR:Error storing measurement and features: (sqlite3.IntegrityError) UNIQUE constraint failed: measurements.file_path
[SQL: INSERT INTO measurements (file_path, operator_id, ball_size_id, timestamp, status) VALUES (?, ?, ?, ?, ?)]
[parameters: ('W://20241224152243_1505_XXX0044_20rpm.csv', '奥山', '2', '2025-01-09 11:16:53.331795', 'Processed')]
(Background on this error at: https://sqlalche.me/e/20/gkpj)
2025-01-09 11:16:53,335 ERROR:Error in model prediction: [Errno 2] No such file or directory: 'best_model.pkl'
2025-01-09 11:17:04,841 DEBUG:open file: W:/20241224152243_1505_XXX0044_20rpm.csv
2025-01-09 11:17:07,615 INFO:Note: NumExpr detected 12 cores but "NUMEXPR_MAX_THREADS" not set, so enforcing safe limit of 8.
2025-01-09 11:17:07,615 INFO:NumExpr defaulting to 8 threads.
2025-01-09 11:17:08,418 DEBUG:matplotlib data path: C:\Users\chimpaleenantaphon\AppData\Local\anaconda3\Lib\site-packages\matplotlib\mpl-data
2025-01-09 11:17:08,422 DEBUG:CONFIGDIR=C:\Users\chimpaleenantaphon\.matplotlib
2025-01-09 11:17:08,423 DEBUG:interactive is False
2025-01-09 11:17:08,424 DEBUG:platform is win32
2025-01-09 11:17:08,472 DEBUG:CACHEDIR=C:\Users\chimpaleenantaphon\.matplotlib
2025-01-09 11:17:08,475 DEBUG:Using fontManager instance from C:\Users\chimpaleenantaphon\.matplotlib\fontlist-v330.json
2025-01-09 11:18:10,156 INFO:Note: NumExpr detected 12 cores but "NUMEXPR_MAX_THREADS" not set, so enforcing safe limit of 8.
2025-01-09 11:18:10,157 INFO:NumExpr defaulting to 8 threads.
2025-01-09 11:18:11,375 DEBUG:matplotlib data path: C:\Users\chimpaleenantaphon\AppData\Local\anaconda3\Lib\site-packages\matplotlib\mpl-data
2025-01-09 11:18:11,381 DEBUG:CONFIGDIR=C:\Users\chimpaleenantaphon\.matplotlib
2025-01-09 11:18:11,383 DEBUG:interactive is False
2025-01-09 11:18:11,384 DEBUG:platform is win32
2025-01-09 11:18:11,445 DEBUG:CACHEDIR=C:\Users\chimpaleenantaphon\.matplotlib
2025-01-09 11:18:11,448 DEBUG:Using fontManager instance from C:\Users\chimpaleenantaphon\.matplotlib\fontlist-v330.json
2025-01-09 11:18:27,245 INFO:Note: NumExpr detected 12 cores but "NUMEXPR_MAX_THREADS" not set, so enforcing safe limit of 8.
2025-01-09 11:18:27,245 INFO:NumExpr defaulting to 8 threads.
2025-01-09 11:18:28,457 DEBUG:matplotlib data path: C:\Users\chimpaleenantaphon\AppData\Local\anaconda3\Lib\site-packages\matplotlib\mpl-data
2025-01-09 11:18:28,464 DEBUG:CONFIGDIR=C:\Users\chimpaleenantaphon\.matplotlib
2025-01-09 11:18:28,466 DEBUG:interactive is False
2025-01-09 11:18:28,466 DEBUG:platform is win32
2025-01-09 11:18:28,532 DEBUG:CACHEDIR=C:\Users\chimpaleenantaphon\.matplotlib
2025-01-09 11:18:28,536 DEBUG:Using fontManager instance from C:\Users\chimpaleenantaphon\.matplotlib\fontlist-v330.json
2025-01-09 11:19:00,688 INFO:Note: NumExpr detected 12 cores but "NUMEXPR_MAX_THREADS" not set, so enforcing safe limit of 8.
2025-01-09 11:19:00,689 INFO:NumExpr defaulting to 8 threads.
2025-01-09 11:19:01,518 DEBUG:matplotlib data path: C:\Users\chimpaleenantaphon\AppData\Local\anaconda3\Lib\site-packages\matplotlib\mpl-data
2025-01-09 11:19:01,523 DEBUG:CONFIGDIR=C:\Users\chimpaleenantaphon\.matplotlib
2025-01-09 11:19:01,525 DEBUG:interactive is False
2025-01-09 11:19:01,525 DEBUG:platform is win32
2025-01-09 11:19:01,575 DEBUG:CACHEDIR=C:\Users\chimpaleenantaphon\.matplotlib
2025-01-09 11:19:01,579 DEBUG:Using fontManager instance from C:\Users\chimpaleenantaphon\.matplotlib\fontlist-v330.json
2025-01-09 11:19:22,665 DEBUG:open file: W:/20241224135320_1505_XXX0037_20rpm.csv
2025-01-09 11:19:22,810 DEBUG:open file: W:/20241224135320_1505_XXX0037_20rpm.csv
2025-01-09 11:19:23,083 ERROR:Error storing measurement and features: (sqlite3.IntegrityError) UNIQUE constraint failed: measurements.file_path
[SQL: INSERT INTO measurements (file_path, operator_id, ball_size_id, timestamp, status) VALUES (?, ?, ?, ?, ?)]
[parameters: ('W://20241224135320_1505_XXX0037_20rpm.csv', '奥山', '2', '2025-01-09 11:19:23.082040', 'Processed')]
(Background on this error at: https://sqlalche.me/e/20/gkpj)
2025-01-09 11:19:23,085 ERROR:Error in model prediction: [Errno 2] No such file or directory: 'best_model.pkl'
2025-01-09 11:19:25,115 DEBUG:open file: W:/20241224135320_1505_XXX0037_20rpm.csv
2025-01-09 11:19:28,369 INFO:Note: NumExpr detected 12 cores but "NUMEXPR_MAX_THREADS" not set, so enforcing safe limit of 8.
2025-01-09 11:19:28,369 INFO:NumExpr defaulting to 8 threads.
2025-01-09 11:19:29,165 DEBUG:matplotlib data path: C:\Users\chimpaleenantaphon\AppData\Local\anaconda3\Lib\site-packages\matplotlib\mpl-data
2025-01-09 11:19:29,169 DEBUG:CONFIGDIR=C:\Users\chimpaleenantaphon\.matplotlib
2025-01-09 11:19:29,170 DEBUG:interactive is False
2025-01-09 11:19:29,171 DEBUG:platform is win32
2025-01-09 11:19:29,220 DEBUG:CACHEDIR=C:\Users\chimpaleenantaphon\.matplotlib
2025-01-09 11:19:29,223 DEBUG:Using fontManager instance from C:\Users\chimpaleenantaphon\.matplotlib\fontlist-v330.json
2025-01-09 11:20:02,973 INFO:Note: NumExpr detected 12 cores but "NUMEXPR_MAX_THREADS" not set, so enforcing safe limit of 8.
2025-01-09 11:20:02,974 INFO:NumExpr defaulting to 8 threads.
2025-01-09 11:20:04,061 DEBUG:matplotlib data path: C:\Users\chimpaleenantaphon\AppData\Local\anaconda3\Lib\site-packages\matplotlib\mpl-data
2025-01-09 11:20:04,065 DEBUG:CONFIGDIR=C:\Users\chimpaleenantaphon\.matplotlib
2025-01-09 11:20:04,067 DEBUG:interactive is False
2025-01-09 11:20:04,067 DEBUG:platform is win32
2025-01-09 11:20:04,123 DEBUG:CACHEDIR=C:\Users\chimpaleenantaphon\.matplotlib
2025-01-09 11:20:04,127 DEBUG:Using fontManager instance from C:\Users\chimpaleenantaphon\.matplotlib\fontlist-v330.json
2025-01-09 11:20:19,937 INFO:Note: NumExpr detected 12 cores but "NUMEXPR_MAX_THREADS" not set, so enforcing safe limit of 8.
2025-01-09 11:20:19,937 INFO:NumExpr defaulting to 8 threads.
2025-01-09 11:20:20,822 DEBUG:matplotlib data path: C:\Users\chimpaleenantaphon\AppData\Local\anaconda3\Lib\site-packages\matplotlib\mpl-data
2025-01-09 11:20:20,827 DEBUG:CONFIGDIR=C:\Users\chimpaleenantaphon\.matplotlib
2025-01-09 11:20:20,829 DEBUG:interactive is False
2025-01-09 11:20:20,830 DEBUG:platform is win32
2025-01-09 11:20:20,883 DEBUG:CACHEDIR=C:\Users\chimpaleenantaphon\.matplotlib
2025-01-09 11:20:20,886 DEBUG:Using fontManager instance from C:\Users\chimpaleenantaphon\.matplotlib\fontlist-v330.json
2025-01-09 11:20:31,312 INFO:Note: NumExpr detected 12 cores but "NUMEXPR_MAX_THREADS" not set, so enforcing safe limit of 8.
2025-01-09 11:20:31,313 INFO:NumExpr defaulting to 8 threads.
2025-01-09 11:20:32,583 DEBUG:matplotlib data path: C:\Users\chimpaleenantaphon\AppData\Local\anaconda3\Lib\site-packages\matplotlib\mpl-data
2025-01-09 11:20:32,587 DEBUG:CONFIGDIR=C:\Users\chimpaleenantaphon\.matplotlib
2025-01-09 11:20:32,589 DEBUG:interactive is False
2025-01-09 11:20:32,590 DEBUG:platform is win32
2025-01-09 11:20:32,655 DEBUG:CACHEDIR=C:\Users\chimpaleenantaphon\.matplotlib
2025-01-09 11:20:32,659 DEBUG:Using fontManager instance from C:\Users\chimpaleenantaphon\.matplotlib\fontlist-v330.json
2025-01-09 11:20:45,701 DEBUG:open file: W:/20241224140328_1505_XXX0038_20rpm.csv
2025-01-09 11:20:45,825 DEBUG:open file: W:/20241224140328_1505_XXX0038_20rpm.csv
2025-01-09 11:20:46,151 ERROR:Error storing measurement and features: (sqlite3.IntegrityError) UNIQUE constraint failed: measurements.file_path
[SQL: INSERT INTO measurements (file_path, operator_id, ball_size_id, timestamp, status) VALUES (?, ?, ?, ?, ?)]
[parameters: ('W://20241224140328_1505_XXX0038_20rpm.csv', '奥山', '2', '2025-01-09 11:20:46.149064', 'Processed')]
(Background on this error at: https://sqlalche.me/e/20/gkpj)
2025-01-09 11:20:46,153 ERROR:Error in model prediction: [Errno 2] No such file or directory: 'best_model.pkl'
2025-01-09 11:21:17,086 INFO:Note: NumExpr detected 12 cores but "NUMEXPR_MAX_THREADS" not set, so enforcing safe limit of 8.
2025-01-09 11:21:17,089 INFO:NumExpr defaulting to 8 threads.
2025-01-09 11:21:20,828 DEBUG:matplotlib data path: C:\Users\chimpaleenantaphon\AppData\Local\anaconda3\Lib\site-packages\matplotlib\mpl-data
2025-01-09 11:21:20,835 DEBUG:CONFIGDIR=C:\Users\chimpaleenantaphon\.matplotlib
2025-01-09 11:21:20,838 DEBUG:interactive is False
2025-01-09 11:21:20,838 DEBUG:platform is win32
2025-01-09 11:21:20,931 DEBUG:CACHEDIR=C:\Users\chimpaleenantaphon\.matplotlib
2025-01-09 11:21:20,936 DEBUG:Using fontManager instance from C:\Users\chimpaleenantaphon\.matplotlib\fontlist-v330.json
2025-01-09 11:21:48,793 INFO:Note: NumExpr detected 12 cores but "NUMEXPR_MAX_THREADS" not set, so enforcing safe limit of 8.
2025-01-09 11:21:48,794 INFO:NumExpr defaulting to 8 threads.
2025-01-09 11:21:49,650 DEBUG:matplotlib data path: C:\Users\chimpaleenantaphon\AppData\Local\anaconda3\Lib\site-packages\matplotlib\mpl-data
2025-01-09 11:21:49,655 DEBUG:CONFIGDIR=C:\Users\chimpaleenantaphon\.matplotlib
2025-01-09 11:21:49,657 DEBUG:interactive is False
2025-01-09 11:21:49,658 DEBUG:platform is win32
2025-01-09 11:21:49,717 DEBUG:CACHEDIR=C:\Users\chimpaleenantaphon\.matplotlib
2025-01-09 11:21:49,720 DEBUG:Using fontManager instance from C:\Users\chimpaleenantaphon\.matplotlib\fontlist-v330.json
2025-01-09 11:23:46,969 INFO:Note: NumExpr detected 12 cores but "NUMEXPR_MAX_THREADS" not set, so enforcing safe limit of 8.
2025-01-09 11:23:46,970 INFO:NumExpr defaulting to 8 threads.
2025-01-09 11:23:48,039 DEBUG:matplotlib data path: C:\Users\chimpaleenantaphon\AppData\Local\anaconda3\Lib\site-packages\matplotlib\mpl-data
2025-01-09 11:23:48,045 DEBUG:CONFIGDIR=C:\Users\chimpaleenantaphon\.matplotlib
2025-01-09 11:23:48,047 DEBUG:interactive is False
2025-01-09 11:23:48,047 DEBUG:platform is win32
2025-01-09 11:23:48,101 DEBUG:CACHEDIR=C:\Users\chimpaleenantaphon\.matplotlib
2025-01-09 11:23:48,104 DEBUG:Using fontManager instance from C:\Users\chimpaleenantaphon\.matplotlib\fontlist-v330.json
2025-01-09 11:24:01,673 DEBUG:open file: W:/20241224144050_1505_XXX0040_20rpm NG.csv
2025-01-09 11:24:01,799 DEBUG:open file: W:/20241224144050_1505_XXX0040_20rpm NG.csv
2025-01-09 11:24:02,206 ERROR:Error storing measurement and features: (sqlite3.IntegrityError) UNIQUE constraint failed: measurements.file_path
[SQL: INSERT INTO measurements (file_path, operator_id, ball_size_id, timestamp, status) VALUES (?, ?, ?, ?, ?)]
[parameters: ('W://20241224144050_1505_XXX0040_20rpm NG.csv', '奥山', '2', '2025-01-09 11:24:02.201633', 'Processed')]
(Background on this error at: https://sqlalche.me/e/20/gkpj)
2025-01-09 11:24:02,208 ERROR:Error in model prediction: [Errno 2] No such file or directory: 'best_model.pkl'
2025-01-09 11:24:03,952 DEBUG:open file: W:/20241224151112_1505_XXX0043_20rpm.csv
2025-01-09 11:24:04,112 DEBUG:open file: W:/20241224151112_1505_XXX0043_20rpm.csv
2025-01-09 11:24:04,361 ERROR:Error storing measurement and features: (sqlite3.IntegrityError) UNIQUE constraint failed: measurements.file_path
[SQL: INSERT INTO measurements (file_path, operator_id, ball_size_id, timestamp, status) VALUES (?, ?, ?, ?, ?)]
[parameters: ('W://20241224151112_1505_XXX0043_20rpm.csv', '奥山', '2', '2025-01-09 11:24:04.360104', 'Processed')]
(Background on this error at: https://sqlalche.me/e/20/gkpj)
2025-01-09 11:24:04,362 ERROR:Error in model prediction: [Errno 2] No such file or directory: 'best_model.pkl'
2025-01-09 11:24:08,211 INFO:Download CSV button clicked with filepath=W://20241224151112_1505_XXX0043_20rpm.csv
2025-01-09 11:24:11,635 INFO:Download CSV button clicked with filepath=W://20241224151112_1505_XXX0043_20rpm.csv
2025-01-09 11:24:12,192 INFO:Download CSV button clicked with filepath=W://20241224151112_1505_XXX0043_20rpm.csv
2025-01-09 11:24:12,344 INFO:Download CSV button clicked with filepath=W://20241224151112_1505_XXX0043_20rpm.csv
2025-01-09 11:24:12,499 INFO:Download CSV button clicked with filepath=W://20241224151112_1505_XXX0043_20rpm.csv
2025-01-09 11:24:12,684 INFO:Download CSV button clicked with filepath=W://20241224151112_1505_XXX0043_20rpm.csv
2025-01-09 11:25:42,796 INFO:Note: NumExpr detected 12 cores but "NUMEXPR_MAX_THREADS" not set, so enforcing safe limit of 8.
2025-01-09 11:25:42,797 INFO:NumExpr defaulting to 8 threads.
2025-01-09 11:25:43,614 DEBUG:matplotlib data path: C:\Users\chimpaleenantaphon\AppData\Local\anaconda3\Lib\site-packages\matplotlib\mpl-data
2025-01-09 11:25:43,619 DEBUG:CONFIGDIR=C:\Users\chimpaleenantaphon\.matplotlib
2025-01-09 11:25:43,621 DEBUG:interactive is False
2025-01-09 11:25:43,622 DEBUG:platform is win32
2025-01-09 11:25:43,680 DEBUG:CACHEDIR=C:\Users\chimpaleenantaphon\.matplotlib
2025-01-09 11:25:43,685 DEBUG:Using fontManager instance from C:\Users\chimpaleenantaphon\.matplotlib\fontlist-v330.json
2025-01-09 11:25:52,684 INFO:Note: NumExpr detected 12 cores but "NUMEXPR_MAX_THREADS" not set, so enforcing safe limit of 8.
2025-01-09 11:25:52,684 INFO:NumExpr defaulting to 8 threads.
2025-01-09 11:25:53,536 DEBUG:matplotlib data path: C:\Users\chimpaleenantaphon\AppData\Local\anaconda3\Lib\site-packages\matplotlib\mpl-data
2025-01-09 11:25:53,541 DEBUG:CONFIGDIR=C:\Users\chimpaleenantaphon\.matplotlib
2025-01-09 11:25:53,542 DEBUG:interactive is False
2025-01-09 11:25:53,542 DEBUG:platform is win32
2025-01-09 11:25:53,590 DEBUG:CACHEDIR=C:\Users\chimpaleenantaphon\.matplotlib
2025-01-09 11:25:53,594 DEBUG:Using fontManager instance from C:\Users\chimpaleenantaphon\.matplotlib\fontlist-v330.json
2025-01-09 11:26:06,768 DEBUG:open file: W:/20241224133021_1505_XXX0035_20rpm.csv
2025-01-09 11:26:06,956 DEBUG:open file: W:/20241224133021_1505_XXX0035_20rpm.csv
2025-01-09 11:26:07,457 ERROR:Error in model prediction: [Errno 2] No such file or directory: 'best_model.pkl'
2025-01-09 11:26:09,421 DEBUG:open file: W:/20241224133021_1505_XXX0035_20rpm.csv
2025-01-09 11:26:09,451 DEBUG:Loaded backend agg version v2.2.
2025-01-09 11:26:09,455 DEBUG:findfont: Matching sans\-serif:style=normal:variant=normal:weight=normal:stretch=normal:size=10.0.
2025-01-09 11:26:09,456 DEBUG:findfont: score(FontEntry(fname='C:\\Users\\chimpaleenantaphon\\AppData\\Local\\anaconda3\\Lib\\site-packages\\matplotlib\\mpl-data\\fonts\\ttf\\cmb10.ttf', name='cmb10', style='normal', variant='normal', weight=400, stretch='normal', size='scalable')) = 10.05
2025-01-09 11:26:09,457 DEBUG:findfont: score(FontEntry(fname='C:\\Users\\chimpaleenantaphon\\AppData\\Local\\anaconda3\\Lib\\site-packages\\matplotlib\\mpl-data\\fonts\\ttf\\STIXSizThreeSymReg.ttf', name='STIXSizeThreeSym', style='normal', variant='normal', weight=400, stretch='normal', size='scalable')) = 10.05
2025-01-09 11:26:09,457 DEBUG:findfont: score(FontEntry(fname='C:\\Users\\chimpaleenantaphon\\AppData\\Local\\anaconda3\\Lib\\site-packages\\matplotlib\\mpl-data\\fonts\\ttf\\STIXSizTwoSymReg.ttf', name='STIXSizeTwoSym', style='normal', variant='normal', weight=400, stretch='normal', size='scalable')) = 10.05
2025-01-09 11:26:09,457 DEBUG:findfont: score(FontEntry(fname='C:\\Users\\chimpaleenantaphon\\AppData\\Local\\anaconda3\\Lib\\site-packages\\matplotlib\\mpl-data\\fonts\\ttf\\STIXSizFourSymReg.ttf', name='STIXSizeFourSym', style='normal', variant='normal', weight=400, stretch='normal', size='scalable')) = 10.05
2025-01-09 11:26:09,459 DEBUG:findfont: score(FontEntry(fname='C:\\Users\\chimpaleenantaphon\\AppData\\Local\\anaconda3\\Lib\\site-packages\\matplotlib\\mpl-data\\fonts\\ttf\\cmex10.ttf', name='cmex10', style='normal', variant='normal', weight=400, stretch='normal', size='scalable')) = 10.05
2025-01-09 11:26:09,459 DEBUG:findfont: score(FontEntry(fname='C:\\Users\\chimpaleenantaphon\\AppData\\Local\\anaconda3\\Lib\\site-packages\\matplotlib\\mpl-data\\fonts\\ttf\\DejaVuSerif-BoldItalic.ttf', name='DejaVu Serif', style='italic', variant='normal', weight=700, stretch='normal', size='scalable')) = 11.335
2025-01-09 11:26:09,460 DEBUG:findfont: score(FontEntry(fname='C:\\Users\\chimpaleenantaphon\\AppData\\Local\\anaconda3\\Lib\\site-packages\\matplotlib\\mpl-data\\fonts\\ttf\\STIXNonUniBol.ttf', name='STIXNonUnicode', style='normal', variant='normal', weight=700, stretch='normal', size='scalable')) = 10.335
2025-01-09 11:26:09,461 DEBUG:findfont: score(FontEntry(fname='C:\\Users\\chimpaleenantaphon\\AppData\\Local\\anaconda3\\Lib\\site-packages\\matplotlib\\mpl-data\\fonts\\ttf\\STIXGeneral.ttf', name='STIXGeneral', style='normal', variant='normal', weight=400, stretch='normal', size='scalable')) = 10.05
2025-01-09 11:26:09,462 DEBUG:findfont: score(FontEntry(fname='C:\\Users\\chimpaleenantaphon\\AppData\\Local\\anaconda3\\Lib\\site-packages\\matplotlib\\mpl-data\\fonts\\ttf\\DejaVuSansMono.ttf', name='DejaVu Sans Mono', style='normal', variant='normal', weight=400, stretch='normal', size='scalable')) = 10.05
2025-01-09 11:26:09,462 DEBUG:findfont: score(FontEntry(fname='C:\\Users\\chimpaleenantaphon\\AppData\\Local\\anaconda3\\Lib\\site-packages\\matplotlib\\mpl-data\\fonts\\ttf\\DejaVuSans-Bold.ttf', name='DejaVu Sans', style='normal', variant='normal', weight=700, stretch='normal', size='scalable')) = 0.33499999999999996
2025-01-09 11:26:09,463 DEBUG:findfont: score(FontEntry(fname='C:\\Users\\chimpaleenantaphon\\AppData\\Local\\anaconda3\\Lib\\site-packages\\matplotlib\\mpl-data\\fonts\\ttf\\DejaVuSerif-Bold.ttf', name='DejaVu Serif', style='normal', variant='normal', weight=700, stretch='normal', size='scalable')) = 10.335
2025-01-09 11:26:09,463 DEBUG:findfont: score(FontEntry(fname='C:\\Users\\chimpaleenantaphon\\AppData\\Local\\anaconda3\\Lib\\site-packages\\matplotlib\\mpl-data\\fonts\\ttf\\STIXSizFourSymBol.ttf', name='STIXSizeFourSym', style='normal', variant='normal', weight=700, stretch='normal', size='scalable')) = 10.335
2025-01-09 11:26:09,464 DEBUG:findfont: score(FontEntry(fname='C:\\Users\\chimpaleenantaphon\\AppData\\Local\\anaconda3\\Lib\\site-packages\\matplotlib\\mpl-data\\fonts\\ttf\\STIXNonUni.ttf', name='STIXNonUnicode', style='normal', variant='normal', weight=400, stretch='normal', size='scalable')) = 10.05
2025-01-09 11:26:09,464 DEBUG:findfont: score(FontEntry(fname='C:\\Users\\chimpaleenantaphon\\AppData\\Local\\anaconda3\\Lib\\site-packages\\matplotlib\\mpl-data\\fonts\\ttf\\STIXNonUniBolIta.ttf', name='STIXNonUnicode', style='italic', variant='normal', weight=700, stretch='normal', size='scalable')) = 11.335
2025-01-09 11:26:09,465 DEBUG:findfont: score(FontEntry(fname='C:\\Users\\chimpaleenantaphon\\AppData\\Local\\anaconda3\\Lib\\site-packages\\matplotlib\\mpl-data\\fonts\\ttf\\DejaVuSansDisplay.ttf', name='DejaVu Sans Display', style='normal', variant='normal', weight=400, stretch='normal', size='scalable')) = 10.05
2025-01-09 11:26:09,465 DEBUG:findfont: score(FontEntry(fname='C:\\Users\\chimpaleenantaphon\\AppData\\Local\\anaconda3\\Lib\\site-packages\\matplotlib\\mpl-data\\fonts\\ttf\\DejaVuSerif-Italic.ttf', name='DejaVu Serif', style='italic', variant='normal', weight=400, stretch='normal', size='scalable')) = 11.05
2025-01-09 11:26:09,465 DEBUG:findfont: score(FontEntry(fname='C:\\Users\\chimpaleenantaphon\\AppData\\Local\\anaconda3\\Lib\\site-packages\\matplotlib\\mpl-data\\fonts\\ttf\\cmr10.ttf', name='cmr10', style='normal', variant='normal', weight=400, stretch='normal', size='scalable')) = 10.05
2025-01-09 11:26:09,466 DEBUG:findfont: score(FontEntry(fname='C:\\Users\\chimpaleenantaphon\\AppData\\Local\\anaconda3\\Lib\\site-packages\\matplotlib\\mpl-data\\fonts\\ttf\\cmss10.ttf', name='cmss10', style='normal', variant='normal', weight=400, stretch='normal', size='scalable')) = 10.05
2025-01-09 11:26:09,466 DEBUG:findfont: score(FontEntry(fname='C:\\Users\\chimpaleenantaphon\\AppData\\Local\\anaconda3\\Lib\\site-packages\\matplotlib\\mpl-data\\fonts\\ttf\\STIXSizTwoSymBol.ttf', name='STIXSizeTwoSym', style='normal', variant='normal', weight=700, stretch='normal', size='scalable')) = 10.335
2025-01-09 11:26:09,466 DEBUG:findfont: score(FontEntry(fname='C:\\Users\\chimpaleenantaphon\\AppData\\Local\\anaconda3\\Lib\\site-packages\\matplotlib\\mpl-data\\fonts\\ttf\\STIXGeneralBol.ttf', name='STIXGeneral', style='normal', variant='normal', weight=700, stretch='normal', size='scalable')) = 10.335
2025-01-09 11:26:09,467 DEBUG:findfont: score(FontEntry(fname='C:\\Users\\chimpaleenantaphon\\AppData\\Local\\anaconda3\\Lib\\site-packages\\matplotlib\\mpl-data\\fonts\\ttf\\cmmi10.ttf', name='cmmi10', style='normal', variant='normal', weight=400, stretch='normal', size='scalable')) = 10.05
2025-01-09 11:26:09,467 DEBUG:findfont: score(FontEntry(fname='C:\\Users\\chimpaleenantaphon\\AppData\\Local\\anaconda3\\Lib\\site-packages\\matplotlib\\mpl-data\\fonts\\ttf\\DejaVuSansMono-Bold.ttf', name='DejaVu Sans Mono', style='normal', variant='normal', weight=700, stretch='normal', size='scalable')) = 10.335
2025-01-09 11:26:09,468 DEBUG:findfont: score(FontEntry(fname='C:\\Users\\chimpaleenantaphon\\AppData\\Local\\anaconda3\\Lib\\site-packages\\matplotlib\\mpl-data\\fonts\\ttf\\DejaVuSans.ttf', name='DejaVu Sans', style='normal', variant='normal', weight=400, stretch='normal', size='scalable')) = 0.05
2025-01-09 11:26:09,468 DEBUG:findfont: score(FontEntry(fname='C:\\Users\\chimpaleenantaphon\\AppData\\Local\\anaconda3\\Lib\\site-packages\\matplotlib\\mpl-data\\fonts\\ttf\\STIXGeneralItalic.ttf', name='STIXGeneral', style='italic', variant='normal', weight=400, stretch='normal', size='scalable')) = 11.05
2025-01-09 11:26:09,469 DEBUG:findfont: score(FontEntry(fname='C:\\Users\\chimpaleenantaphon\\AppData\\Local\\anaconda3\\Lib\\site-packages\\matplotlib\\mpl-data\\fonts\\ttf\\STIXSizOneSymReg.ttf', name='STIXSizeOneSym', style='normal', variant='normal', weight=400, stretch='normal', size='scalable')) = 10.05
2025-01-09 11:26:09,469 DEBUG:findfont: score(FontEntry(fname='C:\\Users\\chimpaleenantaphon\\AppData\\Local\\anaconda3\\Lib\\site-packages\\matplotlib\\mpl-data\\fonts\\ttf\\DejaVuSans-Oblique.ttf', name='DejaVu Sans', style='oblique', variant='normal', weight=400, stretch='normal', size='scalable')) = 1.05
2025-01-09 11:26:09,469 DEBUG:findfont: score(FontEntry(fname='C:\\Users\\chimpaleenantaphon\\AppData\\Local\\anaconda3\\Lib\\site-packages\\matplotlib\\mpl-data\\fonts\\ttf\\cmtt10.ttf', name='cmtt10', style='normal', variant='normal', weight=400, stretch='normal', size='scalable')) = 10.05
2025-01-09 11:26:09,469 DEBUG:findfont: score(FontEntry(fname='C:\\Users\\chimpaleenantaphon\\AppData\\Local\\anaconda3\\Lib\\site-packages\\matplotlib\\mpl-data\\fonts\\ttf\\DejaVuSansMono-BoldOblique.ttf', name='DejaVu Sans Mono', style='oblique', variant='normal', weight=700, stretch='normal', size='scalable')) = 11.335
2025-01-09 11:26:09,470 DEBUG:findfont: score(FontEntry(fname='C:\\Users\\chimpaleenantaphon\\AppData\\Local\\anaconda3\\Lib\\site-packages\\matplotlib\\mpl-data\\fonts\\ttf\\DejaVuSerif.ttf', name='DejaVu Serif', style='normal', variant='normal', weight=400, stretch='normal', size='scalable')) = 10.05
2025-01-09 11:26:09,470 DEBUG:findfont: score(FontEntry(fname='C:\\Users\\chimpaleenantaphon\\AppData\\Local\\anaconda3\\Lib\\site-packages\\matplotlib\\mpl-data\\fonts\\ttf\\STIXNonUniIta.ttf', name='STIXNonUnicode', style='italic', variant='normal', weight=400, stretch='normal', size='scalable')) = 11.05
2025-01-09 11:26:09,470 DEBUG:findfont: score(FontEntry(fname='C:\\Users\\chimpaleenantaphon\\AppData\\Local\\anaconda3\\Lib\\site-packages\\matplotlib\\mpl-data\\fonts\\ttf\\STIXGeneralBolIta.ttf', name='STIXGeneral', style='italic', variant='normal', weight=700, stretch='normal', size='scalable')) = 11.335
2025-01-09 11:26:09,471 DEBUG:findfont: score(FontEntry(fname='C:\\Users\\chimpaleenantaphon\\AppData\\Local\\anaconda3\\Lib\\site-packages\\matplotlib\\mpl-data\\fonts\\ttf\\STIXSizFiveSymReg.ttf', name='STIXSizeFiveSym', style='normal', variant='normal', weight=400, stretch='normal', size='scalable')) = 10.05
2025-01-09 11:26:09,471 DEBUG:findfont: score(FontEntry(fname='C:\\Users\\chimpaleenantaphon\\AppData\\Local\\anaconda3\\Lib\\site-packages\\matplotlib\\mpl-data\\fonts\\ttf\\DejaVuSans-BoldOblique.ttf', name='DejaVu Sans', style='oblique', variant='normal', weight=700, stretch='normal', size='scalable')) = 1.335
2025-01-09 11:26:09,471 DEBUG:findfont: score(FontEntry(fname='C:\\Users\\chimpaleenantaphon\\AppData\\Local\\anaconda3\\Lib\\site-packages\\matplotlib\\mpl-data\\fonts\\ttf\\STIXSizOneSymBol.ttf', name='STIXSizeOneSym', style='normal', variant='normal', weight=700, stretch='normal', size='scalable')) = 10.335
2025-01-09 11:26:09,472 DEBUG:findfont: score(FontEntry(fname='C:\\Users\\chimpaleenantaphon\\AppData\\Local\\anaconda3\\Lib\\site-packages\\matplotlib\\mpl-data\\fonts\\ttf\\cmsy10.ttf', name='cmsy10', style='normal', variant='normal', weight=400, stretch='normal', size='scalable')) = 10.05
2025-01-09 11:26:09,472 DEBUG:findfont: score(FontEntry(fname='C:\\Users\\chimpaleenantaphon\\AppData\\Local\\anaconda3\\Lib\\site-packages\\matplotlib\\mpl-data\\fonts\\ttf\\DejaVuSerifDisplay.ttf', name='DejaVu Serif Display', style='normal', variant='normal', weight=400, stretch='normal', size='scalable')) = 10.05
2025-01-09 11:26:09,472 DEBUG:findfont: score(FontEntry(fname='C:\\Users\\chimpaleenantaphon\\AppData\\Local\\anaconda3\\Lib\\site-packages\\matplotlib\\mpl-data\\fonts\\ttf\\DejaVuSansMono-Oblique.ttf', name='DejaVu Sans Mono', style='oblique', variant='normal', weight=400, stretch='normal', size='scalable')) = 11.05
2025-01-09 11:26:09,473 DEBUG:findfont: score(FontEntry(fname='C:\\Users\\chimpaleenantaphon\\AppData\\Local\\anaconda3\\Lib\\site-packages\\matplotlib\\mpl-data\\fonts\\ttf\\STIXSizThreeSymBol.ttf', name='STIXSizeThreeSym', style='normal', variant='normal', weight=700, stretch='normal', size='scalable')) = 10.335
2025-01-09 11:26:09,473 DEBUG:findfont: score(FontEntry(fname='C:\\Windows\\Fonts\\PERTILI.TTF', name='Perpetua Titling MT', style='normal', variant='normal', weight=300, stretch='normal', size='scalable')) = 10.145
2025-01-09 11:26:09,473 DEBUG:findfont: score(FontEntry(fname='C:\\Windows\\Fonts\\OCRB.TTF', name='OCRB', style='normal', variant='normal', weight=400, stretch='normal', size='scalable')) = 10.05
2025-01-09 11:26:09,474 DEBUG:findfont: score(FontEntry(fname='C:\\Windows\\Fonts\\CALISTI.TTF', name='Calisto MT', style='italic', variant='normal', weight=400, stretch='normal', size='scalable')) = 11.05
2025-01-09 11:26:09,474 DEBUG:findfont: score(FontEntry(fname='C:\\Windows\\Fonts\\impact.ttf', name='Impact', style='normal', variant='normal', weight=400, stretch='normal', size='scalable')) = 10.05
2025-01-09 11:26:09,474 DEBUG:findfont: score(FontEntry(fname='C:\\Windows\\Fonts\\monosi.ttf', name='Monospac821 BT', style='italic', variant='normal', weight=400, stretch='normal', size='scalable')) = 11.05
2025-01-09 11:26:09,475 DEBUG:findfont: score(FontEntry(fname='C:\\Windows\\Fonts\\comicbd.ttf', name='Comic Sans MS', style='normal', variant='normal', weight=700, stretch='normal', size='scalable')) = 10.335
2025-01-09 11:26:09,475 DEBUG:findfont: score(FontEntry(fname='C:\\Windows\\Fonts\\micross.ttf', name='Microsoft Sans Serif', style='normal', variant='normal', weight=400, stretch='normal', size='scalable')) = 10.05
2025-01-09 11:26:09,475 DEBUG:findfont: score(FontEntry(fname='C:\\Windows\\Fonts\\GOTHIC.TTF', name='Century Gothic', style='normal', variant='normal', weight=400, stretch='normal', size='scalable')) = 10.05
2025-01-09 11:26:09,476 DEBUG:findfont: score(FontEntry(fname='C:\\Windows\\Fonts\\courbd.ttf', name='Courier New', style='normal', variant='normal', weight=700, stretch='normal', size='scalable')) = 10.335
2025-01-09 11:26:09,476 DEBUG:findfont: score(FontEntry(fname='C:\\Windows\\Fonts\\scripts_IV50.ttf', name='ScriptS', style='normal', variant='normal', weight=400, stretch='normal', size='scalable')) = 10.05
2025-01-09 11:26:09,477 DEBUG:findfont: score(FontEntry(fname='C:\\Windows\\Fonts\\WINGDNG3.TTF', name='Wingdings 3', style='normal', variant='normal', weight=400, stretch='normal', size='scalable')) = 10.05
2025-01-09 11:26:09,478 DEBUG:findfont: score(FontEntry(fname='C:\\Windows\\Fonts\\holomdl2.ttf', name='HoloLens MDL2 Assets', style='normal', variant='normal', weight=400, stretch='normal', size='scalable')) = 10.05
2025-01-09 11:26:09,479 DEBUG:findfont: score(FontEntry(fname='C:\\Windows\\Fonts\\arialbi.ttf', name='Arial', style='italic', variant='normal', weight=700, stretch='normal', size='scalable')) = 7.698636363636363
2025-01-09 11:26:09,479 DEBUG:findfont: score(FontEntry(fname='C:\\Windows\\Fonts\\greekc_IV25.ttf', name='GreekC', style='normal', variant='normal', weight=400, stretch='normal', size='scalable')) = 10.05
2025-01-09 11:26:09,480 DEBUG:findfont: score(FontEntry(fname='C:\\Windows\\Fonts\\monotxt_IV50.ttf', name='Monotxt', style='normal', variant='normal', weight=400, stretch='normal', size='scalable')) = 10.05
2025-01-09 11:26:09,480 DEBUG:findfont: score(FontEntry(fname='C:\\Windows\\Fonts\\consolai.ttf', name='Consolas', style='italic', variant='normal', weight=400, stretch='normal', size='scalable')) = 11.05
2025-01-09 11:26:09,480 DEBUG:findfont: score(FontEntry(fname='C:\\Windows\\Fonts\\SansSerifCollection.ttf', name='Sans Serif Collection', style='normal', variant='normal', weight=400, stretch='normal', size='scalable')) = 10.05
2025-01-09 11:26:09,481 DEBUG:findfont: score(FontEntry(fname='C:\\Windows\\Fonts\\simplex_IV50.ttf', name='Simplex', style='normal', variant='normal', weight=400, stretch='normal', size='scalable')) = 10.05
2025-01-09 11:26:09,481 DEBUG:findfont: score(FontEntry(fname='C:\\Windows\\Fonts\\mingliub.ttc', name='MingLiU-ExtB', style='normal', variant='normal', weight=400, stretch='normal', size='scalable')) = 10.05
2025-01-09 11:26:09,481 DEBUG:findfont: score(FontEntry(fname='C:\\Windows\\Fonts\\Artifakt Element Light Italic.ttf', name='Artifakt Element', style='italic', variant='normal', weight=300, stretch='normal', size='scalable')) = 11.145
2025-01-09 11:26:09,481 DEBUG:findfont: score(FontEntry(fname='C:\\Windows\\Fonts\\isoct2_IV50.ttf', name='ISOCT2', style='normal', variant='normal', weight=400, stretch='normal', size='scalable')) = 10.05
2025-01-09 11:26:09,482 DEBUG:findfont: score(FontEntry(fname='C:\\Windows\\Fonts\\YuGothL.ttc', name='Yu Gothic', style='normal', variant='normal', weight=300, stretch='normal', size='scalable')) = 10.145
2025-01-09 11:26:09,482 DEBUG:findfont: score(FontEntry(fname='C:\\Windows\\Fonts\\simplex_.ttf', name='Simplex', style='normal', variant='normal', weight=400, stretch='normal', size='scalable')) = 10.05
2025-01-09 11:26:09,483 DEBUG:findfont: score(FontEntry(fname='C:\\Windows\\Fonts\\trebuc.ttf', name='Trebuchet MS', style='normal', variant='normal', weight=400, stretch='normal', size='scalable')) = 10.05
2025-01-09 11:26:09,483 DEBUG:findfont: score(FontEntry(fname='C:\\Windows\\Fonts\\Artifakt Element Italic.ttf', name='Artifakt Element', style='italic', variant='normal', weight=400, stretch='normal', size='scalable')) = 11.05
2025-01-09 11:26:09,484 DEBUG:findfont: score(FontEntry(fname='C:\\Windows\\Fonts\\taileb.ttf', name='Microsoft Tai Le', style='normal', variant='normal', weight=700, stretch='normal', size='scalable')) = 10.335
2025-01-09 11:26:09,484 DEBUG:findfont: score(FontEntry(fname='C:\\Windows\\Fonts\\VINERITC.TTF', name='Viner Hand ITC', style='normal', variant='normal', weight=400, stretch='normal', size='scalable')) = 10.05
2025-01-09 11:26:09,485 DEBUG:findfont: score(FontEntry(fname='C:\\Windows\\Fonts\\mtproxy3.ttf', name='Proxy 3', style='normal', variant='normal', weight=400, stretch='normal', size='scalable')) = 10.05
2025-01-09 11:26:09,485 DEBUG:findfont: score(FontEntry(fname='C:\\Windows\\Fonts\\symath_IV50.ttf', name='Symath', style='normal', variant='normal', weight=400, stretch='normal', size='scalable')) = 10.05
2025-01-09 11:26:09,486 DEBUG:findfont: score(FontEntry(fname='C:\\Windows\\Fonts\\symeteo_IV25.ttf', name='Symeteo', style='normal', variant='normal', weight=400, stretch='normal', size='scalable')) = 10.05
2025-01-09 11:26:09,486 DEBUG:findfont: score(FontEntry(fname='C:\\Windows\\Fonts\\Amgdt_IV50.ttf', name='AMGDT_IV50', style='normal', variant='normal', weight=400, stretch='normal', size='scalable')) = 10.05
2025-01-09 11:26:09,486 DEBUG:findfont: score(FontEntry(fname='C:\\Windows\\Fonts\\GOUDYSTO.TTF', name='Goudy Stout', style='normal', variant='normal', weight=400, stretch='normal', size='scalable')) = 10.05
2025-01-09 11:26:09,487 DEBUG:findfont: score(FontEntry(fname='C:\\Windows\\Fonts\\OCRAEXT.TTF', name='OCR A Extended', style='normal', variant='normal', weight=400, stretch='expanded', size='scalable')) = 10.25
2025-01-09 11:26:09,487 DEBUG:findfont: score(FontEntry(fname='C:\\Windows\\Fonts\\syastro_IV25.ttf', name='Syastro', style='normal', variant='normal', weight=400, stretch='normal', size='scalable')) = 10.05
2025-01-09 11:26:09,487 DEBUG:findfont: score(FontEntry(fname='C:\\Windows\\Fonts\\ERASMD.TTF', name='Eras Medium ITC', style='normal', variant='normal', weight=400, stretch='normal', size='scalable')) = 10.05
2025-01-09 11:26:09,488 DEBUG:findfont: score(FontEntry(fname='C:\\Windows\\Fonts\\CENTAUR.TTF', name='Centaur', style='normal', variant='normal', weight=400, stretch='normal', size='scalable')) = 10.05
2025-01-09 11:26:09,488 DEBUG:findfont: score(FontEntry(fname='C:\\Windows\\Fonts\\txt_____.ttf', name='Txt', style='normal', variant='normal', weight=400, stretch='normal', size='scalable')) = 10.05
2025-01-09 11:26:09,488 DEBUG:findfont: score(FontEntry(fname='C:\\Windows\\Fonts\\ANTQUAI.TTF', name='Book Antiqua', style='italic', variant='normal', weight=400, stretch='normal', size='scalable')) = 11.05
2025-01-09 11:26:09,489 DEBUG:findfont: score(FontEntry(fname='C:\\Windows\\Fonts\\HGRME.TTC', name='HGMinchoE', style='normal', variant='normal', weight=400, stretch='normal', size='scalable')) = 10.05
2025-01-09 11:26:09,489 DEBUG:findfont: score(FontEntry(fname='C:\\Windows\\Fonts\\sansso__.ttf', name='SansSerif', style='oblique', variant='normal', weight=400, stretch='normal', size='scalable')) = 11.05
2025-01-09 11:26:09,489 DEBUG:findfont: score(FontEntry(fname='C:\\Windows\\Fonts\\SCHLBKBI.TTF', name='Century Schoolbook', style='italic', variant='normal', weight=700, stretch='normal', size='scalable')) = 11.335
2025-01-09 11:26:09,489 DEBUG:findfont: score(FontEntry(fname='C:\\Windows\\Fonts\\ARIALN.TTF', name='Arial', style='normal', variant='normal', weight=400, stretch='condensed', size='scalable')) = 6.613636363636363
2025-01-09 11:26:09,490 DEBUG:findfont: score(FontEntry(fname='C:\\Windows\\Fonts\\constanz.ttf', name='Constantia', style='italic', variant='normal', weight=700, stretch='normal', size='scalable')) = 11.335
2025-01-09 11:26:09,490 DEBUG:findfont: score(FontEntry(fname='C:\\Windows\\Fonts\\GOTHICB.TTF', name='Century Gothic', style='normal', variant='normal', weight=700, stretch='normal', size='scalable')) = 10.335
2025-01-09 11:26:09,490 DEBUG:findfont: score(FontEntry(fname='C:\\Windows\\Fonts\\GOUDOS.TTF', name='Goudy Old Style', style='normal', variant='normal', weight=400, stretch='normal', size='scalable')) = 10.05
2025-01-09 11:26:09,490 DEBUG:findfont: score(FontEntry(fname='C:\\Windows\\Fonts\\compi.ttf', name='CommercialPi BT', style='normal', variant='normal', weight=400, stretch='normal', size='scalable')) = 10.05
2025-01-09 11:26:09,490 DEBUG:findfont: score(FontEntry(fname='C:\\Windows\\Fonts\\stylu.ttf', name='Stylus BT', style='normal', variant='normal', weight=300, stretch='normal', size='scalable')) = 10.145
2025-01-09 11:26:09,491 DEBUG:findfont: score(FontEntry(fname='C:\\Windows\\Fonts\\FRABKIT.TTF', name='Franklin Gothic Book', style='italic', variant='normal', weight=400, stretch='normal', size='scalable')) = 11.05
2025-01-09 11:26:09,491 DEBUG:findfont: score(FontEntry(fname='C:\\Windows\\Fonts\\Artifakt Element Black.ttf', name='Artifakt Element', style='normal', variant='normal', weight=800, stretch='normal', size='scalable')) = 10.43
2025-01-09 11:26:09,492 DEBUG:findfont: score(FontEntry(fname='C:\\Windows\\Fonts\\symusic_.ttf', name='Symusic', style='normal', variant='normal', weight=400, stretch='normal', size='scalable')) = 10.05
2025-01-09 11:26:09,492 DEBUG:findfont: score(FontEntry(fname='C:\\Windows\\Fonts\\arialbd.ttf', name='Arial', style='normal', variant='normal', weight=700, stretch='normal', size='scalable')) = 6.698636363636363
2025-01-09 11:26:09,493 DEBUG:findfont: score(FontEntry(fname='C:\\Windows\\Fonts\\segoeprb.ttf', name='Segoe Print', style='normal', variant='normal', weight=700, stretch='normal', size='scalable')) = 10.335
2025-01-09 11:26:09,494 DEBUG:findfont: score(FontEntry(fname='C:\\Windows\\Fonts\\isocteur.ttf', name='ISOCTEUR', style='normal', variant='normal', weight=400, stretch='normal', size='scalable')) = 10.05
2025-01-09 11:26:09,494 DEBUG:findfont: score(FontEntry(fname='C:\\Windows\\Fonts\\verdanai.ttf', name='Verdana', style='italic', variant='normal', weight=400, stretch='normal', size='scalable')) = 4.6863636363636365
2025-01-09 11:26:09,495 DEBUG:findfont: score(FontEntry(fname='C:\\Windows\\Fonts\\DUBAI-LIGHT.TTF', name='Dubai', style='normal', variant='normal', weight=300, stretch='normal', size='scalable')) = 10.145
2025-01-09 11:26:09,495 DEBUG:findfont: score(FontEntry(fname='C:\\Windows\\Fonts\\italict_.ttf', name='ItalicT', style='italic', variant='normal', weight=400, stretch='normal', size='scalable')) = 11.05
2025-01-09 11:26:09,496 DEBUG:findfont: score(FontEntry(fname='C:\\Windows\\Fonts\\greeks_IV50.ttf', name='GreekS', style='normal', variant='normal', weight=400, stretch='normal', size='scalable')) = 10.05
2025-01-09 11:26:09,496 DEBUG:findfont: score(FontEntry(fname='C:\\Windows\\Fonts\\counb___.ttf', name='CountryBlueprint', style='normal', variant='normal', weight=400, stretch='normal', size='scalable')) = 10.05
2025-01-09 11:26:09,496 DEBUG:findfont: score(FontEntry(fname='C:\\Windows\\Fonts\\gadugi.ttf', name='Gadugi', style='normal', variant='normal', weight=400, stretch='normal', size='scalable')) = 10.05
2025-01-09 11:26:09,497 DEBUG:findfont: score(FontEntry(fname='C:\\Windows\\Fonts\\Artifakt Element Bold Italic.ttf', name='Artifakt Element', style='italic', variant='normal', weight=700, stretch='normal', size='scalable')) = 11.335
2025-01-09 11:26:09,497 DEBUG:findfont: score(FontEntry(fname='C:\\Windows\\Fonts\\HTOWERTI.TTF', name='High Tower Text', style='italic', variant='normal', weight=400, stretch='normal', size='scalable')) = 11.05
2025-01-09 11:26:09,497 DEBUG:findfont: score(FontEntry(fname='C:\\Windows\\Fonts\\WINGDNG2.TTF', name='Wingdings 2', style='normal', variant='normal', weight=400, stretch='normal', size='scalable')) = 10.05
2025-01-09 11:26:09,498 DEBUG:findfont: score(FontEntry(fname='C:\\Windows\\Fonts\\cambria.ttc', name='Cambria', style='normal', variant='normal', weight=400, stretch='normal', size='scalable')) = 10.05
2025-01-09 11:26:09,498 DEBUG:findfont: score(FontEntry(fname='C:\\Windows\\Fonts\\georgiai.ttf', name='Georgia', style='italic', variant='normal', weight=400, stretch='normal', size='scalable')) = 11.05
2025-01-09 11:26:09,499 DEBUG:findfont: score(FontEntry(fname='C:\\Windows\\Fonts\\POORICH.TTF', name='Poor Richard', style='normal', variant='normal', weight=400, stretch='normal', size='scalable')) = 10.05
2025-01-09 11:26:09,499 DEBUG:findfont: score(FontEntry(fname='C:\\Windows\\Fonts\\AcadEref.ttf', name='AcadEref', style='normal', variant='normal', weight=400, stretch='normal', size='scalable')) = 10.05
2025-01-09 11:26:09,499 DEBUG:findfont: score(FontEntry(fname='C:\\Windows\\Fonts\\LeelUIsl.ttf', name='Leelawadee UI', style='normal', variant='normal', weight=350, stretch='normal', size='scalable')) = 10.0975
2025-01-09 11:26:09,500 DEBUG:findfont: score(FontEntry(fname='C:\\Windows\\Fonts\\georgiaz.ttf', name='Georgia', style='italic', variant='normal', weight=700, stretch='normal', size='scalable')) = 11.335
2025-01-09 11:26:09,500 DEBUG:findfont: score(FontEntry(fname='C:\\Windows\\Fonts\\ERASDEMI.TTF', name='Eras Demi ITC', style='normal', variant='normal', weight=400, stretch='normal', size='scalable')) = 10.05
2025-01-09 11:26:09,500 DEBUG:findfont: score(FontEntry(fname='C:\\Windows\\Fonts\\FRADMCN.TTF', name='Franklin Gothic Demi Cond', style='normal', variant='normal', weight=400, stretch='condensed', size='scalable')) = 10.25
2025-01-09 11:26:09,501 DEBUG:findfont: score(FontEntry(fname='C:\\Windows\\Fonts\\swisse.ttf', name='Swis721 Ex BT', style='normal', variant='normal', weight=400, stretch='expanded', size='scalable')) = 10.25
2025-01-09 11:26:09,502 DEBUG:findfont: score(FontEntry(fname='C:\\Windows\\Fonts\\ARIALNB.TTF', name='Arial', style='normal', variant='normal', weight=700, stretch='condensed', size='scalable')) = 6.8986363636363635
2025-01-09 11:26:09,503 DEBUG:findfont: score(FontEntry(fname='C:\\Windows\\Fonts\\calibriz.ttf', name='Calibri', style='italic', variant='normal', weight=700, stretch='normal', size='scalable')) = 11.335
2025-01-09 11:26:09,503 DEBUG:findfont: score(FontEntry(fname='C:\\Windows\\Fonts\\yuminl.ttf', name='Yu Mincho', style='normal', variant='normal', weight=300, stretch='normal', size='scalable')) = 10.145
2025-01-09 11:26:09,504 DEBUG:findfont: score(FontEntry(fname='C:\\Windows\\Fonts\\technic_.ttf', name='Technic', style='normal', variant='normal', weight=400, stretch='normal', size='scalable')) = 10.05
2025-01-09 11:26:09,504 DEBUG:findfont: score(FontEntry(fname='C:\\Windows\\Fonts\\bgothl.ttf', name='BankGothic Lt BT', style='normal', variant='normal', weight=400, stretch='normal', size='scalable')) = 10.05
2025-01-09 11:26:09,505 DEBUG:findfont: score(FontEntry(fname='C:\\Windows\\Fonts\\msjhbd.ttc', name='Microsoft JhengHei', style='normal', variant='normal', weight=700, stretch='normal', size='scalable')) = 10.335
2025-01-09 11:26:09,506 DEBUG:findfont: score(FontEntry(fname='C:\\Windows\\Fonts\\SegoeIcons.ttf', name='Segoe Fluent Icons', style='normal', variant='normal', weight=400, stretch='normal', size='scalable')) = 10.05
2025-01-09 11:26:09,506 DEBUG:findfont: score(FontEntry(fname='C:\\Windows\\Fonts\\TCBI____.TTF', name='Tw Cen MT', style='italic', variant='normal', weight=700, stretch='normal', size='scalable')) = 11.335
2025-01-09 11:26:09,506 DEBUG:findfont: score(FontEntry(fname='C:\\Windows\\Fonts\\malgun.ttf', name='Malgun Gothic', style='normal', variant='normal', weight=400, stretch='normal', size='scalable')) = 10.05
2025-01-09 11:26:09,507 DEBUG:findfont: score(FontEntry(fname='C:\\Windows\\Fonts\\TCM_____.TTF', name='Tw Cen MT', style='normal', variant='normal', weight=400, stretch='normal', size='scalable')) = 10.05
2025-01-09 11:26:09,508 DEBUG:findfont: score(FontEntry(fname='C:\\Windows\\Fonts\\ROCKBI.TTF', name='Rockwell', style='italic', variant='normal', weight=700, stretch='normal', size='scalable')) = 11.335
2025-01-09 11:26:09,508 DEBUG:findfont: score(FontEntry(fname='C:\\Windows\\Fonts\\javatext.ttf', name='Javanese Text', style='normal', variant='normal', weight=400, stretch='normal', size='scalable')) = 10.05
2025-01-09 11:26:09,509 DEBUG:findfont: score(FontEntry(fname='C:\\Windows\\Fonts\\TCCM____.TTF', name='Tw Cen MT Condensed', style='normal', variant='normal', weight=400, stretch='condensed', size='scalable')) = 10.25
2025-01-09 11:26:09,509 DEBUG:findfont: score(FontEntry(fname='C:\\Windows\\Fonts\\timesbi.ttf', name='Times New Roman', style='italic', variant='normal', weight=700, stretch='normal', size='scalable')) = 11.335
2025-01-09 11:26:09,510 DEBUG:findfont: score(FontEntry(fname='C:\\Windows\\Fonts\\seguisym.ttf', name='Segoe UI Symbol', style='normal', variant='normal', weight=400, stretch='normal', size='scalable')) = 10.05
2025-01-09 11:26:09,510 DEBUG:findfont: score(FontEntry(fname='C:\\Windows\\Fonts\\PALSCRI.TTF', name='Palace Script MT', style='normal', variant='normal', weight=400, stretch='normal', size='scalable')) = 10.05
2025-01-09 11:26:09,511 DEBUG:findfont: score(FontEntry(fname='C:\\Windows\\Fonts\\TCCB____.TTF', name='Tw Cen MT Condensed', style='normal', variant='normal', weight=700, stretch='condensed', size='scalable')) = 10.535
2025-01-09 11:26:09,512 DEBUG:findfont: score(FontEntry(fname='C:\\Windows\\Fonts\\calibrib.ttf', name='Calibri', style='normal', variant='normal', weight=700, stretch='normal', size='scalable')) = 10.335
2025-01-09 11:26:09,513 DEBUG:findfont: score(FontEntry(fname='C:\\Windows\\Fonts\\ebrima.ttf', name='Ebrima', style='normal', variant='normal', weight=400, stretch='normal', size='scalable')) = 10.05
2025-01-09 11:26:09,513 DEBUG:findfont: score(FontEntry(fname='C:\\Windows\\Fonts\\DUBAI-MEDIUM.TTF', name='Dubai', style='normal', variant='normal', weight=500, stretch='normal', size='scalable')) = 10.145
2025-01-09 11:26:09,515 DEBUG:findfont: score(FontEntry(fname='C:\\Windows\\Fonts\\monotxt_.ttf', name='Monotxt', style='normal', variant='normal', weight=400, stretch='normal', size='scalable')) = 10.05
2025-01-09 11:26:09,515 DEBUG:findfont: score(FontEntry(fname='C:\\Windows\\Fonts\\segoesc.ttf', name='Segoe Script', style='normal', variant='normal', weight=400, stretch='normal', size='scalable')) = 10.05
2025-01-09 11:26:09,516 DEBUG:findfont: score(FontEntry(fname='C:\\Windows\\Fonts\\YuGothB.ttc', name='Yu Gothic', style='normal', variant='normal', weight=700, stretch='normal', size='scalable')) = 10.335
2025-01-09 11:26:09,516 DEBUG:findfont: score(FontEntry(fname='C:\\Windows\\Fonts\\dutch.ttf', name='Dutch801 Rm BT', style='normal', variant='normal', weight=400, stretch='normal', size='scalable')) = 10.05
2025-01-09 11:26:09,516 DEBUG:findfont: score(FontEntry(fname='C:\\Windows\\Fonts\\BIZ-UDGothicB.ttc', name='BIZ UDGothic', style='normal', variant='normal', weight=700, stretch='normal', size='scalable')) = 10.335
2025-01-09 11:26:09,517 DEBUG:findfont: score(FontEntry(fname='C:\\Windows\\Fonts\\NirmalaB.ttf', name='Nirmala UI', style='normal', variant='normal', weight=700, stretch='normal', size='scalable')) = 10.335
2025-01-09 11:26:09,517 DEBUG:findfont: score(FontEntry(fname='C:\\Windows\\Fonts\\himalaya.ttf', name='Microsoft Himalaya', style='normal', variant='normal', weight=400, stretch='normal', size='scalable')) = 10.05
2025-01-09 11:26:09,517 DEBUG:findfont: score(FontEntry(fname='C:\\Windows\\Fonts\\CALIFB.TTF', name='Californian FB', style='normal', variant='normal', weight=700, stretch='normal', size='scalable')) = 10.335
2025-01-09 11:26:09,518 DEBUG:findfont: score(FontEntry(fname='C:\\Windows\\Fonts\\mmrtextb.ttf', name='Myanmar Text', style='normal', variant='normal', weight=700, stretch='normal', size='scalable')) = 10.335
2025-01-09 11:26:09,518 DEBUG:findfont: score(FontEntry(fname='C:\\Windows\\Fonts\\JOKERMAN.TTF', name='Jokerman', style='normal', variant='normal', weight=400, stretch='normal', size='scalable')) = 10.05
2025-01-09 11:26:09,518 DEBUG:findfont: score(FontEntry(fname='C:\\Windows\\Fonts\\HGRGM.TTC', name='HGGothicM', style='normal', variant='normal', weight=400, stretch='normal', size='scalable')) = 10.05
2025-01-09 11:26:09,519 DEBUG:findfont: score(FontEntry(fname='C:\\Windows\\Fonts\\MTCORSVA.TTF', name='Monotype Corsiva', style='normal', variant='normal', weight=400, stretch='normal', size='scalable')) = 10.05
2025-01-09 11:26:09,519 DEBUG:findfont: score(FontEntry(fname='C:\\Windows\\Fonts\\ERASBD.TTF', name='Eras Bold ITC', style='normal', variant='normal', weight=400, stretch='normal', size='scalable')) = 10.05
2025-01-09 11:26:09,519 DEBUG:findfont: score(FontEntry(fname='C:\\Windows\\Fonts\\FRABK.TTF', name='Franklin Gothic Book', style='normal', variant='normal', weight=400, stretch='normal', size='scalable')) = 10.05
2025-01-09 11:26:09,520 DEBUG:findfont: score(FontEntry(fname='C:\\Windows\\Fonts\\verdanaz.ttf', name='Verdana', style='italic', variant='normal', weight=700, stretch='normal', size='scalable')) = 4.971363636363637
2025-01-09 11:26:09,520 DEBUG:findfont: score(FontEntry(fname='C:\\Windows\\Fonts\\scriptc_.ttf', name='ScriptC', style='normal', variant='normal', weight=400, stretch='normal', size='scalable')) = 10.05
2025-01-09 11:26:09,520 DEBUG:findfont: score(FontEntry(fname='C:\\Windows\\Fonts\\seguiemj.ttf', name='Segoe UI Emoji', style='normal', variant='normal', weight=400, stretch='normal', size='scalable')) = 10.05
2025-01-09 11:26:09,520 DEBUG:findfont: score(FontEntry(fname='C:\\Windows\\Fonts\\dutcheb.ttf', name='Dutch801 XBd BT', style='normal', variant='normal', weight=400, stretch='normal', size='scalable')) = 10.05
2025-01-09 11:26:09,521 DEBUG:findfont: score(FontEntry(fname='C:\\Windows\\Fonts\\Artifakt Element Heavy.ttf', name='Artifakt Element', style='normal', variant='normal', weight=900, stretch='normal', size='scalable')) = 10.525
2025-01-09 11:26:09,521 DEBUG:findfont: score(FontEntry(fname='C:\\Windows\\Fonts\\BRLNSDB.TTF', name='Berlin Sans FB Demi', style='normal', variant='normal', weight=700, stretch='normal', size='scalable')) = 10.335
2025-01-09 11:26:09,521 DEBUG:findfont: score(FontEntry(fname='C:\\Windows\\Fonts\\LTYPEBO.TTF', name='Lucida Sans Typewriter', style='oblique', variant='normal', weight=600, stretch='normal', size='scalable')) = 11.24
2025-01-09 11:26:09,522 DEBUG:findfont: score(FontEntry(fname='C:\\Windows\\Fonts\\italic_IV50.ttf', name='Italic', style='italic', variant='normal', weight=400, stretch='normal', size='scalable')) = 11.05
2025-01-09 11:26:09,522 DEBUG:findfont: score(FontEntry(fname='C:\\Windows\\Fonts\\bgothm.ttf', name='BankGothic Md BT', style='normal', variant='normal', weight=400, stretch='normal', size='scalable')) = 10.05
2025-01-09 11:26:09,522 DEBUG:findfont: score(FontEntry(fname='C:\\Windows\\Fonts\\LFAX.TTF', name='Lucida Fax', style='normal', variant='normal', weight=400, stretch='normal', size='scalable')) = 10.05
2025-01-09 11:26:09,523 DEBUG:findfont: score(FontEntry(fname='C:\\Windows\\Fonts\\FELIXTI.TTF', name='Felix Titling', style='normal', variant='normal', weight=400, stretch='normal', size='scalable')) = 10.05
2025-01-09 11:26:09,523 DEBUG:findfont: score(FontEntry(fname='C:\\Windows\\Fonts\\meiryo.ttc', name='Meiryo', style='normal', variant='normal', weight=400, stretch='normal', size='scalable')) = 10.05
2025-01-09 11:26:09,524 DEBUG:findfont: score(FontEntry(fname='C:\\Windows\\Fonts\\calibrii.ttf', name='Calibri', style='italic', variant='normal', weight=400, stretch='normal', size='scalable')) = 11.05
2025-01-09 11:26:09,524 DEBUG:findfont: score(FontEntry(fname='C:\\Windows\\Fonts\\BRITANIC.TTF', name='Britannic Bold', style='normal', variant='normal', weight=400, stretch='normal', size='scalable')) = 10.05
2025-01-09 11:26:09,524 DEBUG:findfont: score(FontEntry(fname='C:\\Windows\\Fonts\\BELL.TTF', name='Bell MT', style='normal', variant='normal', weight=400, stretch='normal', size='scalable')) = 10.05
2025-01-09 11:26:09,525 DEBUG:findfont: score(FontEntry(fname='C:\\Windows\\Fonts\\ROCKB.TTF', name='Rockwell', style='normal', variant='normal', weight=700, stretch='normal', size='scalable')) = 10.335
2025-01-09 11:26:09,525 DEBUG:findfont: score(FontEntry(fname='C:\\Windows\\Fonts\\COPRGTB.TTF', name='Copperplate Gothic Bold', style='normal', variant='normal', weight=400, stretch='normal', size='scalable')) = 10.05
2025-01-09 11:26:09,526 DEBUG:findfont: score(FontEntry(fname='C:\\Windows\\Fonts\\PERBI___.TTF', name='Perpetua', style='italic', variant='normal', weight=700, stretch='normal', size='scalable')) = 11.335
2025-01-09 11:26:09,526 DEBUG:findfont: score(FontEntry(fname='C:\\Windows\\Fonts\\BOD_CR.TTF', name='Bodoni MT', style='normal', variant='normal', weight=400, stretch='condensed', size='scalable')) = 10.25
2025-01-09 11:26:09,526 DEBUG:findfont: score(FontEntry(fname='C:\\Windows\\Fonts\\REFSPCL.TTF', name='MS Reference Specialty', style='normal', variant='normal', weight=400, stretch='normal', size='scalable')) = 10.05
2025-01-09 11:26:09,527 DEBUG:findfont: score(FontEntry(fname='C:\\Windows\\Fonts\\BOD_I.TTF', name='Bodoni MT', style='italic', variant='normal', weight=400, stretch='normal', size='scalable')) = 11.05
2025-01-09 11:26:09,527 DEBUG:findfont: score(FontEntry(fname='C:\\Windows\\Fonts\\verdana.ttf', name='Verdana', style='normal', variant='normal', weight=400, stretch='normal', size='scalable')) = 3.6863636363636365
2025-01-09 11:26:09,528 DEBUG:findfont: score(FontEntry(fname='C:\\Windows\\Fonts\\dutchi.ttf', name='Dutch801 Rm BT', style='italic', variant='normal', weight=400, stretch='normal', size='scalable')) = 11.05
2025-01-09 11:26:09,528 DEBUG:findfont: score(FontEntry(fname='C:\\Windows\\Fonts\\NIAGENG.TTF', name='Niagara Engraved', style='normal', variant='normal', weight=400, stretch='normal', size='scalable')) = 10.05
2025-01-09 11:26:09,529 DEBUG:findfont: score(FontEntry(fname='C:\\Windows\\Fonts\\isocpeur.ttf', name='ISOCPEUR', style='normal', variant='normal', weight=400, stretch='normal', size='scalable')) = 10.05
2025-01-09 11:26:09,529 DEBUG:findfont: score(FontEntry(fname='C:\\Windows\\Fonts\\corbel.ttf', name='Corbel', style='normal', variant='normal', weight=400, stretch='normal', size='scalable')) = 10.05
2025-01-09 11:26:09,529 DEBUG:findfont: score(FontEntry(fname='C:\\Windows\\Fonts\\ebrimabd.ttf', name='Ebrima', style='normal', variant='normal', weight=700, stretch='normal', size='scalable')) = 10.335
2025-01-09 11:26:09,530 DEBUG:findfont: score(FontEntry(fname='C:\\Windows\\Fonts\\ARLRDBD.TTF', name='Arial Rounded MT Bold', style='normal', variant='normal', weight=400, stretch='normal', size='scalable')) = 10.05
2025-01-09 11:26:09,530 DEBUG:findfont: score(FontEntry(fname='C:\\Windows\\Fonts\\comic.ttf', name='Comic Sans MS', style='normal', variant='normal', weight=400, stretch='normal', size='scalable')) = 10.05
2025-01-09 11:26:09,530 DEBUG:findfont: score(FontEntry(fname='C:\\Windows\\Fonts\\isoct2__.ttf', name='ISOCT2', style='normal', variant='normal', weight=400, stretch='normal', size='scalable')) = 10.05
2025-01-09 11:26:09,531 DEBUG:findfont: score(FontEntry(fname='C:\\Windows\\Fonts\\isocpeui.ttf', name='ISOCPEUR', style='italic', variant='normal', weight=400, stretch='normal', size='scalable')) = 11.05
2025-01-09 11:26:09,531 DEBUG:findfont: score(FontEntry(fname='C:\\Windows\\Fonts\\cambriab.ttf', name='Cambria', style='normal', variant='normal', weight=700, stretch='normal', size='scalable')) = 10.335
2025-01-09 11:26:09,531 DEBUG:findfont: score(FontEntry(fname='C:\\Windows\\Fonts\\ROCK.TTF', name='Rockwell', style='normal', variant='normal', weight=400, stretch='normal', size='scalable')) = 10.05
2025-01-09 11:26:09,532 DEBUG:findfont: score(FontEntry(fname='C:\\Windows\\Fonts\\BOD_CB.TTF', name='Bodoni MT', style='normal', variant='normal', weight=700, stretch='condensed', size='scalable')) = 10.535
2025-01-09 11:26:09,532 DEBUG:findfont: score(FontEntry(fname='C:\\Windows\\Fonts\\symap_IV50.ttf', name='Symap', style='normal', variant='normal', weight=400, stretch='normal', size='scalable')) = 10.05
2025-01-09 11:26:09,533 DEBUG:findfont: score(FontEntry(fname='C:\\Windows\\Fonts\\symusic_IV50.ttf', name='Symusic', style='normal', variant='normal', weight=400, stretch='normal', size='scalable')) = 10.05
2025-01-09 11:26:09,533 DEBUG:findfont: score(FontEntry(fname='C:\\Windows\\Fonts\\GIGI.TTF', name='Gigi', style='normal', variant='normal', weight=400, stretch='normal', size='scalable')) = 10.05
2025-01-09 11:26:09,533 DEBUG:findfont: score(FontEntry(fname='C:\\Windows\\Fonts\\constanb.ttf', name='Constantia', style='normal', variant='normal', weight=700, stretch='normal', size='scalable')) = 10.335
2025-01-09 11:26:09,534 DEBUG:findfont: score(FontEntry(fname='C:\\Windows\\Fonts\\symath_IV25.ttf', name='Symath', style='normal', variant='normal', weight=400, stretch='normal', size='scalable')) = 10.05
2025-01-09 11:26:09,534 DEBUG:findfont: score(FontEntry(fname='C:\\Windows\\Fonts\\BERNHC.TTF', name='Bernard MT Condensed', style='normal', variant='normal', weight=400, stretch='condensed', size='scalable')) = 10.25
2025-01-09 11:26:09,535 DEBUG:findfont: score(FontEntry(fname='C:\\Windows\\Fonts\\symbol.ttf', name='Symbol', style='normal', variant='normal', weight=400, stretch='normal', size='scalable')) = 10.05
2025-01-09 11:26:09,535 DEBUG:findfont: score(FontEntry(fname='C:\\Windows\\Fonts\\GOTHICI.TTF', name='Century Gothic', style='italic', variant='normal', weight=400, stretch='normal', size='scalable')) = 11.05
2025-01-09 11:26:09,535 DEBUG:findfont: score(FontEntry(fname='C:\\Windows\\Fonts\\gothici_.ttf', name='GothicI', style='normal', variant='normal', weight=400, stretch='normal', size='scalable')) = 10.05
2025-01-09 11:26:09,536 DEBUG:findfont: score(FontEntry(fname='C:\\Windows\\Fonts\\romantic.ttf', name='Romantic', style='normal', variant='normal', weight=400, stretch='normal', size='scalable')) = 10.05
2025-01-09 11:26:09,536 DEBUG:findfont: score(FontEntry(fname='C:\\Windows\\Fonts\\mvboli.ttf', name='MV Boli', style='normal', variant='normal', weight=400, stretch='normal', size='scalable')) = 10.05
2025-01-09 11:26:09,536 DEBUG:findfont: score(FontEntry(fname='C:\\Windows\\Fonts\\pala.ttf', name='Palatino Linotype', style='normal', variant='normal', weight=400, stretch='normal', size='scalable')) = 10.05
2025-01-09 11:26:09,536 DEBUG:findfont: score(FontEntry(fname='C:\\Windows\\Fonts\\corbelli.ttf', name='Corbel', style='italic', variant='normal', weight=300, stretch='normal', size='scalable')) = 11.145
2025-01-09 11:26:09,536 DEBUG:findfont: score(FontEntry(fname='C:\\Windows\\Fonts\\monos.ttf', name='Monospac821 BT', style='normal', variant='normal', weight=400, stretch='normal', size='scalable')) = 10.05
2025-01-09 11:26:09,536 DEBUG:findfont: score(FontEntry(fname='C:\\Windows\\Fonts\\ARIALNBI.TTF', name='Arial', style='italic', variant='normal', weight=700, stretch='condensed', size='scalable')) = 7.8986363636363635
2025-01-09 11:26:09,537 DEBUG:findfont: score(FontEntry(fname='C:\\Windows\\Fonts\\HGRSKP.TTF', name='HGSeikaishotaiPRO', style='normal', variant='normal', weight=400, stretch='normal', size='scalable')) = 10.05
2025-01-09 11:26:09,537 DEBUG:findfont: score(FontEntry(fname='C:\\Windows\\Fonts\\swissb.ttf', name='Swis721 BT', style='normal', variant='normal', weight=700, stretch='normal', size='scalable')) = 10.335
2025-01-09 11:26:09,537 DEBUG:findfont: score(FontEntry(fname='C:\\Windows\\Fonts\\swissel.ttf', name='Swis721 LtEx BT', style='normal', variant='normal', weight=400, stretch='expanded', size='scalable')) = 10.25
2025-01-09 11:26:09,538 DEBUG:findfont: score(FontEntry(fname='C:\\Windows\\Fonts\\isoct3_IV50.ttf', name='ISOCT3', style='normal', variant='normal', weight=400, stretch='normal', size='scalable')) = 10.05
2025-01-09 11:26:09,538 DEBUG:findfont: score(FontEntry(fname='C:\\Windows\\Fonts\\LeelawUI.ttf', name='Leelawadee UI', style='normal', variant='normal', weight=400, stretch='normal', size='scalable')) = 10.05
2025-01-09 11:26:09,538 DEBUG:findfont: score(FontEntry(fname='C:\\Windows\\Fonts\\constan.ttf', name='Constantia', style='normal', variant='normal', weight=400, stretch='normal', size='scalable')) = 10.05
2025-01-09 11:26:09,538 DEBUG:findfont: score(FontEntry(fname='C:\\Windows\\Fonts\\georgiab.ttf', name='Georgia', style='normal', variant='normal', weight=700, stretch='normal', size='scalable')) = 10.335
2025-01-09 11:26:09,539 DEBUG:findfont: score(FontEntry(fname='C:\\Windows\\Fonts\\ariali.ttf', name='Arial', style='italic', variant='normal', weight=400, stretch='normal', size='scalable')) = 7.413636363636363
2025-01-09 11:26:09,539 DEBUG:findfont: score(FontEntry(fname='C:\\Windows\\Fonts\\consolaz.ttf', name='Consolas', style='italic', variant='normal', weight=700, stretch='normal', size='scalable')) = 11.335
2025-01-09 11:26:09,539 DEBUG:findfont: score(FontEntry(fname='C:\\Windows\\Fonts\\swissl.ttf', name='Swis721 Lt BT', style='normal', variant='normal', weight=400, stretch='normal', size='scalable')) = 10.05
2025-01-09 11:26:09,539 DEBUG:findfont: score(FontEntry(fname='C:\\Windows\\Fonts\\isocp3__.ttf', name='ISOCP3', style='normal', variant='normal', weight=400, stretch='normal', size='scalable')) = 10.05
2025-01-09 11:26:09,540 DEBUG:findfont: score(FontEntry(fname='C:\\Windows\\Fonts\\mtproxy2.ttf', name='Proxy 2', style='normal', variant='normal', weight=400, stretch='normal', size='scalable')) = 10.05
2025-01-09 11:26:09,541 DEBUG:findfont: score(FontEntry(fname='C:\\Windows\\Fonts\\Artifakt Element Thin.ttf', name='Artifakt Element', style='normal', variant='normal', weight=200, stretch='normal', size='scalable')) = 10.24
2025-01-09 11:26:09,541 DEBUG:findfont: score(FontEntry(fname='C:\\Windows\\Fonts\\YuGothM.ttc', name='Yu Gothic', style='normal', variant='normal', weight=500, stretch='normal', size='scalable')) = 10.145
2025-01-09 11:26:09,541 DEBUG:findfont: score(FontEntry(fname='C:\\Windows\\Fonts\\seguihis.ttf', name='Segoe UI Historic', style='normal', variant='normal', weight=400, stretch='normal', size='scalable')) = 10.05
2025-01-09 11:26:09,541 DEBUG:findfont: score(FontEntry(fname='C:\\Windows\\Fonts\\BOD_CBI.TTF', name='Bodoni MT', style='italic', variant='normal', weight=700, stretch='condensed', size='scalable')) = 11.535
2025-01-09 11:26:09,542 DEBUG:findfont: score(FontEntry(fname='C:\\Windows\\Fonts\\GARA.TTF', name='Garamond', style='normal', variant='normal', weight=400, stretch='normal', size='scalable')) = 10.05
2025-01-09 11:26:09,542 DEBUG:findfont: score(FontEntry(fname='C:\\Windows\\Fonts\\palai.ttf', name='Palatino Linotype', style='italic', variant='normal', weight=400, stretch='normal', size='scalable')) = 11.05
2025-01-09 11:26:09,543 DEBUG:findfont: score(FontEntry(fname='C:\\Windows\\Fonts\\swissci.ttf', name='Swis721 Cn BT', style='italic', variant='normal', weight=400, stretch='condensed', size='scalable')) = 11.25
2025-01-09 11:26:09,543 DEBUG:findfont: score(FontEntry(fname='C:\\Windows\\Fonts\\LFAXDI.TTF', name='Lucida Fax', style='italic', variant='normal', weight=600, stretch='normal', size='scalable')) = 11.24
2025-01-09 11:26:09,543 DEBUG:findfont: score(FontEntry(fname='C:\\Windows\\Fonts\\BOD_BLAR.TTF', name='Bodoni MT', style='normal', variant='normal', weight=900, stretch='normal', size='scalable')) = 10.525
2025-01-09 11:26:09,544 DEBUG:findfont: score(FontEntry(fname='C:\\Windows\\Fonts\\swiss.ttf', name='Swis721 BT', style='normal', variant='normal', weight=400, stretch='normal', size='scalable')) = 10.05
2025-01-09 11:26:09,544 DEBUG:findfont: score(FontEntry(fname='C:\\Windows\\Fonts\\MATURASC.TTF', name='Matura MT Script Capitals', style='normal', variant='normal', weight=400, stretch='normal', size='scalable')) = 10.05
2025-01-09 11:26:09,545 DEBUG:findfont: score(FontEntry(fname='C:\\Windows\\Fonts\\HGRPP1.TTC', name='HGSoeiKakupoptai', style='normal', variant='normal', weight=400, stretch='normal', size='scalable')) = 10.05
2025-01-09 11:26:09,545 DEBUG:findfont: score(FontEntry(fname='C:\\Windows\\Fonts\\mtproxy4.ttf', name='Proxy 4', style='normal', variant='normal', weight=400, stretch='normal', size='scalable')) = 10.05
2025-01-09 11:26:09,546 DEBUG:findfont: score(FontEntry(fname='C:\\Windows\\Fonts\\isocp_IV25.ttf', name='ISOCP', style='normal', variant='normal', weight=400, stretch='normal', size='scalable')) = 10.05
2025-01-09 11:26:09,546 DEBUG:findfont: score(FontEntry(fname='C:\\Windows\\Fonts\\CASTELAR.TTF', name='Castellar', style='normal', variant='normal', weight=400, stretch='normal', size='scalable')) = 10.05
2025-01-09 11:26:09,547 DEBUG:findfont: score(FontEntry(fname='C:\\Windows\\Fonts\\Artifakt Element Hair.ttf', name='Artifakt Element', style='normal', variant='normal', weight=100, stretch='normal', size='scalable')) = 10.335
2025-01-09 11:26:09,547 DEBUG:findfont: score(FontEntry(fname='C:\\Windows\\Fonts\\LeelaUIb.ttf', name='Leelawadee UI', style='normal', variant='normal', weight=700, stretch='normal', size='scalable')) = 10.335
2025-01-09 11:26:09,547 DEBUG:findfont: score(FontEntry(fname='C:\\Windows\\Fonts\\BASKVILL.TTF', name='Baskerville Old Face', style='normal', variant='normal', weight=400, stretch='normal', size='scalable')) = 10.05
2025-01-09 11:26:09,548 DEBUG:findfont: score(FontEntry(fname='C:\\Windows\\Fonts\\romand__.ttf', name='RomanD', style='normal', variant='normal', weight=400, stretch='normal', size='scalable')) = 10.05
2025-01-09 11:26:09,548 DEBUG:findfont: score(FontEntry(fname='C:\\Windows\\Fonts\\sanssb__.ttf', name='SansSerif', style='normal', variant='normal', weight=700, stretch='normal', size='scalable')) = 10.335
2025-01-09 11:26:09,548 DEBUG:findfont: score(FontEntry(fname='C:\\Windows\\Fonts\\mtproxy6.ttf', name='Proxy 6', style='normal', variant='normal', weight=400, stretch='normal', size='scalable')) = 10.05
2025-01-09 11:26:09,549 DEBUG:findfont: score(FontEntry(fname='C:\\Windows\\Fonts\\segoeuiz.ttf', name='Segoe UI', style='italic', variant='normal', weight=700, stretch='normal', size='scalable')) = 11.335
2025-01-09 11:26:09,549 DEBUG:findfont: score(FontEntry(fname='C:\\Windows\\Fonts\\GARABD.TTF', name='Garamond', style='normal', variant='normal', weight=700, stretch='normal', size='scalable')) = 10.335
2025-01-09 11:26:09,549 DEBUG:findfont: score(FontEntry(fname='C:\\Windows\\Fonts\\BIZ-UDGothicR.ttc', name='BIZ UDGothic', style='normal', variant='normal', weight=400, stretch='normal', size='scalable')) = 10.05
2025-01-09 11:26:09,549 DEBUG:findfont: score(FontEntry(fname='C:\\Windows\\Fonts\\MSUIGHUR.TTF', name='Microsoft Uighur', style='normal', variant='normal', weight=400, stretch='normal', size='scalable')) = 10.05
2025-01-09 11:26:09,550 DEBUG:findfont: score(FontEntry(fname='C:\\Windows\\Fonts\\REFSAN.TTF', name='MS Reference Sans Serif', style='normal', variant='normal', weight=400, stretch='normal', size='scalable')) = 10.05
2025-01-09 11:26:09,550 DEBUG:findfont: score(FontEntry(fname='C:\\Windows\\Fonts\\NirmalaS.ttf', name='Nirmala UI', style='normal', variant='normal', weight=350, stretch='normal', size='scalable')) = 10.0975
2025-01-09 11:26:09,550 DEBUG:findfont: score(FontEntry(fname='C:\\Windows\\Fonts\\couri.ttf', name='Courier New', style='italic', variant='normal', weight=400, stretch='normal', size='scalable')) = 11.05
2025-01-09 11:26:09,551 DEBUG:findfont: score(FontEntry(fname='C:\\Windows\\Fonts\\constani.ttf', name='Constantia', style='italic', variant='normal', weight=400, stretch='normal', size='scalable')) = 11.05
2025-01-09 11:26:09,551 DEBUG:findfont: score(FontEntry(fname='C:\\Windows\\Fonts\\mtproxy9.ttf', name='Proxy 9', style='normal', variant='normal', weight=400, stretch='normal', size='scalable')) = 10.05
2025-01-09 11:26:09,551 DEBUG:findfont: score(FontEntry(fname='C:\\Windows\\Fonts\\BOD_CI.TTF', name='Bodoni MT', style='italic', variant='normal', weight=400, stretch='condensed', size='scalable')) = 11.25
2025-01-09 11:26:09,551 DEBUG:findfont: score(FontEntry(fname='C:\\Windows\\Fonts\\seguili.ttf', name='Segoe UI', style='italic', variant='normal', weight=300, stretch='normal', size='scalable')) = 11.145
2025-01-09 11:26:09,552 DEBUG:findfont: score(FontEntry(fname='C:\\Windows\\Fonts\\GOST Common Italic.ttf', name='GOST Common', style='italic', variant='normal', weight=400, stretch='normal', size='scalable')) = 11.05
2025-01-09 11:26:09,552 DEBUG:findfont: score(FontEntry(fname='C:\\Windows\\Fonts\\gadugib.ttf', name='Gadugi', style='normal', variant='normal', weight=700, stretch='normal', size='scalable')) = 10.335
2025-01-09 11:26:09,552 DEBUG:findfont: score(FontEntry(fname='C:\\Windows\\Fonts\\italicc_.ttf', name='ItalicC', style='italic', variant='normal', weight=400, stretch='normal', size='scalable')) = 11.05
2025-01-09 11:26:09,553 DEBUG:findfont: score(FontEntry(fname='C:\\Windows\\Fonts\\Candaraz.ttf', name='Candara', style='italic', variant='normal', weight=700, stretch='normal', size='scalable')) = 11.335
2025-01-09 11:26:09,553 DEBUG:findfont: score(FontEntry(fname='C:\\Windows\\Fonts\\tahoma.ttf', name='Tahoma', style='normal', variant='normal', weight=400, stretch='normal', size='scalable')) = 10.05
2025-01-09 11:26:09,553 DEBUG:findfont: score(FontEntry(fname='C:\\Windows\\Fonts\\HGRPRE.TTC', name='HGSoeiPresenceEB', style='normal', variant='normal', weight=400, stretch='normal', size='scalable')) = 10.05
2025-01-09 11:26:09,554 DEBUG:findfont: score(FontEntry(fname='C:\\Windows\\Fonts\\umath.ttf', name='UniversalMath1 BT', style='normal', variant='normal', weight=400, stretch='normal', size='scalable')) = 10.05
2025-01-09 11:26:09,554 DEBUG:findfont: score(FontEntry(fname='C:\\Windows\\Fonts\\FRADM.TTF', name='Franklin Gothic Demi', style='normal', variant='normal', weight=400, stretch='normal', size='scalable')) = 10.05
2025-01-09 11:26:09,554 DEBUG:findfont: score(FontEntry(fname='C:\\Windows\\Fonts\\CALISTBI.TTF', name='Calisto MT', style='italic', variant='normal', weight=700, stretch='normal', size='scalable')) = 11.335
2025-01-09 11:26:09,555 DEBUG:findfont: score(FontEntry(fname='C:\\Windows\\Fonts\\SNAP____.TTF', name='Snap ITC', style='normal', variant='normal', weight=400, stretch='normal', size='scalable')) = 10.05
2025-01-09 11:26:09,555 DEBUG:findfont: score(FontEntry(fname='C:\\Windows\\Fonts\\msjh.ttc', name='Microsoft JhengHei', style='normal', variant='normal', weight=400, stretch='normal', size='scalable')) = 10.05
2025-01-09 11:26:09,555 DEBUG:findfont: score(FontEntry(fname='C:\\Windows\\Fonts\\CALIST.TTF', name='Calisto MT', style='normal', variant='normal', weight=400, stretch='normal', size='scalable')) = 10.05
2025-01-09 11:26:09,556 DEBUG:findfont: score(FontEntry(fname='C:\\Windows\\Fonts\\BRLNSR.TTF', name='Berlin Sans FB', style='normal', variant='normal', weight=400, stretch='normal', size='scalable')) = 10.05
2025-01-09 11:26:09,556 DEBUG:findfont: score(FontEntry(fname='C:\\Windows\\Fonts\\cambriai.ttf', name='Cambria', style='italic', variant='normal', weight=400, stretch='normal', size='scalable')) = 11.05
2025-01-09 11:26:09,556 DEBUG:findfont: score(FontEntry(fname='C:\\Windows\\Fonts\\txt_IV25.ttf', name='Txt', style='normal', variant='normal', weight=400, stretch='normal', size='scalable')) = 10.05
2025-01-09 11:26:09,557 DEBUG:findfont: score(FontEntry(fname='C:\\Windows\\Fonts\\FRSCRIPT.TTF', name='French Script MT', style='normal', variant='normal', weight=400, stretch='normal', size='scalable')) = 10.05
2025-01-09 11:26:09,557 DEBUG:findfont: score(FontEntry(fname='C:\\Windows\\Fonts\\PRISTINA.TTF', name='Pristina', style='normal', variant='normal', weight=400, stretch='normal', size='scalable')) = 10.05
2025-01-09 11:26:09,558 DEBUG:findfont: score(FontEntry(fname='C:\\Windows\\Fonts\\calibri.ttf', name='Calibri', style='normal', variant='normal', weight=400, stretch='normal', size='scalable')) = 10.05
2025-01-09 11:26:09,558 DEBUG:findfont: score(FontEntry(fname='C:\\Windows\\Fonts\\ARIALNI.TTF', name='Arial', style='italic', variant='normal', weight=400, stretch='condensed', size='scalable')) = 7.613636363636363
2025-01-09 11:26:09,559 DEBUG:findfont: score(FontEntry(fname='C:\\Windows\\Fonts\\segoeuib.ttf', name='Segoe UI', style='normal', variant='normal', weight=700, stretch='normal', size='scalable')) = 10.335
2025-01-09 11:26:09,559 DEBUG:findfont: score(FontEntry(fname='C:\\Windows\\Fonts\\msjhl.ttc', name='Microsoft JhengHei', style='normal', variant='normal', weight=290, stretch='normal', size='scalable')) = 10.1545
2025-01-09 11:26:09,559 DEBUG:findfont: score(FontEntry(fname='C:\\Windows\\Fonts\\mtproxy1.ttf', name='Proxy 1', style='normal', variant='normal', weight=400, stretch='normal', size='scalable')) = 10.05
2025-01-09 11:26:09,560 DEBUG:findfont: score(FontEntry(fname='C:\\Windows\\Fonts\\BRADHITC.TTF', name='Bradley Hand ITC', style='normal', variant='normal', weight=400, stretch='normal', size='scalable')) = 10.05
2025-01-09 11:26:09,560 DEBUG:findfont: score(FontEntry(fname='C:\\Windows\\Fonts\\swisscki.ttf', name='Swis721 BlkCn BT', style='italic', variant='normal', weight=400, stretch='condensed', size='scalable')) = 11.25
2025-01-09 11:26:09,561 DEBUG:findfont: score(FontEntry(fname='C:\\Windows\\Fonts\\LSANS.TTF', name='Lucida Sans', style='normal', variant='normal', weight=400, stretch='normal', size='scalable')) = 10.05
2025-01-09 11:26:09,561 DEBUG:findfont: score(FontEntry(fname='C:\\Windows\\Fonts\\monbaiti.ttf', name='Mongolian Baiti', style='normal', variant='normal', weight=400, stretch='normal', size='scalable')) = 10.05
2025-01-09 11:26:09,562 DEBUG:findfont: score(FontEntry(fname='C:\\Windows\\Fonts\\LCALLIG.TTF', name='Lucida Calligraphy', style='italic', variant='normal', weight=400, stretch='normal', size='scalable')) = 11.05
2025-01-09 11:26:09,562 DEBUG:findfont: score(FontEntry(fname='C:\\Windows\\Fonts\\eurr____.ttf', name='EuroRoman', style='normal', variant='normal', weight=400, stretch='normal', size='scalable')) = 10.05
2025-01-09 11:26:09,563 DEBUG:findfont: score(FontEntry(fname='C:\\Windows\\Fonts\\supef___.ttf', name='SuperFrench', style='normal', variant='normal', weight=400, stretch='normal', size='scalable')) = 10.05
2025-01-09 11:26:09,563 DEBUG:findfont: score(FontEntry(fname='C:\\Windows\\Fonts\\swisski.ttf', name='Swis721 Blk BT', style='italic', variant='normal', weight=400, stretch='normal', size='scalable')) = 11.05
2025-01-09 11:26:09,563 DEBUG:findfont: score(FontEntry(fname='C:\\Windows\\Fonts\\trebucbd.ttf', name='Trebuchet MS', style='normal', variant='normal', weight=700, stretch='normal', size='scalable')) = 10.335
2025-01-09 11:26:09,564 DEBUG:findfont: score(FontEntry(fname='C:\\Windows\\Fonts\\tahomabd.ttf', name='Tahoma', style='normal', variant='normal', weight=700, stretch='normal', size='scalable')) = 10.335
2025-01-09 11:26:09,564 DEBUG:findfont: score(FontEntry(fname='C:\\Windows\\Fonts\\swissi.ttf', name='Swis721 BT', style='italic', variant='normal', weight=400, stretch='normal', size='scalable')) = 11.05
2025-01-09 11:26:09,564 DEBUG:findfont: score(FontEntry(fname='C:\\Windows\\Fonts\\GENISO.ttf', name='GENISO', style='normal', variant='normal', weight=400, stretch='normal', size='scalable')) = 10.05
2025-01-09 11:26:09,565 DEBUG:findfont: score(FontEntry(fname='C:\\Windows\\Fonts\\SitkaVF.ttf', name='Sitka', style='normal', variant='normal', weight=400, stretch='normal', size='scalable')) = 10.05
2025-01-09 11:26:09,565 DEBUG:findfont: score(FontEntry(fname='C:\\Windows\\Fonts\\GOTHICBI.TTF', name='Century Gothic', style='italic', variant='normal', weight=700, stretch='normal', size='scalable')) = 11.335
2025-01-09 11:26:09,565 DEBUG:findfont: score(FontEntry(fname='C:\\Windows\\Fonts\\italic_IV25.ttf', name='Italic', style='italic', variant='normal', weight=400, stretch='normal', size='scalable')) = 11.05
2025-01-09 11:26:09,566 DEBUG:findfont: score(FontEntry(fname='C:\\Windows\\Fonts\\isoct3_IV25.ttf', name='ISOCT3', style='normal', variant='normal', weight=400, stretch='normal', size='scalable')) = 10.05
2025-01-09 11:26:09,566 DEBUG:findfont: score(FontEntry(fname='C:\\Windows\\Fonts\\OUTLOOK.TTF', name='MS Outlook', style='normal', variant='normal', weight=400, stretch='normal', size='scalable')) = 10.05
2025-01-09 11:26:09,567 DEBUG:findfont: score(FontEntry(fname='C:\\Windows\\Fonts\\msyh.ttc', name='Microsoft YaHei', style='normal', variant='normal', weight=400, stretch='normal', size='scalable')) = 10.05
2025-01-09 11:26:09,567 DEBUG:findfont: score(FontEntry(fname='C:\\Windows\\Fonts\\corbelb.ttf', name='Corbel', style='normal', variant='normal', weight=700, stretch='normal', size='scalable')) = 10.335
2025-01-09 11:26:09,567 DEBUG:findfont: score(FontEntry(fname='C:\\Windows\\Fonts\\greeks_IV25.ttf', name='GreekS', style='normal', variant='normal', weight=400, stretch='normal', size='scalable')) = 10.05
2025-01-09 11:26:09,568 DEBUG:findfont: score(FontEntry(fname='C:\\Windows\\Fonts\\lucon.ttf', name='Lucida Console', style='normal', variant='normal', weight=400, stretch='normal', size='scalable')) = 10.05
2025-01-09 11:26:09,568 DEBUG:findfont: score(FontEntry(fname='C:\\Windows\\Fonts\\swissbo.ttf', name='Swis721 BdOul BT', style='normal', variant='normal', weight=400, stretch='normal', size='scalable')) = 10.05
2025-01-09 11:26:09,569 DEBUG:findfont: score(FontEntry(fname='C:\\Windows\\Fonts\\GILC____.TTF', name='Gill Sans MT Condensed', style='normal', variant='normal', weight=400, stretch='condensed', size='scalable')) = 10.25
2025-01-09 11:26:09,569 DEBUG:findfont: score(FontEntry(fname='C:\\Windows\\Fonts\\HGRMB.TTC', name='HGMinchoB', style='normal', variant='normal', weight=400, stretch='normal', size='scalable')) = 10.05
2025-01-09 11:26:09,569 DEBUG:findfont: score(FontEntry(fname='C:\\Windows\\Fonts\\simsun.ttc', name='SimSun', style='normal', variant='normal', weight=400, stretch='normal', size='scalable')) = 10.05
2025-01-09 11:26:09,570 DEBUG:findfont: score(FontEntry(fname='C:\\Windows\\Fonts\\monosbi.ttf', name='Monospac821 BT', style='italic', variant='normal', weight=700, stretch='normal', size='scalable')) = 11.335
2025-01-09 11:26:09,570 DEBUG:findfont: score(FontEntry(fname='C:\\Windows\\Fonts\\Inkfree.ttf', name='Ink Free', style='normal', variant='normal', weight=400, stretch='normal', size='scalable')) = 10.05
2025-01-09 11:26:09,570 DEBUG:findfont: score(FontEntry(fname='C:\\Windows\\Fonts\\SHOWG.TTF', name='Showcard Gothic', style='normal', variant='normal', weight=400, stretch='normal', size='scalable')) = 10.05
2025-01-09 11:26:09,571 DEBUG:findfont: score(FontEntry(fname='C:\\Windows\\Fonts\\FRAHVIT.TTF', name='Franklin Gothic Heavy', style='italic', variant='normal', weight=400, stretch='normal', size='scalable')) = 11.05
2025-01-09 11:26:09,571 DEBUG:findfont: score(FontEntry(fname='C:\\Windows\\Fonts\\BOOKOSBI.TTF', name='Bookman Old Style', style='italic', variant='normal', weight=600, stretch='normal', size='scalable')) = 11.24
2025-01-09 11:26:09,572 DEBUG:findfont: score(FontEntry(fname='C:\\Windows\\Fonts\\calibrili.ttf', name='Calibri', style='italic', variant='normal', weight=300, stretch='normal', size='scalable')) = 11.145
2025-01-09 11:26:09,572 DEBUG:findfont: score(FontEntry(fname='C:\\Windows\\Fonts\\FORTE.TTF', name='Forte', style='normal', variant='normal', weight=400, stretch='normal', size='scalable')) = 10.05
2025-01-09 11:26:09,572 DEBUG:findfont: score(FontEntry(fname='C:\\Windows\\Fonts\\swissck.ttf', name='Swis721 BlkCn BT', style='normal', variant='normal', weight=400, stretch='condensed', size='scalable')) = 10.25
2025-01-09 11:26:09,573 DEBUG:findfont: score(FontEntry(fname='C:\\Windows\\Fonts\\swissli.ttf', name='Swis721 Lt BT', style='italic', variant='normal', weight=400, stretch='normal', size='scalable')) = 11.05
2025-01-09 11:26:09,573 DEBUG:findfont: score(FontEntry(fname='C:\\Windows\\Fonts\\FRAMDCN.TTF', name='Franklin Gothic Medium Cond', style='normal', variant='normal', weight=400, stretch='condensed', size='scalable')) = 10.25
2025-01-09 11:26:09,574 DEBUG:findfont: score(FontEntry(fname='C:\\Windows\\Fonts\\HGRSGU.TTC', name='HGSoeiKakugothicUB', style='normal', variant='normal', weight=400, stretch='normal', size='scalable')) = 10.05
2025-01-09 11:26:09,574 DEBUG:findfont: score(FontEntry(fname='C:\\Windows\\Fonts\\Candaral.ttf', name='Candara', style='normal', variant='normal', weight=400, stretch='normal', size='scalable')) = 10.05
2025-01-09 11:26:09,574 DEBUG:findfont: score(FontEntry(fname='C:\\Windows\\Fonts\\syastro_.ttf', name='Syastro', style='normal', variant='normal', weight=400, stretch='normal', size='scalable')) = 10.05
2025-01-09 11:26:09,575 DEBUG:findfont: score(FontEntry(fname='C:\\Windows\\Fonts\\CENTURY.TTF', name='Century', style='normal', variant='normal', weight=400, stretch='normal', size='scalable')) = 10.05
2025-01-09 11:26:09,575 DEBUG:findfont: score(FontEntry(fname='C:\\Windows\\Fonts\\timesbd.ttf', name='Times New Roman', style='normal', variant='normal', weight=700, stretch='normal', size='scalable')) = 10.335
2025-01-09 11:26:09,576 DEBUG:findfont: score(FontEntry(fname='C:\\Windows\\Fonts\\BIZ-UDMinchoM.ttc', name='BIZ UDMincho', style='normal', variant='normal', weight=500, stretch='normal', size='scalable')) = 10.145
2025-01-09 11:26:09,576 DEBUG:findfont: score(FontEntry(fname='C:\\Windows\\Fonts\\Candarai.ttf', name='Candara', style='italic', variant='normal', weight=400, stretch='normal', size='scalable')) = 11.05
2025-01-09 11:26:09,577 DEBUG:findfont: score(FontEntry(fname='C:\\Windows\\Fonts\\GILB____.TTF', name='Gill Sans MT', style='normal', variant='normal', weight=700, stretch='normal', size='scalable')) = 10.335
2025-01-09 11:26:09,577 DEBUG:findfont: score(FontEntry(fname='C:\\Windows\\Fonts\\simsunb.ttf', name='SimSun-ExtB', style='normal', variant='normal', weight=400, stretch='normal', size='scalable')) = 10.05
2025-01-09 11:26:09,578 DEBUG:findfont: score(FontEntry(fname='C:\\Windows\\Fonts\\BRUSHSCI.TTF', name='Brush Script MT', style='italic', variant='normal', weight=400, stretch='normal', size='scalable')) = 11.05
2025-01-09 11:26:09,578 DEBUG:findfont: score(FontEntry(fname='C:\\Windows\\Fonts\\PARCHM.TTF', name='Parchment', style='normal', variant='normal', weight=400, stretch='normal', size='scalable')) = 10.05
2025-01-09 11:26:09,579 DEBUG:findfont: score(FontEntry(fname='C:\\Windows\\Fonts\\BSSYM7.TTF', name='Bookshelf Symbol 7', style='normal', variant='normal', weight=400, stretch='normal', size='scalable')) = 10.05
2025-01-09 11:26:09,579 DEBUG:findfont: score(FontEntry(fname='C:\\Windows\\Fonts\\BOD_PSTC.TTF', name='Bodoni MT', style='normal', variant='normal', weight=300, stretch='normal', size='scalable')) = 10.145
2025-01-09 11:26:09,579 DEBUG:findfont: score(FontEntry(fname='C:\\Windows\\Fonts\\seguisb.ttf', name='Segoe UI', style='normal', variant='normal', weight=600, stretch='normal', size='scalable')) = 10.24
2025-01-09 11:26:09,580 DEBUG:findfont: score(FontEntry(fname='C:\\Windows\\Fonts\\BELLB.TTF', name='Bell MT', style='normal', variant='normal', weight=700, stretch='normal', size='scalable')) = 10.335
2025-01-09 11:26:09,580 DEBUG:findfont: score(FontEntry(fname='C:\\Windows\\Fonts\\meiryob.ttc', name='Meiryo', style='normal', variant='normal', weight=700, stretch='normal', size='scalable')) = 10.335
2025-01-09 11:26:09,580 DEBUG:findfont: score(FontEntry(fname='C:\\Windows\\Fonts\\mtproxy8.ttf', name='Proxy 8', style='normal', variant='normal', weight=400, stretch='normal', size='scalable')) = 10.05
2025-01-09 11:26:09,581 DEBUG:findfont: score(FontEntry(fname='C:\\Windows\\Fonts\\greeks__.ttf', name='GreekS', style='normal', variant='normal', weight=400, stretch='normal', size='scalable')) = 10.05
2025-01-09 11:26:09,581 DEBUG:findfont: score(FontEntry(fname='C:\\Windows\\Fonts\\mtproxy5.ttf', name='Proxy 5', style='normal', variant='normal', weight=400, stretch='normal', size='scalable')) = 10.05
2025-01-09 11:26:09,582 DEBUG:findfont: score(FontEntry(fname='C:\\Windows\\Fonts\\isoct___.ttf', name='ISOCT', style='normal', variant='normal', weight=400, stretch='normal', size='scalable')) = 10.05
2025-01-09 11:26:09,582 DEBUG:findfont: score(FontEntry(fname='C:\\Windows\\Fonts\\PAPYRUS.TTF', name='Papyrus', style='normal', variant='normal', weight=400, stretch='normal', size='scalable')) = 10.05
2025-01-09 11:26:09,582 DEBUG:findfont: score(FontEntry(fname='C:\\Windows\\Fonts\\GILSANUB.TTF', name='Gill Sans Ultra Bold', style='normal', variant='normal', weight=400, stretch='normal', size='scalable')) = 10.05
2025-01-09 11:26:09,583 DEBUG:findfont: score(FontEntry(fname='C:\\Windows\\Fonts\\isocp2__.ttf', name='ISOCP2', style='normal', variant='normal', weight=400, stretch='normal', size='scalable')) = 10.05
2025-01-09 11:26:09,583 DEBUG:findfont: score(FontEntry(fname='C:\\Windows\\Fonts\\LTYPEO.TTF', name='Lucida Sans Typewriter', style='oblique', variant='normal', weight=400, stretch='normal', size='scalable')) = 11.05
2025-01-09 11:26:09,584 DEBUG:findfont: score(FontEntry(fname='C:\\Windows\\Fonts\\arial.ttf', name='Arial', style='normal', variant='normal', weight=400, stretch='normal', size='scalable')) = 6.413636363636363
2025-01-09 11:26:09,584 DEBUG:findfont: score(FontEntry(fname='C:\\Windows\\Fonts\\segoeuii.ttf', name='Segoe UI', style='italic', variant='normal', weight=400, stretch='normal', size='scalable')) = 11.05
2025-01-09 11:26:09,584 DEBUG:findfont: score(FontEntry(fname='C:\\Windows\\Fonts\\UDDigiKyokashoN-R.ttc', name='UD Digi Kyokasho N-R', style='normal', variant='normal', weight=400, stretch='normal', size='scalable')) = 10.05
2025-01-09 11:26:09,585 DEBUG:findfont: score(FontEntry(fname='C:\\Windows\\Fonts\\framd.ttf', name='Franklin Gothic Medium', style='normal', variant='normal', weight=400, stretch='normal', size='scalable')) = 10.05
2025-01-09 11:26:09,585 DEBUG:findfont: score(FontEntry(fname='C:\\Windows\\Fonts\\CALIFR.TTF', name='Californian FB', style='normal', variant='normal', weight=400, stretch='normal', size='scalable')) = 10.05
2025-01-09 11:26:09,585 DEBUG:findfont: score(FontEntry(fname='C:\\Windows\\Fonts\\BAUHS93.TTF', name='Bauhaus 93', style='normal', variant='normal', weight=400, stretch='normal', size='scalable')) = 10.05
2025-01-09 11:26:09,586 DEBUG:findfont: score(FontEntry(fname='C:\\Windows\\Fonts\\sanss___.ttf', name='SansSerif', style='normal', variant='normal', weight=400, stretch='normal', size='scalable')) = 10.05
2025-01-09 11:26:09,586 DEBUG:findfont: score(FontEntry(fname='C:\\Windows\\Fonts\\LHANDW.TTF', name='Lucida Handwriting', style='italic', variant='normal', weight=400, stretch='normal', size='scalable')) = 11.05
2025-01-09 11:26:09,586 DEBUG:findfont: score(FontEntry(fname='C:\\Windows\\Fonts\\AGENCYB.TTF', name='Agency FB', style='normal', variant='normal', weight=700, stretch='normal', size='scalable')) = 10.335
2025-01-09 11:26:09,587 DEBUG:findfont: score(FontEntry(fname='C:\\Windows\\Fonts\\framdit.ttf', name='Franklin Gothic Medium', style='italic', variant='normal', weight=400, stretch='normal', size='scalable')) = 11.05
2025-01-09 11:26:09,587 DEBUG:findfont: score(FontEntry(fname='C:\\Windows\\Fonts\\ntailu.ttf', name='Microsoft New Tai Lue', style='normal', variant='normal', weight=400, stretch='normal', size='scalable')) = 10.05
2025-01-09 11:26:09,588 DEBUG:findfont: score(FontEntry(fname='C:\\Windows\\Fonts\\timesi.ttf', name='Times New Roman', style='italic', variant='normal', weight=400, stretch='normal', size='scalable')) = 11.05
2025-01-09 11:26:09,588 DEBUG:findfont: score(FontEntry(fname='C:\\Windows\\Fonts\\swisscli.ttf', name='Swis721 LtCn BT', style='italic', variant='normal', weight=400, stretch='condensed', size='scalable')) = 11.25
2025-01-09 11:26:09,588 DEBUG:findfont: score(FontEntry(fname='C:\\Windows\\Fonts\\ALGER.TTF', name='Algerian', style='normal', variant='normal', weight=400, stretch='normal', size='scalable')) = 10.05
2025-01-09 11:26:09,589 DEBUG:findfont: score(FontEntry(fname='C:\\Windows\\Fonts\\DUBAI-REGULAR.TTF', name='Dubai', style='normal', variant='normal', weight=400, stretch='normal', size='scalable')) = 10.05
2025-01-09 11:26:09,589 DEBUG:findfont: score(FontEntry(fname='C:\\Windows\\Fonts\\corbeli.ttf', name='Corbel', style='italic', variant='normal', weight=400, stretch='normal', size='scalable')) = 11.05
2025-01-09 11:26:09,590 DEBUG:findfont: score(FontEntry(fname='C:\\Windows\\Fonts\\greekc_IV50.ttf', name='GreekC', style='normal', variant='normal', weight=400, stretch='normal', size='scalable')) = 10.05
2025-01-09 11:26:09,590 DEBUG:findfont: score(FontEntry(fname='C:\\Windows\\Fonts\\LTYPE.TTF', name='Lucida Sans Typewriter', style='normal', variant='normal', weight=400, stretch='normal', size='scalable')) = 10.05
2025-01-09 11:26:09,590 DEBUG:findfont: score(FontEntry(fname='C:\\Windows\\Fonts\\Artifakt Element LIght.ttf', name='Artifakt Element', style='normal', variant='normal', weight=300, stretch='normal', size='scalable')) = 10.145
2025-01-09 11:26:09,591 DEBUG:findfont: score(FontEntry(fname='C:\\Windows\\Fonts\\MOD20.TTF', name='Modern No. 20', style='normal', variant='normal', weight=400, stretch='normal', size='scalable')) = 10.05
2025-01-09 11:26:09,591 DEBUG:findfont: score(FontEntry(fname='C:\\Windows\\Fonts\\BOD_R.TTF', name='Bodoni MT', style='normal', variant='normal', weight=400, stretch='normal', size='scalable')) = 10.05
2025-01-09 11:26:09,591 DEBUG:findfont: score(FontEntry(fname='C:\\Windows\\Fonts\\malgunsl.ttf', name='Malgun Gothic', style='normal', variant='normal', weight=300, stretch='normal', size='scalable')) = 10.145
2025-01-09 11:26:09,591 DEBUG:findfont: score(FontEntry(fname='C:\\Windows\\Fonts\\segoescb.ttf', name='Segoe Script', style='normal', variant='normal', weight=700, stretch='normal', size='scalable')) = 10.335
2025-01-09 11:26:09,592 DEBUG:findfont: score(FontEntry(fname='C:\\Windows\\Fonts\\ariblk.ttf', name='Arial', style='normal', variant='normal', weight=900, stretch='normal', size='scalable')) = 6.888636363636364
2025-01-09 11:26:09,592 DEBUG:findfont: score(FontEntry(fname='C:\\Windows\\Fonts\\swissc.ttf', name='Swis721 Cn BT', style='normal', variant='normal', weight=400, stretch='condensed', size='scalable')) = 10.25
2025-01-09 11:26:09,592 DEBUG:findfont: score(FontEntry(fname='C:\\Windows\\Fonts\\swisseb.ttf', name='Swis721 Ex BT', style='normal', variant='normal', weight=700, stretch='expanded', size='scalable')) = 10.535
2025-01-09 11:26:09,593 DEBUG:findfont: score(FontEntry(fname='C:\\Windows\\Fonts\\yumin.ttf', name='Yu Mincho', style='normal', variant='normal', weight=400, stretch='normal', size='scalable')) = 10.05
2025-01-09 11:26:09,593 DEBUG:findfont: score(FontEntry(fname='C:\\Windows\\Fonts\\BOD_BLAI.TTF', name='Bodoni MT', style='italic', variant='normal', weight=900, stretch='normal', size='scalable')) = 11.525
2025-01-09 11:26:09,594 DEBUG:findfont: score(FontEntry(fname='C:\\Windows\\Fonts\\msyi.ttf', name='Microsoft Yi Baiti', style='normal', variant='normal', weight=400, stretch='normal', size='scalable')) = 10.05
2025-01-09 11:26:09,594 DEBUG:findfont: score(FontEntry(fname='C:\\Windows\\Fonts\\segoeui.ttf', name='Segoe UI', style='normal', variant='normal', weight=400, stretch='normal', size='scalable')) = 10.05
2025-01-09 11:26:09,594 DEBUG:findfont: score(FontEntry(fname='C:\\Windows\\Fonts\\BOD_BI.TTF', name='Bodoni MT', style='italic', variant='normal', weight=700, stretch='normal', size='scalable')) = 11.335
2025-01-09 11:26:09,596 DEBUG:findfont: score(FontEntry(fname='C:\\Windows\\Fonts\\MTEXTRA.TTF', name='MT Extra', style='normal', variant='normal', weight=400, stretch='normal', size='scalable')) = 10.05
2025-01-09 11:26:09,596 DEBUG:findfont: score(FontEntry(fname='C:\\Windows\\Fonts\\BRLNSB.TTF', name='Berlin Sans FB', style='normal', variant='normal', weight=700, stretch='normal', size='scalable')) = 10.335
2025-01-09 11:26:09,596 DEBUG:findfont: score(FontEntry(fname='C:\\Windows\\Fonts\\PER_____.TTF', name='Perpetua', style='normal', variant='normal', weight=400, stretch='normal', size='scalable')) = 10.05
2025-01-09 11:26:09,597 DEBUG:findfont: score(FontEntry(fname='C:\\Windows\\Fonts\\palab.ttf', name='Palatino Linotype', style='normal', variant='normal', weight=700, stretch='normal', size='scalable')) = 10.335
2025-01-09 11:26:09,597 DEBUG:findfont: score(FontEntry(fname='C:\\Windows\\Fonts\\symusic_IV25.ttf', name='Symusic', style='normal', variant='normal', weight=400, stretch='normal', size='scalable')) = 10.05
2025-01-09 11:26:09,597 DEBUG:findfont: score(FontEntry(fname='C:\\Windows\\Fonts\\gdt_IV50.ttf', name='GDT_IV50', style='normal', variant='normal', weight=400, stretch='normal', size='scalable')) = 10.05
2025-01-09 11:26:09,597 DEBUG:findfont: score(FontEntry(fname='C:\\Windows\\Fonts\\gdt_____.ttf', name='GDT', style='normal', variant='normal', weight=400, stretch='normal', size='scalable')) = 10.05
2025-01-09 11:26:09,598 DEBUG:findfont: score(FontEntry(fname='C:\\Windows\\Fonts\\vinet.ttf', name='Vineta BT', style='normal', variant='normal', weight=400, stretch='normal', size='scalable')) = 10.05
2025-01-09 11:26:09,598 DEBUG:findfont: score(FontEntry(fname='C:\\Windows\\Fonts\\greekc__.ttf', name='GreekC', style='normal', variant='normal', weight=400, stretch='normal', size='scalable')) = 10.05
2025-01-09 11:26:09,598 DEBUG:findfont: score(FontEntry(fname='C:\\Windows\\Fonts\\mtproxy7.ttf', name='Proxy 7', style='normal', variant='normal', weight=400, stretch='normal', size='scalable')) = 10.05
2025-01-09 11:26:09,599 DEBUG:findfont: score(FontEntry(fname='C:\\Windows\\Fonts\\romanc__.ttf', name='RomanC', style='normal', variant='normal', weight=400, stretch='normal', size='scalable')) = 10.05
2025-01-09 11:26:09,599 DEBUG:findfont: score(FontEntry(fname='C:\\Windows\\Fonts\\Artifakt Element Medium.ttf', name='Artifakt Element', style='normal', variant='normal', weight=600, stretch='normal', size='scalable')) = 10.24
2025-01-09 11:26:09,599 DEBUG:findfont: score(FontEntry(fname='C:\\Windows\\Fonts\\LATINWD.TTF', name='Wide Latin', style='normal', variant='normal', weight=400, stretch='expanded', size='scalable')) = 10.25
2025-01-09 11:26:09,600 DEBUG:findfont: score(FontEntry(fname='C:\\Windows\\Fonts\\swisscl.ttf', name='Swis721 LtCn BT', style='normal', variant='normal', weight=400, stretch='condensed', size='scalable')) = 10.25
2025-01-09 11:26:09,600 DEBUG:findfont: score(FontEntry(fname='C:\\Windows\\Fonts\\trebucit.ttf', name='Trebuchet MS', style='italic', variant='normal', weight=400, stretch='normal', size='scalable')) = 11.05
2025-01-09 11:26:09,600 DEBUG:findfont: score(FontEntry(fname='C:\\Windows\\Fonts\\PERB____.TTF', name='Perpetua', style='normal', variant='normal', weight=700, stretch='normal', size='scalable')) = 10.335
2025-01-09 11:26:09,601 DEBUG:findfont: score(FontEntry(fname='C:\\Windows\\Fonts\\FRAHV.TTF', name='Franklin Gothic Heavy', style='normal', variant='normal', weight=400, stretch='normal', size='scalable')) = 10.05
2025-01-09 11:26:09,601 DEBUG:findfont: score(FontEntry(fname='C:\\Windows\\Fonts\\simplex_IV25.ttf', name='Simplex', style='normal', variant='normal', weight=400, stretch='normal', size='scalable')) = 10.05
2025-01-09 11:26:09,601 DEBUG:findfont: score(FontEntry(fname='C:\\Windows\\Fonts\\GILI____.TTF', name='Gill Sans MT', style='italic', variant='normal', weight=400, stretch='normal', size='scalable')) = 11.05
2025-01-09 11:26:09,602 DEBUG:findfont: score(FontEntry(fname='C:\\Windows\\Fonts\\segoeuil.ttf', name='Segoe UI', style='normal', variant='normal', weight=300, stretch='normal', size='scalable')) = 10.145
2025-01-09 11:26:09,602 DEBUG:findfont: score(FontEntry(fname='C:\\Windows\\Fonts\\Artifakt Element Book.ttf', name='Artifakt Element', style='normal', variant='normal', weight=450, stretch='normal', size='scalable')) = 10.0975
2025-01-09 11:26:09,603 DEBUG:findfont: score(FontEntry(fname='C:\\Windows\\Fonts\\Candarali.ttf', name='Candara', style='italic', variant='normal', weight=400, stretch='normal', size='scalable')) = 11.05
2025-01-09 11:26:09,603 DEBUG:findfont: score(FontEntry(fname='C:\\Windows\\Fonts\\DUBAI-BOLD.TTF', name='Dubai', style='normal', variant='normal', weight=700, stretch='normal', size='scalable')) = 10.335
2025-01-09 11:26:09,603 DEBUG:findfont: score(FontEntry(fname='C:\\Windows\\Fonts\\FTLTLT.TTF', name='Footlight MT Light', style='normal', variant='normal', weight=300, stretch='normal', size='scalable')) = 10.145
2025-01-09 11:26:09,604 DEBUG:findfont: score(FontEntry(fname='C:\\Windows\\Fonts\\syastro_IV50.ttf', name='Syastro', style='normal', variant='normal', weight=400, stretch='normal', size='scalable')) = 10.05
2025-01-09 11:26:09,604 DEBUG:findfont: score(FontEntry(fname='C:\\Windows\\Fonts\\monosb.ttf', name='Monospac821 BT', style='normal', variant='normal', weight=700, stretch='normal', size='scalable')) = 10.335
2025-01-09 11:26:09,604 DEBUG:findfont: score(FontEntry(fname='C:\\Windows\\Fonts\\corbell.ttf', name='Corbel', style='normal', variant='normal', weight=300, stretch='normal', size='scalable')) = 10.145
2025-01-09 11:26:09,605 DEBUG:findfont: score(FontEntry(fname='C:\\Windows\\Fonts\\STENCIL.TTF', name='Stencil', style='normal', variant='normal', weight=400, stretch='normal', size='scalable')) = 10.05
2025-01-09 11:26:09,605 DEBUG:findfont: score(FontEntry(fname='C:\\Windows\\Fonts\\SCHLBKI.TTF', name='Century Schoolbook', style='italic', variant='normal', weight=400, stretch='normal', size='scalable')) = 11.05
2025-01-09 11:26:09,605 DEBUG:findfont: score(FontEntry(fname='C:\\Windows\\Fonts\\romant__.ttf', name='RomanT', style='normal', variant='normal', weight=400, stretch='normal', size='scalable')) = 10.05
2025-01-09 11:26:09,605 DEBUG:findfont: score(FontEntry(fname='C:\\Windows\\Fonts\\swissk.ttf', name='Swis721 Blk BT', style='normal', variant='normal', weight=400, stretch='normal', size='scalable')) = 10.05
2025-01-09 11:26:09,606 DEBUG:findfont: score(FontEntry(fname='C:\\Windows\\Fonts\\swissek.ttf', name='Swis721 BlkEx BT', style='normal', variant='normal', weight=400, stretch='expanded', size='scalable')) = 10.25
2025-01-09 11:26:09,606 DEBUG:findfont: score(FontEntry(fname='C:\\Windows\\Fonts\\JUICE___.TTF', name='Juice ITC', style='normal', variant='normal', weight=400, stretch='normal', size='scalable')) = 10.05
2025-01-09 11:26:09,606 DEBUG:findfont: score(FontEntry(fname='C:\\Windows\\Fonts\\SCHLBKB.TTF', name='Century Schoolbook', style='normal', variant='normal', weight=700, stretch='normal', size='scalable')) = 10.335
2025-01-09 11:26:09,606 DEBUG:findfont: score(FontEntry(fname='C:\\Windows\\Fonts\\symath__.ttf', name='Symath', style='normal', variant='normal', weight=400, stretch='normal', size='scalable')) = 10.05
2025-01-09 11:26:09,607 DEBUG:findfont: score(FontEntry(fname='C:\\Windows\\Fonts\\ITCKRIST.TTF', name='Kristen ITC', style='normal', variant='normal', weight=400, stretch='normal', size='scalable')) = 10.05
2025-01-09 11:26:09,607 DEBUG:findfont: score(FontEntry(fname='C:\\Windows\\Fonts\\seguibli.ttf', name='Segoe UI', style='italic', variant='normal', weight=900, stretch='normal', size='scalable')) = 11.525
2025-01-09 11:26:09,607 DEBUG:findfont: score(FontEntry(fname='C:\\Windows\\Fonts\\swissko.ttf', name='Swis721 BlkOul BT', style='normal', variant='normal', weight=400, stretch='normal', size='scalable')) = 10.05
2025-01-09 11:26:09,607 DEBUG:findfont: score(FontEntry(fname='C:\\Windows\\Fonts\\l_10646.ttf', name='Lucida Sans Unicode', style='normal', variant='normal', weight=400, stretch='normal', size='scalable')) = 10.05
2025-01-09 11:26:09,607 DEBUG:findfont: score(FontEntry(fname='C:\\Windows\\Fonts\\AMGDT___.ttf', name='AMGDT', style='normal', variant='normal', weight=400, stretch='normal', size='scalable')) = 10.05
2025-01-09 11:26:09,608 DEBUG:findfont: score(FontEntry(fname='C:\\Windows\\Fonts\\RAVIE.TTF', name='Ravie', style='normal', variant='normal', weight=400, stretch='normal', size='scalable')) = 10.05
2025-01-09 11:26:09,608 DEBUG:findfont: score(FontEntry(fname='C:\\Windows\\Fonts\\COOPBL.TTF', name='Cooper Black', style='normal', variant='normal', weight=400, stretch='normal', size='scalable')) = 10.05
2025-01-09 11:26:09,608 DEBUG:findfont: score(FontEntry(fname='C:\\Windows\\Fonts\\ROCKEB.TTF', name='Rockwell Extra Bold', style='normal', variant='normal', weight=800, stretch='normal', size='scalable')) = 10.43
2025-01-09 11:26:09,608 DEBUG:findfont: score(FontEntry(fname='C:\\Windows\\Fonts\\Gabriola.ttf', name='Gabriola', style='normal', variant='normal', weight=400, stretch='normal', size='scalable')) = 10.05
2025-01-09 11:26:09,609 DEBUG:findfont: score(FontEntry(fname='C:\\Windows\\Fonts\\PLAYBILL.TTF', name='Playbill', style='normal', variant='normal', weight=400, stretch='normal', size='scalable')) = 10.05
2025-01-09 11:26:09,609 DEBUG:findfont: score(FontEntry(fname='C:\\Windows\\Fonts\\times.ttf', name='Times New Roman', style='normal', variant='normal', weight=400, stretch='normal', size='scalable')) = 10.05
2025-01-09 11:26:09,609 DEBUG:findfont: score(FontEntry(fname='C:\\Windows\\Fonts\\Candara.ttf', name='Candara', style='normal', variant='normal', weight=400, stretch='normal', size='scalable')) = 10.05
2025-01-09 11:26:09,610 DEBUG:findfont: score(FontEntry(fname='C:\\Windows\\Fonts\\isocteui.ttf', name='ISOCTEUR', style='italic', variant='normal', weight=400, stretch='normal', size='scalable')) = 11.05
2025-01-09 11:26:09,610 DEBUG:findfont: score(FontEntry(fname='C:\\Windows\\Fonts\\HGRKK.TTC', name='HGKyokashotai', style='normal', variant='normal', weight=400, stretch='normal', size='scalable')) = 10.05
2025-01-09 11:26:09,611 DEBUG:findfont: score(FontEntry(fname='C:\\Windows\\Fonts\\comici.ttf', name='Comic Sans MS', style='italic', variant='normal', weight=400, stretch='normal', size='scalable')) = 11.05
2025-01-09 11:26:09,611 DEBUG:findfont: score(FontEntry(fname='C:\\Windows\\Fonts\\comicz.ttf', name='Comic Sans MS', style='italic', variant='normal', weight=700, stretch='normal', size='scalable')) = 11.335
2025-01-09 11:26:09,612 DEBUG:findfont: score(FontEntry(fname='C:\\Windows\\Fonts\\Artifakt Element Medium Italic.ttf', name='Artifakt Element', style='italic', variant='normal', weight=600, stretch='normal', size='scalable')) = 11.24
2025-01-09 11:26:09,612 DEBUG:findfont: score(FontEntry(fname='C:\\Windows\\Fonts\\swisscb.ttf', name='Swis721 Cn BT', style='normal', variant='normal', weight=700, stretch='condensed', size='scalable')) = 10.535
2025-01-09 11:26:09,612 DEBUG:findfont: score(FontEntry(fname='C:\\Windows\\Fonts\\CHILLER.TTF', name='Chiller', style='normal', variant='normal', weight=400, stretch='normal', size='scalable')) = 10.05
2025-01-09 11:26:09,612 DEBUG:findfont: score(FontEntry(fname='C:\\Windows\\Fonts\\GLSNECB.TTF', name='Gill Sans MT Ext Condensed Bold', style='normal', variant='normal', weight=400, stretch='condensed', size='scalable')) = 10.25
2025-01-09 11:26:09,612 DEBUG:findfont: score(FontEntry(fname='C:\\Windows\\Fonts\\GARAIT.TTF', name='Garamond', style='italic', variant='normal', weight=400, stretch='normal', size='scalable')) = 11.05
2025-01-09 11:26:09,613 DEBUG:findfont: score(FontEntry(fname='C:\\Windows\\Fonts\\INFROMAN.TTF', name='Informal Roman', style='normal', variant='normal', weight=400, stretch='normal', size='scalable')) = 10.05
2025-01-09 11:26:09,613 DEBUG:findfont: score(FontEntry(fname='C:\\Windows\\Fonts\\Artifakt Element Bold.ttf', name='Artifakt Element', style='normal', variant='normal', weight=700, stretch='normal', size='scalable')) = 10.335
2025-01-09 11:26:09,613 DEBUG:findfont: score(FontEntry(fname='C:\\Windows\\Fonts\\symap___.ttf', name='Symap', style='normal', variant='normal', weight=400, stretch='normal', size='scalable')) = 10.05
2025-01-09 11:26:09,614 DEBUG:findfont: score(FontEntry(fname='C:\\Windows\\Fonts\\LTYPEB.TTF', name='Lucida Sans Typewriter', style='normal', variant='normal', weight=600, stretch='normal', size='scalable')) = 10.24
2025-01-09 11:26:09,614 DEBUG:findfont: score(FontEntry(fname='C:\\Windows\\Fonts\\italic__.ttf', name='Italic', style='italic', variant='normal', weight=400, stretch='normal', size='scalable')) = 11.05
2025-01-09 11:26:09,614 DEBUG:findfont: score(FontEntry(fname='C:\\Windows\\Fonts\\cour.ttf', name='Courier New', style='normal', variant='normal', weight=400, stretch='normal', size='scalable')) = 10.05
2025-01-09 11:26:09,614 DEBUG:findfont: score(FontEntry(fname='C:\\Windows\\Fonts\\seguisbi.ttf', name='Segoe UI', style='italic', variant='normal', weight=600, stretch='normal', size='scalable')) = 11.24
2025-01-09 11:26:09,615 DEBUG:findfont: score(FontEntry(fname='C:\\Windows\\Fonts\\VIVALDII.TTF', name='Vivaldi', style='italic', variant='normal', weight=400, stretch='normal', size='scalable')) = 11.05
2025-01-09 11:26:09,615 DEBUG:findfont: score(FontEntry(fname='C:\\Windows\\Fonts\\TCB_____.TTF', name='Tw Cen MT', style='normal', variant='normal', weight=700, stretch='normal', size='scalable')) = 10.335
2025-01-09 11:26:09,615 DEBUG:findfont: score(FontEntry(fname='C:\\Windows\\Fonts\\Artifakt Element Hair Italic.ttf', name='Artifakt Element', style='italic', variant='normal', weight=100, stretch='normal', size='scalable')) = 11.335
2025-01-09 11:26:09,615 DEBUG:findfont: score(FontEntry(fname='C:\\Windows\\Fonts\\ELEPHNT.TTF', name='Elephant', style='normal', variant='normal', weight=400, stretch='normal', size='scalable')) = 10.05
2025-01-09 11:26:09,616 DEBUG:findfont: score(FontEntry(fname='C:\\Windows\\Fonts\\symap_IV25.ttf', name='Symap', style='normal', variant='normal', weight=400, stretch='normal', size='scalable')) = 10.05
2025-01-09 11:26:09,616 DEBUG:findfont: score(FontEntry(fname='C:\\Windows\\Fonts\\BOD_B.TTF', name='Bodoni MT', style='normal', variant='normal', weight=700, stretch='normal', size='scalable')) = 10.335
2025-01-09 11:26:09,616 DEBUG:findfont: score(FontEntry(fname='C:\\Windows\\Fonts\\romans_IV50.ttf', name='RomanS', style='normal', variant='normal', weight=400, stretch='normal', size='scalable')) = 10.05
2025-01-09 11:26:09,616 DEBUG:findfont: score(FontEntry(fname='C:\\Windows\\Fonts\\phagspa.ttf', name='Microsoft PhagsPa', style='normal', variant='normal', weight=400, stretch='normal', size='scalable')) = 10.05
2025-01-09 11:26:09,617 DEBUG:findfont: score(FontEntry(fname='C:\\Windows\\Fonts\\ROCC____.TTF', name='Rockwell Condensed', style='normal', variant='normal', weight=400, stretch='condensed', size='scalable')) = 10.25
2025-01-09 11:26:09,617 DEBUG:findfont: score(FontEntry(fname='C:\\Windows\\Fonts\\RAGE.TTF', name='Rage Italic', style='italic', variant='normal', weight=400, stretch='normal', size='scalable')) = 11.05
2025-01-09 11:26:09,617 DEBUG:findfont: score(FontEntry(fname='C:\\Windows\\Fonts\\Artifakt Element Thin Italic.ttf', name='Artifakt Element', style='italic', variant='normal', weight=200, stretch='normal', size='scalable')) = 11.24
2025-01-09 11:26:09,617 DEBUG:findfont: score(FontEntry(fname='C:\\Windows\\Fonts\\GOUDOSI.TTF', name='Goudy Old Style', style='italic', variant='normal', weight=400, stretch='normal', size='scalable')) = 11.05
2025-01-09 11:26:09,617 DEBUG:findfont: score(FontEntry(fname='C:\\Windows\\Fonts\\FREESCPT.TTF', name='Freestyle Script', style='normal', variant='normal', weight=400, stretch='normal', size='scalable')) = 10.05
2025-01-09 11:26:09,618 DEBUG:findfont: score(FontEntry(fname='C:\\Windows\\Fonts\\isoct2_IV25.ttf', name='ISOCT2', style='normal', variant='normal', weight=400, stretch='normal', size='scalable')) = 10.05
2025-01-09 11:26:09,619 DEBUG:findfont: score(FontEntry(fname='C:\\Windows\\Fonts\\romans__.ttf', name='RomanS', style='normal', variant='normal', weight=400, stretch='normal', size='scalable')) = 10.05
2025-01-09 11:26:09,619 DEBUG:findfont: score(FontEntry(fname='C:\\Windows\\Fonts\\SitkaVF-Italic.ttf', name='Sitka', style='italic', variant='normal', weight=400, stretch='normal', size='scalable')) = 11.05
2025-01-09 11:26:09,620 DEBUG:findfont: score(FontEntry(fname='C:\\Windows\\Fonts\\dutchb.ttf', name='Dutch801 Rm BT', style='normal', variant='normal', weight=700, stretch='normal', size='scalable')) = 10.335
2025-01-09 11:26:09,621 DEBUG:findfont: score(FontEntry(fname='C:\\Windows\\Fonts\\isocp3_IV50.ttf', name='ISOCP3', style='normal', variant='normal', weight=400, stretch='normal', size='scalable')) = 10.05
2025-01-09 11:26:09,621 DEBUG:findfont: score(FontEntry(fname='C:\\Windows\\Fonts\\GILLUBCD.TTF', name='Gill Sans Ultra Bold Condensed', style='normal', variant='normal', weight=400, stretch='condensed', size='scalable')) = 10.25
2025-01-09 11:26:09,621 DEBUG:findfont: score(FontEntry(fname='C:\\Windows\\Fonts\\swisscbi.ttf', name='Swis721 Cn BT', style='italic', variant='normal', weight=700, stretch='condensed', size='scalable')) = 11.535
2025-01-09 11:26:09,622 DEBUG:findfont: score(FontEntry(fname='C:\\Windows\\Fonts\\SCRIPTBL.TTF', name='Script MT Bold', style='normal', variant='normal', weight=700, stretch='normal', size='scalable')) = 10.335
2025-01-09 11:26:09,623 DEBUG:findfont: score(FontEntry(fname='C:\\Windows\\Fonts\\gothicg_.ttf', name='GothicG', style='normal', variant='normal', weight=400, stretch='normal', size='scalable')) = 10.05
2025-01-09 11:26:09,623 DEBUG:findfont: score(FontEntry(fname='C:\\Windows\\Fonts\\HGRSMP.TTF', name='HGMaruGothicMPRO', style='normal', variant='normal', weight=400, stretch='normal', size='scalable')) = 10.05
2025-01-09 11:26:09,624 DEBUG:findfont: score(FontEntry(fname='C:\\Windows\\Fonts\\isocp2_IV25.ttf', name='ISOCP2', style='normal', variant='normal', weight=400, stretch='normal', size='scalable')) = 10.05
2025-01-09 11:26:09,624 DEBUG:findfont: score(FontEntry(fname='C:\\Windows\\Fonts\\bahnschrift.ttf', name='Bahnschrift', style='normal', variant='normal', weight=400, stretch='normal', size='scalable')) = 10.05
2025-01-09 11:26:09,624 DEBUG:findfont: score(FontEntry(fname='C:\\Windows\\Fonts\\phagspab.ttf', name='Microsoft PhagsPa', style='normal', variant='normal', weight=700, stretch='normal', size='scalable')) = 10.335
2025-01-09 11:26:09,625 DEBUG:findfont: score(FontEntry(fname='C:\\Windows\\Fonts\\calibril.ttf', name='Calibri', style='normal', variant='normal', weight=300, stretch='normal', size='scalable')) = 10.145
2025-01-09 11:26:09,625 DEBUG:findfont: score(FontEntry(fname='C:\\Windows\\Fonts\\Artifakt Element Black Italic.ttf', name='Artifakt Element', style='italic', variant='normal', weight=800, stretch='normal', size='scalable')) = 11.43
2025-01-09 11:26:09,625 DEBUG:findfont: score(FontEntry(fname='C:\\Windows\\Fonts\\consola.ttf', name='Consolas', style='normal', variant='normal', weight=400, stretch='normal', size='scalable')) = 10.05
2025-01-09 11:26:09,625 DEBUG:findfont: score(FontEntry(fname='C:\\Windows\\Fonts\\PERI____.TTF', name='Perpetua', style='italic', variant='normal', weight=400, stretch='normal', size='scalable')) = 11.05
2025-01-09 11:26:09,626 DEBUG:findfont: score(FontEntry(fname='C:\\Windows\\Fonts\\techb___.ttf', name='TechnicBold', style='normal', variant='normal', weight=400, stretch='normal', size='scalable')) = 10.05
2025-01-09 11:26:09,626 DEBUG:findfont: score(FontEntry(fname='C:\\Windows\\Fonts\\trebucbi.ttf', name='Trebuchet MS', style='italic', variant='normal', weight=700, stretch='normal', size='scalable')) = 11.335
2025-01-09 11:26:09,627 DEBUG:findfont: score(FontEntry(fname='C:\\Windows\\Fonts\\UDDigiKyokashoN-B.ttc', name='UD Digi Kyokasho N-B', style='normal', variant='normal', weight=700, stretch='normal', size='scalable')) = 10.335
2025-01-09 11:26:09,627 DEBUG:findfont: score(FontEntry(fname='C:\\Windows\\Fonts\\ROCCB___.TTF', name='Rockwell Condensed', style='normal', variant='normal', weight=700, stretch='condensed', size='scalable')) = 10.535
2025-01-09 11:26:09,628 DEBUG:findfont: score(FontEntry(fname='C:\\Windows\\Fonts\\BKANT.TTF', name='Book Antiqua', style='normal', variant='normal', weight=400, stretch='normal', size='scalable')) = 10.05
2025-01-09 11:26:09,628 DEBUG:findfont: score(FontEntry(fname='C:\\Windows\\Fonts\\LSANSD.TTF', name='Lucida Sans', style='normal', variant='normal', weight=600, stretch='normal', size='scalable')) = 10.24
2025-01-09 11:26:09,628 DEBUG:findfont: score(FontEntry(fname='C:\\Windows\\Fonts\\Candarab.ttf', name='Candara', style='normal', variant='normal', weight=700, stretch='normal', size='scalable')) = 10.335
2025-01-09 11:26:09,629 DEBUG:findfont: score(FontEntry(fname='C:\\Windows\\Fonts\\romai___.ttf', name='Romantic', style='italic', variant='normal', weight=400, stretch='normal', size='scalable')) = 11.05
2025-01-09 11:26:09,629 DEBUG:findfont: score(FontEntry(fname='C:\\Windows\\Fonts\\isoct_IV50.ttf', name='ISOCT', style='normal', variant='normal', weight=400, stretch='normal', size='scalable')) = 10.05
2025-01-09 11:26:09,629 DEBUG:findfont: score(FontEntry(fname='C:\\Windows\\Fonts\\LBRITEDI.TTF', name='Lucida Bright', style='italic', variant='normal', weight=600, stretch='normal', size='scalable')) = 11.24
2025-01-09 11:26:09,630 DEBUG:findfont: score(FontEntry(fname='C:\\Windows\\Fonts\\NIAGSOL.TTF', name='Niagara Solid', style='normal', variant='normal', weight=400, stretch='normal', size='scalable')) = 10.05
2025-01-09 11:26:09,630 DEBUG:findfont: score(FontEntry(fname='C:\\Windows\\Fonts\\GOST Common.ttf', name='GOST Common', style='normal', variant='normal', weight=400, stretch='normal', size='scalable')) = 10.05
2025-01-09 11:26:09,631 DEBUG:findfont: score(FontEntry(fname='C:\\Windows\\Fonts\\isocp3_IV25.ttf', name='ISOCP3', style='normal', variant='normal', weight=400, stretch='normal', size='scalable')) = 10.05
2025-01-09 11:26:09,631 DEBUG:findfont: score(FontEntry(fname='C:\\Windows\\Fonts\\panroman.ttf', name='PanRoman', style='normal', variant='normal', weight=400, stretch='normal', size='scalable')) = 10.05
2025-01-09 11:26:09,631 DEBUG:findfont: score(FontEntry(fname='C:\\Windows\\Fonts\\consolab.ttf', name='Consolas', style='normal', variant='normal', weight=700, stretch='normal', size='scalable')) = 10.335
2025-01-09 11:26:09,631 DEBUG:findfont: score(FontEntry(fname='C:\\Windows\\Fonts\\BOOKOS.TTF', name='Bookman Old Style', style='normal', variant='normal', weight=300, stretch='normal', size='scalable')) = 10.145
2025-01-09 11:26:09,632 DEBUG:findfont: score(FontEntry(fname='C:\\Windows\\Fonts\\mmrtext.ttf', name='Myanmar Text', style='normal', variant='normal', weight=400, stretch='normal', size='scalable')) = 10.05
2025-01-09 11:26:09,632 DEBUG:findfont: score(FontEntry(fname='C:\\Windows\\Fonts\\LFAXI.TTF', name='Lucida Fax', style='italic', variant='normal', weight=400, stretch='normal', size='scalable')) = 11.05
2025-01-09 11:26:09,632 DEBUG:findfont: score(FontEntry(fname='C:\\Windows\\Fonts\\seguibl.ttf', name='Segoe UI', style='normal', variant='normal', weight=900, stretch='normal', size='scalable')) = 10.525
2025-01-09 11:26:09,632 DEBUG:findfont: score(FontEntry(fname='C:\\Windows\\Fonts\\romab___.ttf', name='Romantic', style='normal', variant='normal', weight=700, stretch='normal', size='scalable')) = 10.335
2025-01-09 11:26:09,633 DEBUG:findfont: score(FontEntry(fname='C:\\Windows\\Fonts\\isocp___.ttf', name='ISOCP', style='normal', variant='normal', weight=400, stretch='normal', size='scalable')) = 10.05
2025-01-09 11:26:09,633 DEBUG:findfont: score(FontEntry(fname='C:\\Windows\\Fonts\\scripts_.ttf', name='ScriptS', style='normal', variant='normal', weight=400, stretch='normal', size='scalable')) = 10.05
2025-01-09 11:26:09,633 DEBUG:findfont: score(FontEntry(fname='C:\\Windows\\Fonts\\symeteo_.ttf', name='Symeteo', style='normal', variant='normal', weight=400, stretch='normal', size='scalable')) = 10.05
2025-01-09 11:26:09,633 DEBUG:findfont: score(FontEntry(fname='C:\\Windows\\Fonts\\isoct3__.ttf', name='ISOCT3', style='normal', variant='normal', weight=400, stretch='normal', size='scalable')) = 10.05
2025-01-09 11:26:09,634 DEBUG:findfont: score(FontEntry(fname='C:\\Windows\\Fonts\\COLONNA.TTF', name='Colonna MT', style='normal', variant='normal', weight=400, stretch='normal', size='scalable')) = 10.05
2025-01-09 11:26:09,634 DEBUG:findfont: score(FontEntry(fname='C:\\Windows\\Fonts\\comsc.ttf', name='CommercialScript BT', style='normal', variant='normal', weight=400, stretch='normal', size='scalable')) = 10.05
2025-01-09 11:26:09,635 DEBUG:findfont: score(FontEntry(fname='C:\\Windows\\Fonts\\msgothic.ttc', name='MS Gothic', style='normal', variant='normal', weight=400, stretch='normal', size='scalable')) = 10.05
2025-01-09 11:26:09,635 DEBUG:findfont: score(FontEntry(fname='C:\\Windows\\Fonts\\KUNSTLER.TTF', name='Kunstler Script', style='normal', variant='normal', weight=400, stretch='normal', size='scalable')) = 10.05
2025-01-09 11:26:09,635 DEBUG:findfont: score(FontEntry(fname='C:\\Windows\\Fonts\\corbelz.ttf', name='Corbel', style='italic', variant='normal', weight=700, stretch='normal', size='scalable')) = 11.335
2025-01-09 11:26:09,636 DEBUG:findfont: score(FontEntry(fname='C:\\Windows\\Fonts\\romans_IV25.ttf', name='RomanS', style='normal', variant='normal', weight=400, stretch='normal', size='scalable')) = 10.05
2025-01-09 11:26:09,636 DEBUG:findfont: score(FontEntry(fname='C:\\Windows\\Fonts\\BOOKOSB.TTF', name='Bookman Old Style', style='normal', variant='normal', weight=600, stretch='normal', size='scalable')) = 10.24
2025-01-09 11:26:09,636 DEBUG:findfont: score(FontEntry(fname='C:\\Windows\\Fonts\\ntailub.ttf', name='Microsoft New Tai Lue', style='normal', variant='normal', weight=700, stretch='normal', size='scalable')) = 10.335
2025-01-09 11:26:09,637 DEBUG:findfont: score(FontEntry(fname='C:\\Windows\\Fonts\\malgunbd.ttf', name='Malgun Gothic', style='normal', variant='normal', weight=700, stretch='normal', size='scalable')) = 10.335
2025-01-09 11:26:09,637 DEBUG:findfont: score(FontEntry(fname='C:\\Windows\\Fonts\\complex_IV25.ttf', name='Complex', style='normal', variant='normal', weight=400, stretch='normal', size='scalable')) = 10.05
2025-01-09 11:26:09,637 DEBUG:findfont: score(FontEntry(fname='C:\\Windows\\Fonts\\segoeuisl.ttf', name='Segoe UI', style='normal', variant='normal', weight=350, stretch='normal', size='scalable')) = 10.0975
2025-01-09 11:26:09,638 DEBUG:findfont: score(FontEntry(fname='C:\\Windows\\Fonts\\ERASLGHT.TTF', name='Eras Light ITC', style='normal', variant='normal', weight=400, stretch='normal', size='scalable')) = 10.05
2025-01-09 11:26:09,638 DEBUG:findfont: score(FontEntry(fname='C:\\Windows\\Fonts\\TCCEB.TTF', name='Tw Cen MT Condensed Extra Bold', style='normal', variant='normal', weight=400, stretch='condensed', size='scalable')) = 10.25
2025-01-09 11:26:09,638 DEBUG:findfont: score(FontEntry(fname='C:\\Windows\\Fonts\\txt_IV50.ttf', name='Txt', style='normal', variant='normal', weight=400, stretch='normal', size='scalable')) = 10.05
2025-01-09 11:26:09,638 DEBUG:findfont: score(FontEntry(fname='C:\\Windows\\Fonts\\BELLI.TTF', name='Bell MT', style='italic', variant='normal', weight=400, stretch='normal', size='scalable')) = 11.05
2025-01-09 11:26:09,639 DEBUG:findfont: score(FontEntry(fname='C:\\Windows\\Fonts\\GIL_____.TTF', name='Gill Sans MT', style='normal', variant='normal', weight=400, stretch='normal', size='scalable')) = 10.05
2025-01-09 11:26:09,639 DEBUG:findfont: score(FontEntry(fname='C:\\Windows\\Fonts\\scripts_IV25.ttf', name='ScriptS', style='normal', variant='normal', weight=400, stretch='normal', size='scalable')) = 10.05
2025-01-09 11:26:09,640 DEBUG:findfont: score(FontEntry(fname='C:\\Windows\\Fonts\\HGRGY.TTC', name='HGGyoshotai', style='normal', variant='normal', weight=400, stretch='normal', size='scalable')) = 10.05
2025-01-09 11:26:09,640 DEBUG:findfont: score(FontEntry(fname='C:\\Windows\\Fonts\\MAGNETOB.TTF', name='Magneto', style='normal', variant='normal', weight=700, stretch='normal', size='scalable')) = 10.335
2025-01-09 11:26:09,640 DEBUG:findfont: score(FontEntry(fname='C:\\Windows\\Fonts\\TEMPSITC.TTF', name='Tempus Sans ITC', style='normal', variant='normal', weight=400, stretch='normal', size='scalable')) = 10.05
2025-01-09 11:26:09,640 DEBUG:findfont: score(FontEntry(fname='C:\\Windows\\Fonts\\palabi.ttf', name='Palatino Linotype', style='italic', variant='normal', weight=700, stretch='normal', size='scalable')) = 11.335
2025-01-09 11:26:09,641 DEBUG:findfont: score(FontEntry(fname='C:\\Windows\\Fonts\\isocp_IV50.ttf', name='ISOCP', style='normal', variant='normal', weight=400, stretch='normal', size='scalable')) = 10.05
2025-01-09 11:26:09,641 DEBUG:findfont: score(FontEntry(fname='C:\\Windows\\Fonts\\cityb___.ttf', name='CityBlueprint', style='normal', variant='normal', weight=400, stretch='normal', size='scalable')) = 10.05
2025-01-09 11:26:09,641 DEBUG:findfont: score(FontEntry(fname='C:\\Windows\\Fonts\\IMPRISHA.TTF', name='Imprint MT Shadow', style='normal', variant='normal', weight=400, stretch='normal', size='scalable')) = 10.05
2025-01-09 11:26:09,642 DEBUG:findfont: score(FontEntry(fname='C:\\Windows\\Fonts\\FRADMIT.TTF', name='Franklin Gothic Demi', style='italic', variant='normal', weight=400, stretch='normal', size='scalable')) = 11.05
2025-01-09 11:26:09,642 DEBUG:findfont: score(FontEntry(fname='C:\\Windows\\Fonts\\courbi.ttf', name='Courier New', style='italic', variant='normal', weight=700, stretch='normal', size='scalable')) = 11.335
2025-01-09 11:26:09,643 DEBUG:findfont: score(FontEntry(fname='C:\\Windows\\Fonts\\YuGothR.ttc', name='Yu Gothic', style='normal', variant='normal', weight=400, stretch='normal', size='scalable')) = 10.05
2025-01-09 11:26:09,643 DEBUG:findfont: score(FontEntry(fname='C:\\Windows\\Fonts\\msyhl.ttc', name='Microsoft YaHei', style='normal', variant='normal', weight=290, stretch='normal', size='scalable')) = 10.1545
2025-01-09 11:26:09,644 DEBUG:findfont: score(FontEntry(fname='C:\\Windows\\Fonts\\LSANSI.TTF', name='Lucida Sans', style='italic', variant='normal', weight=400, stretch='normal', size='scalable')) = 11.05
2025-01-09 11:26:09,644 DEBUG:findfont: score(FontEntry(fname='C:\\Windows\\Fonts\\Artifakt Element Heavy Italic.ttf', name='Artifakt Element', style='italic', variant='normal', weight=900, stretch='normal', size='scalable')) = 11.525
2025-01-09 11:26:09,644 DEBUG:findfont: score(FontEntry(fname='C:\\Windows\\Fonts\\cambriaz.ttf', name='Cambria', style='italic', variant='normal', weight=700, stretch='normal', size='scalable')) = 11.335
2025-01-09 11:26:09,645 DEBUG:findfont: score(FontEntry(fname='C:\\Windows\\Fonts\\TCMI____.TTF', name='Tw Cen MT', style='italic', variant='normal', weight=400, stretch='normal', size='scalable')) = 11.05
2025-01-09 11:26:09,645 DEBUG:findfont: score(FontEntry(fname='C:\\Windows\\Fonts\\wingding.ttf', name='Wingdings', style='normal', variant='normal', weight=400, stretch='normal', size='scalable')) = 10.05
2025-01-09 11:26:09,645 DEBUG:findfont: score(FontEntry(fname='C:\\Windows\\Fonts\\HTOWERT.TTF', name='High Tower Text', style='normal', variant='normal', weight=400, stretch='normal', size='scalable')) = 10.05
2025-01-09 11:26:09,646 DEBUG:findfont: score(FontEntry(fname='C:\\Windows\\Fonts\\complex_IV50.ttf', name='Complex', style='normal', variant='normal', weight=400, stretch='normal', size='scalable')) = 10.05
2025-01-09 11:26:09,646 DEBUG:findfont: score(FontEntry(fname='C:\\Windows\\Fonts\\isocp2_IV50.ttf', name='ISOCP2', style='normal', variant='normal', weight=400, stretch='normal', size='scalable')) = 10.05
2025-01-09 11:26:09,646 DEBUG:findfont: score(FontEntry(fname='C:\\Windows\\Fonts\\Nirmala.ttf', name='Nirmala UI', style='normal', variant='normal', weight=400, stretch='normal', size='scalable')) = 10.05
2025-01-09 11:26:09,646 DEBUG:findfont: score(FontEntry(fname='C:\\Windows\\Fonts\\ONYX.TTF', name='Onyx', style='normal', variant='normal', weight=400, stretch='normal', size='scalable')) = 10.05
2025-01-09 11:26:09,646 DEBUG:findfont: score(FontEntry(fname='C:\\Windows\\Fonts\\ITCEDSCR.TTF', name='Edwardian Script ITC', style='normal', variant='normal', weight=400, stretch='normal', size='scalable')) = 10.05
2025-01-09 11:26:09,647 DEBUG:findfont: score(FontEntry(fname='C:\\Windows\\Fonts\\OLDENGL.TTF', name='Old English Text MT', style='normal', variant='normal', weight=400, stretch='normal', size='scalable')) = 10.05
2025-01-09 11:26:09,647 DEBUG:findfont: score(FontEntry(fname='C:\\Windows\\Fonts\\AMDT_Symbols.ttf', name='AmdtSymbols', style='normal', variant='normal', weight=400, stretch='normal', size='scalable')) = 10.05
2025-01-09 11:26:09,647 DEBUG:findfont: score(FontEntry(fname='C:\\Windows\\Fonts\\isoct_IV25.ttf', name='ISOCT', style='normal', variant='normal', weight=400, stretch='normal', size='scalable')) = 10.05
2025-01-09 11:26:09,648 DEBUG:findfont: score(FontEntry(fname='C:\\Windows\\Fonts\\ITCBLKAD.TTF', name='Blackadder ITC', style='normal', variant='normal', weight=400, stretch='normal', size='scalable')) = 10.05
2025-01-09 11:26:09,648 DEBUG:findfont: score(FontEntry(fname='C:\\Windows\\Fonts\\ANTQUABI.TTF', name='Book Antiqua', style='italic', variant='normal', weight=700, stretch='normal', size='scalable')) = 11.335
2025-01-09 11:26:09,650 DEBUG:findfont: score(FontEntry(fname='C:\\Windows\\Fonts\\LFAXD.TTF', name='Lucida Fax', style='normal', variant='normal', weight=600, stretch='normal', size='scalable')) = 10.24
2025-01-09 11:26:09,654 DEBUG:findfont: score(FontEntry(fname='C:\\Windows\\Fonts\\COPRGTL.TTF', name='Copperplate Gothic Light', style='normal', variant='normal', weight=400, stretch='normal', size='scalable')) = 10.05
2025-01-09 11:26:09,657 DEBUG:findfont: score(FontEntry(fname='C:\\Windows\\Fonts\\seguisli.ttf', name='Segoe UI', style='italic', variant='normal', weight=350, stretch='normal', size='scalable')) = 11.0975
2025-01-09 11:26:09,659 DEBUG:findfont: score(FontEntry(fname='C:\\Windows\\Fonts\\swisscbo.ttf', name='Swis721 BdCnOul BT', style='normal', variant='normal', weight=400, stretch='condensed', size='scalable')) = 10.25
2025-01-09 11:26:09,662 DEBUG:findfont: score(FontEntry(fname='C:\\Windows\\Fonts\\Artifakt Element Book Italic.ttf', name='Artifakt Element', style='italic', variant='normal', weight=450, stretch='normal', size='scalable')) = 11.0975
2025-01-09 11:26:09,662 DEBUG:findfont: score(FontEntry(fname='C:\\Windows\\Fonts\\GOUDOSB.TTF', name='Goudy Old Style', style='normal', variant='normal', weight=700, stretch='normal', size='scalable')) = 10.335
2025-01-09 11:26:09,664 DEBUG:findfont: score(FontEntry(fname='C:\\Windows\\Fonts\\MISTRAL.TTF', name='Mistral', style='normal', variant='normal', weight=400, stretch='normal', size='scalable')) = 10.05
2025-01-09 11:26:09,664 DEBUG:findfont: score(FontEntry(fname='C:\\Windows\\Fonts\\BOOKOSI.TTF', name='Bookman Old Style', style='italic', variant='normal', weight=300, stretch='normal', size='scalable')) = 11.145
2025-01-09 11:26:09,665 DEBUG:findfont: score(FontEntry(fname='C:\\Windows\\Fonts\\sylfaen.ttf', name='Sylfaen', style='normal', variant='normal', weight=400, stretch='normal', size='scalable')) = 10.05
2025-01-09 11:26:09,666 DEBUG:findfont: score(FontEntry(fname='C:\\Windows\\Fonts\\ENGR.TTF', name='Engravers MT', style='normal', variant='normal', weight=500, stretch='normal', size='scalable')) = 10.145
2025-01-09 11:26:09,667 DEBUG:findfont: score(FontEntry(fname='C:\\Windows\\Fonts\\CALIFI.TTF', name='Californian FB', style='italic', variant='normal', weight=400, stretch='normal', size='scalable')) = 11.05
2025-01-09 11:26:09,667 DEBUG:findfont: score(FontEntry(fname='C:\\Windows\\Fonts\\HGRGE.TTC', name='HGGothicE', style='normal', variant='normal', weight=400, stretch='normal', size='scalable')) = 10.05
2025-01-09 11:26:09,669 DEBUG:findfont: score(FontEntry(fname='C:\\Windows\\Fonts\\LBRITE.TTF', name='Lucida Bright', style='normal', variant='normal', weight=400, stretch='normal', size='scalable')) = 10.05
2025-01-09 11:26:09,670 DEBUG:findfont: score(FontEntry(fname='C:\\Windows\\Fonts\\complex_.ttf', name='Complex', style='normal', variant='normal', weight=400, stretch='normal', size='scalable')) = 10.05
2025-01-09 11:26:09,671 DEBUG:findfont: score(FontEntry(fname='C:\\Windows\\Fonts\\yumindb.ttf', name='Yu Mincho', style='normal', variant='normal', weight=600, stretch='normal', size='scalable')) = 10.24
2025-01-09 11:26:09,672 DEBUG:findfont: score(FontEntry(fname='C:\\Windows\\Fonts\\CENSCBK.TTF', name='Century Schoolbook', style='normal', variant='normal', weight=400, stretch='normal', size='scalable')) = 10.05
2025-01-09 11:26:09,673 DEBUG:findfont: score(FontEntry(fname='C:\\Windows\\Fonts\\symeteo_IV50.ttf', name='Symeteo', style='normal', variant='normal', weight=400, stretch='normal', size='scalable')) = 10.05
2025-01-09 11:26:09,673 DEBUG:findfont: score(FontEntry(fname='C:\\Windows\\Fonts\\webdings.ttf', name='Webdings', style='normal', variant='normal', weight=400, stretch='normal', size='scalable')) = 10.05
2025-01-09 11:26:09,674 DEBUG:findfont: score(FontEntry(fname='C:\\Windows\\Fonts\\techl___.ttf', name='TechnicLite', style='normal', variant='normal', weight=400, stretch='normal', size='scalable')) = 10.05
2025-01-09 11:26:09,675 DEBUG:findfont: score(FontEntry(fname='C:\\Windows\\Fonts\\LBRITED.TTF', name='Lucida Bright', style='normal', variant='normal', weight=600, stretch='normal', size='scalable')) = 10.24
2025-01-09 11:26:09,676 DEBUG:findfont: score(FontEntry(fname='C:\\Windows\\Fonts\\LEELAWDB.TTF', name='Leelawadee', style='normal', variant='normal', weight=700, stretch='normal', size='scalable')) = 10.335
2025-01-09 11:26:09,677 DEBUG:findfont: score(FontEntry(fname='C:\\Windows\\Fonts\\sanssbo_.ttf', name='SansSerif', style='oblique', variant='normal', weight=700, stretch='normal', size='scalable')) = 11.335
2025-01-09 11:26:09,678 DEBUG:findfont: score(FontEntry(fname='C:\\Windows\\Fonts\\VLADIMIR.TTF', name='Vladimir Script', style='normal', variant='normal', weight=400, stretch='normal', size='scalable')) = 10.05
2025-01-09 11:26:09,679 DEBUG:findfont: score(FontEntry(fname='C:\\Windows\\Fonts\\HARNGTON.TTF', name='Harrington', style='normal', variant='normal', weight=400, stretch='normal', size='scalable')) = 10.05
2025-01-09 11:26:09,680 DEBUG:findfont: score(FontEntry(fname='C:\\Windows\\Fonts\\LEELAWAD.TTF', name='Leelawadee', style='normal', variant='normal', weight=400, stretch='normal', size='scalable')) = 10.05
2025-01-09 11:26:09,681 DEBUG:findfont: score(FontEntry(fname='C:\\Windows\\Fonts\\gothice_.ttf', name='GothicE', style='normal', variant='normal', weight=400, stretch='normal', size='scalable')) = 10.05
2025-01-09 11:26:09,682 DEBUG:findfont: score(FontEntry(fname='C:\\Windows\\Fonts\\SegUIVar.ttf', name='Segoe UI Variable', style='normal', variant='normal', weight=400, stretch='normal', size='scalable')) = 10.05
2025-01-09 11:26:09,683 DEBUG:findfont: score(FontEntry(fname='C:\\Windows\\Fonts\\Amgdt_IV25.ttf', name='AMGDT_IV25', style='normal', variant='normal', weight=400, stretch='normal', size='scalable')) = 10.05
2025-01-09 11:26:09,684 DEBUG:findfont: score(FontEntry(fname='C:\\Windows\\Fonts\\georgia.ttf', name='Georgia', style='normal', variant='normal', weight=400, stretch='normal', size='scalable')) = 10.05
2025-01-09 11:26:09,684 DEBUG:findfont: score(FontEntry(fname='C:\\Windows\\Fonts\\CALISTB.TTF', name='Calisto MT', style='normal', variant='normal', weight=700, stretch='normal', size='scalable')) = 10.335
2025-01-09 11:26:09,685 DEBUG:findfont: score(FontEntry(fname='C:\\Windows\\Fonts\\ELEPHNTI.TTF', name='Elephant', style='italic', variant='normal', weight=400, stretch='normal', size='scalable')) = 11.05
2025-01-09 11:26:09,686 DEBUG:findfont: score(FontEntry(fname='C:\\Windows\\Fonts\\LSANSDI.TTF', name='Lucida Sans', style='italic', variant='normal', weight=600, stretch='normal', size='scalable')) = 11.24
2025-01-09 11:26:09,686 DEBUG:findfont: score(FontEntry(fname='C:\\Windows\\Fonts\\segmdl2.ttf', name='Segoe MDL2 Assets', style='normal', variant='normal', weight=400, stretch='normal', size='scalable')) = 10.05
2025-01-09 11:26:09,687 DEBUG:findfont: score(FontEntry(fname='C:\\Windows\\Fonts\\MAIAN.TTF', name='Maiandra GD', style='normal', variant='normal', weight=400, stretch='normal', size='scalable')) = 10.05
2025-01-09 11:26:09,688 DEBUG:findfont: score(FontEntry(fname='C:\\Windows\\Fonts\\dutchbi.ttf', name='Dutch801 Rm BT', style='italic', variant='normal', weight=700, stretch='normal', size='scalable')) = 11.335
2025-01-09 11:26:09,689 DEBUG:findfont: score(FontEntry(fname='C:\\Windows\\Fonts\\CURLZ___.TTF', name='Curlz MT', style='normal', variant='normal', weight=400, stretch='normal', size='scalable')) = 10.05
2025-01-09 11:26:09,689 DEBUG:findfont: score(FontEntry(fname='C:\\Windows\\Fonts\\AGENCYR.TTF', name='Agency FB', style='normal', variant='normal', weight=400, stretch='normal', size='scalable')) = 10.05
2025-01-09 11:26:09,690 DEBUG:findfont: score(FontEntry(fname='C:\\Windows\\Fonts\\gdt_IV25.ttf', name='GDT_IV25', style='normal', variant='normal', weight=400, stretch='normal', size='scalable')) = 10.05
2025-01-09 11:26:09,691 DEBUG:findfont: score(FontEntry(fname='C:\\Windows\\Fonts\\monotxt_IV25.ttf', name='Monotxt', style='normal', variant='normal', weight=400, stretch='normal', size='scalable')) = 10.05
2025-01-09 11:26:09,691 DEBUG:findfont: score(FontEntry(fname='C:\\Windows\\Fonts\\segoepr.ttf', name='Segoe Print', style='normal', variant='normal', weight=400, stretch='normal', size='scalable')) = 10.05
2025-01-09 11:26:09,691 DEBUG:findfont: score(FontEntry(fname='C:\\Windows\\Fonts\\msyhbd.ttc', name='Microsoft YaHei', style='normal', variant='normal', weight=700, stretch='normal', size='scalable')) = 10.335
2025-01-09 11:26:09,691 DEBUG:findfont: score(FontEntry(fname='C:\\Windows\\Fonts\\verdanab.ttf', name='Verdana', style='normal', variant='normal', weight=700, stretch='normal', size='scalable')) = 3.9713636363636367
2025-01-09 11:26:09,692 DEBUG:findfont: score(FontEntry(fname='C:\\Windows\\Fonts\\ANTQUAB.TTF', name='Book Antiqua', style='normal', variant='normal', weight=700, stretch='normal', size='scalable')) = 10.335
2025-01-09 11:26:09,693 DEBUG:findfont: score(FontEntry(fname='C:\\Windows\\Fonts\\eurro___.ttf', name='EuroRoman', style='oblique', variant='normal', weight=400, stretch='normal', size='scalable')) = 11.05
2025-01-09 11:26:09,694 DEBUG:findfont: score(FontEntry(fname='C:\\Windows\\Fonts\\PERTIBD.TTF', name='Perpetua Titling MT', style='normal', variant='normal', weight=700, stretch='normal', size='scalable')) = 10.335
2025-01-09 11:26:09,694 DEBUG:findfont: score(FontEntry(fname='C:\\Windows\\Fonts\\Artifakt Element Regular.ttf', name='Artifakt Element', style='normal', variant='normal', weight=400, stretch='normal', size='scalable')) = 10.05
2025-01-09 11:26:09,697 DEBUG:findfont: score(FontEntry(fname='C:\\Windows\\Fonts\\MSUIGHUB.TTF', name='Microsoft Uighur', style='normal', variant='normal', weight=700, stretch='normal', size='scalable')) = 10.335
2025-01-09 11:26:09,698 DEBUG:findfont: score(FontEntry(fname='C:\\Windows\\Fonts\\swissbi.ttf', name='Swis721 BT', style='italic', variant='normal', weight=700, stretch='normal', size='scalable')) = 11.335
2025-01-09 11:26:09,698 DEBUG:findfont: score(FontEntry(fname='C:\\Windows\\Fonts\\LBRITEI.TTF', name='Lucida Bright', style='italic', variant='normal', weight=400, stretch='normal', size='scalable')) = 11.05
2025-01-09 11:26:09,699 DEBUG:findfont: score(FontEntry(fname='C:\\Windows\\Fonts\\msmincho.ttc', name='MS Mincho', style='normal', variant='normal', weight=400, stretch='normal', size='scalable')) = 10.05
2025-01-09 11:26:09,700 DEBUG:findfont: score(FontEntry(fname='C:\\Windows\\Fonts\\ARIALUNI.ttf', name='Arial Unicode MS', style='normal', variant='normal', weight=400, stretch='normal', size='scalable')) = 10.05
2025-01-09 11:26:09,700 DEBUG:findfont: score(FontEntry(fname='C:\\Windows\\Fonts\\BROADW.TTF', name='Broadway', style='normal', variant='normal', weight=400, stretch='normal', size='scalable')) = 10.05
2025-01-09 11:26:09,702 DEBUG:findfont: score(FontEntry(fname='C:\\Windows\\Fonts\\AIGDT___.TTF', name='AIGDT', style='normal', variant='normal', weight=400, stretch='normal', size='scalable')) = 10.05
2025-01-09 11:26:09,703 DEBUG:findfont: score(FontEntry(fname='C:\\Windows\\Fonts\\HATTEN.TTF', name='Haettenschweiler', style='normal', variant='normal', weight=400, stretch='normal', size='scalable')) = 10.05
2025-01-09 11:26:09,704 DEBUG:findfont: score(FontEntry(fname='C:\\Windows\\Fonts\\taile.ttf', name='Microsoft Tai Le', style='normal', variant='normal', weight=400, stretch='normal', size='scalable')) = 10.05
2025-01-09 11:26:09,705 DEBUG:findfont: score(FontEntry(fname='C:\\Windows\\Fonts\\HARLOWSI.TTF', name='Harlow Solid Italic', style='italic', variant='normal', weight=400, stretch='normal', size='scalable')) = 11.05
2025-01-09 11:26:09,705 DEBUG:findfont: score(FontEntry(fname='C:\\Windows\\Fonts\\GLECB.TTF', name='Gloucester MT Extra Condensed', style='normal', variant='normal', weight=400, stretch='condensed', size='scalable')) = 10.25
2025-01-09 11:26:09,706 DEBUG:findfont: score(FontEntry(fname='C:\\Windows\\Fonts\\ROCKI.TTF', name='Rockwell', style='italic', variant='normal', weight=400, stretch='normal', size='scalable')) = 11.05
2025-01-09 11:26:09,706 DEBUG:findfont: score(FontEntry(fname='C:\\Windows\\Fonts\\GILBI___.TTF', name='Gill Sans MT', style='italic', variant='normal', weight=700, stretch='normal', size='scalable')) = 11.335
2025-01-09 11:26:09,707 DEBUG:findfont: Matching sans\-serif:style=normal:variant=normal:weight=normal:stretch=normal:size=10.0 to DejaVu Sans ('C:\\Users\\chimpaleenantaphon\\AppData\\Local\\anaconda3\\Lib\\site-packages\\matplotlib\\mpl-data\\fonts\\ttf\\DejaVuSans.ttf') with score of 0.050000.
2025-01-09 11:26:10,355 DEBUG:findfont: Matching sans\-serif:style=normal:variant=normal:weight=normal:stretch=normal:size=12.0.
2025-01-09 11:26:10,356 DEBUG:findfont: score(FontEntry(fname='C:\\Users\\chimpaleenantaphon\\AppData\\Local\\anaconda3\\Lib\\site-packages\\matplotlib\\mpl-data\\fonts\\ttf\\cmb10.ttf', name='cmb10', style='normal', variant='normal', weight=400, stretch='normal', size='scalable')) = 10.05
2025-01-09 11:26:10,356 DEBUG:findfont: score(FontEntry(fname='C:\\Users\\chimpaleenantaphon\\AppData\\Local\\anaconda3\\Lib\\site-packages\\matplotlib\\mpl-data\\fonts\\ttf\\STIXSizThreeSymReg.ttf', name='STIXSizeThreeSym', style='normal', variant='normal', weight=400, stretch='normal', size='scalable')) = 10.05
2025-01-09 11:26:10,357 DEBUG:findfont: score(FontEntry(fname='C:\\Users\\chimpaleenantaphon\\AppData\\Local\\anaconda3\\Lib\\site-packages\\matplotlib\\mpl-data\\fonts\\ttf\\STIXSizTwoSymReg.ttf', name='STIXSizeTwoSym', style='normal', variant='normal', weight=400, stretch='normal', size='scalable')) = 10.05
2025-01-09 11:26:10,357 DEBUG:findfont: score(FontEntry(fname='C:\\Users\\chimpaleenantaphon\\AppData\\Local\\anaconda3\\Lib\\site-packages\\matplotlib\\mpl-data\\fonts\\ttf\\STIXSizFourSymReg.ttf', name='STIXSizeFourSym', style='normal', variant='normal', weight=400, stretch='normal', size='scalable')) = 10.05
2025-01-09 11:26:10,358 DEBUG:findfont: score(FontEntry(fname='C:\\Users\\chimpaleenantaphon\\AppData\\Local\\anaconda3\\Lib\\site-packages\\matplotlib\\mpl-data\\fonts\\ttf\\cmex10.ttf', name='cmex10', style='normal', variant='normal', weight=400, stretch='normal', size='scalable')) = 10.05
2025-01-09 11:26:10,358 DEBUG:findfont: score(FontEntry(fname='C:\\Users\\chimpaleenantaphon\\AppData\\Local\\anaconda3\\Lib\\site-packages\\matplotlib\\mpl-data\\fonts\\ttf\\DejaVuSerif-BoldItalic.ttf', name='DejaVu Serif', style='italic', variant='normal', weight=700, stretch='normal', size='scalable')) = 11.335
2025-01-09 11:26:10,358 DEBUG:findfont: score(FontEntry(fname='C:\\Users\\chimpaleenantaphon\\AppData\\Local\\anaconda3\\Lib\\site-packages\\matplotlib\\mpl-data\\fonts\\ttf\\STIXNonUniBol.ttf', name='STIXNonUnicode', style='normal', variant='normal', weight=700, stretch='normal', size='scalable')) = 10.335
2025-01-09 11:26:10,360 DEBUG:findfont: score(FontEntry(fname='C:\\Users\\chimpaleenantaphon\\AppData\\Local\\anaconda3\\Lib\\site-packages\\matplotlib\\mpl-data\\fonts\\ttf\\STIXGeneral.ttf', name='STIXGeneral', style='normal', variant='normal', weight=400, stretch='normal', size='scalable')) = 10.05
2025-01-09 11:26:10,360 DEBUG:findfont: score(FontEntry(fname='C:\\Users\\chimpaleenantaphon\\AppData\\Local\\anaconda3\\Lib\\site-packages\\matplotlib\\mpl-data\\fonts\\ttf\\DejaVuSansMono.ttf', name='DejaVu Sans Mono', style='normal', variant='normal', weight=400, stretch='normal', size='scalable')) = 10.05
2025-01-09 11:26:10,361 DEBUG:findfont: score(FontEntry(fname='C:\\Users\\chimpaleenantaphon\\AppData\\Local\\anaconda3\\Lib\\site-packages\\matplotlib\\mpl-data\\fonts\\ttf\\DejaVuSans-Bold.ttf', name='DejaVu Sans', style='normal', variant='normal', weight=700, stretch='normal', size='scalable')) = 0.33499999999999996
2025-01-09 11:26:10,361 DEBUG:findfont: score(FontEntry(fname='C:\\Users\\chimpaleenantaphon\\AppData\\Local\\anaconda3\\Lib\\site-packages\\matplotlib\\mpl-data\\fonts\\ttf\\DejaVuSerif-Bold.ttf', name='DejaVu Serif', style='normal', variant='normal', weight=700, stretch='normal', size='scalable')) = 10.335
2025-01-09 11:26:10,362 DEBUG:findfont: score(FontEntry(fname='C:\\Users\\chimpaleenantaphon\\AppData\\Local\\anaconda3\\Lib\\site-packages\\matplotlib\\mpl-data\\fonts\\ttf\\STIXSizFourSymBol.ttf', name='STIXSizeFourSym', style='normal', variant='normal', weight=700, stretch='normal', size='scalable')) = 10.335
2025-01-09 11:26:10,362 DEBUG:findfont: score(FontEntry(fname='C:\\Users\\chimpaleenantaphon\\AppData\\Local\\anaconda3\\Lib\\site-packages\\matplotlib\\mpl-data\\fonts\\ttf\\STIXNonUni.ttf', name='STIXNonUnicode', style='normal', variant='normal', weight=400, stretch='normal', size='scalable')) = 10.05
2025-01-09 11:26:10,363 DEBUG:findfont: score(FontEntry(fname='C:\\Users\\chimpaleenantaphon\\AppData\\Local\\anaconda3\\Lib\\site-packages\\matplotlib\\mpl-data\\fonts\\ttf\\STIXNonUniBolIta.ttf', name='STIXNonUnicode', style='italic', variant='normal', weight=700, stretch='normal', size='scalable')) = 11.335
2025-01-09 11:26:10,363 DEBUG:findfont: score(FontEntry(fname='C:\\Users\\chimpaleenantaphon\\AppData\\Local\\anaconda3\\Lib\\site-packages\\matplotlib\\mpl-data\\fonts\\ttf\\DejaVuSansDisplay.ttf', name='DejaVu Sans Display', style='normal', variant='normal', weight=400, stretch='normal', size='scalable')) = 10.05
2025-01-09 11:26:10,364 DEBUG:findfont: score(FontEntry(fname='C:\\Users\\chimpaleenantaphon\\AppData\\Local\\anaconda3\\Lib\\site-packages\\matplotlib\\mpl-data\\fonts\\ttf\\DejaVuSerif-Italic.ttf', name='DejaVu Serif', style='italic', variant='normal', weight=400, stretch='normal', size='scalable')) = 11.05
2025-01-09 11:26:10,364 DEBUG:findfont: score(FontEntry(fname='C:\\Users\\chimpaleenantaphon\\AppData\\Local\\anaconda3\\Lib\\site-packages\\matplotlib\\mpl-data\\fonts\\ttf\\cmr10.ttf', name='cmr10', style='normal', variant='normal', weight=400, stretch='normal', size='scalable')) = 10.05
2025-01-09 11:26:10,365 DEBUG:findfont: score(FontEntry(fname='C:\\Users\\chimpaleenantaphon\\AppData\\Local\\anaconda3\\Lib\\site-packages\\matplotlib\\mpl-data\\fonts\\ttf\\cmss10.ttf', name='cmss10', style='normal', variant='normal', weight=400, stretch='normal', size='scalable')) = 10.05
2025-01-09 11:26:10,365 DEBUG:findfont: score(FontEntry(fname='C:\\Users\\chimpaleenantaphon\\AppData\\Local\\anaconda3\\Lib\\site-packages\\matplotlib\\mpl-data\\fonts\\ttf\\STIXSizTwoSymBol.ttf', name='STIXSizeTwoSym', style='normal', variant='normal', weight=700, stretch='normal', size='scalable')) = 10.335
2025-01-09 11:26:10,366 DEBUG:findfont: score(FontEntry(fname='C:\\Users\\chimpaleenantaphon\\AppData\\Local\\anaconda3\\Lib\\site-packages\\matplotlib\\mpl-data\\fonts\\ttf\\STIXGeneralBol.ttf', name='STIXGeneral', style='normal', variant='normal', weight=700, stretch='normal', size='scalable')) = 10.335
2025-01-09 11:26:10,366 DEBUG:findfont: score(FontEntry(fname='C:\\Users\\chimpaleenantaphon\\AppData\\Local\\anaconda3\\Lib\\site-packages\\matplotlib\\mpl-data\\fonts\\ttf\\cmmi10.ttf', name='cmmi10', style='normal', variant='normal', weight=400, stretch='normal', size='scalable')) = 10.05
2025-01-09 11:26:10,367 DEBUG:findfont: score(FontEntry(fname='C:\\Users\\chimpaleenantaphon\\AppData\\Local\\anaconda3\\Lib\\site-packages\\matplotlib\\mpl-data\\fonts\\ttf\\DejaVuSansMono-Bold.ttf', name='DejaVu Sans Mono', style='normal', variant='normal', weight=700, stretch='normal', size='scalable')) = 10.335
2025-01-09 11:26:10,368 DEBUG:findfont: score(FontEntry(fname='C:\\Users\\chimpaleenantaphon\\AppData\\Local\\anaconda3\\Lib\\site-packages\\matplotlib\\mpl-data\\fonts\\ttf\\DejaVuSans.ttf', name='DejaVu Sans', style='normal', variant='normal', weight=400, stretch='normal', size='scalable')) = 0.05
2025-01-09 11:26:10,368 DEBUG:findfont: score(FontEntry(fname='C:\\Users\\chimpaleenantaphon\\AppData\\Local\\anaconda3\\Lib\\site-packages\\matplotlib\\mpl-data\\fonts\\ttf\\STIXGeneralItalic.ttf', name='STIXGeneral', style='italic', variant='normal', weight=400, stretch='normal', size='scalable')) = 11.05
2025-01-09 11:26:10,369 DEBUG:findfont: score(FontEntry(fname='C:\\Users\\chimpaleenantaphon\\AppData\\Local\\anaconda3\\Lib\\site-packages\\matplotlib\\mpl-data\\fonts\\ttf\\STIXSizOneSymReg.ttf', name='STIXSizeOneSym', style='normal', variant='normal', weight=400, stretch='normal', size='scalable')) = 10.05
2025-01-09 11:26:10,369 DEBUG:findfont: score(FontEntry(fname='C:\\Users\\chimpaleenantaphon\\AppData\\Local\\anaconda3\\Lib\\site-packages\\matplotlib\\mpl-data\\fonts\\ttf\\DejaVuSans-Oblique.ttf', name='DejaVu Sans', style='oblique', variant='normal', weight=400, stretch='normal', size='scalable')) = 1.05
2025-01-09 11:26:10,370 DEBUG:findfont: score(FontEntry(fname='C:\\Users\\chimpaleenantaphon\\AppData\\Local\\anaconda3\\Lib\\site-packages\\matplotlib\\mpl-data\\fonts\\ttf\\cmtt10.ttf', name='cmtt10', style='normal', variant='normal', weight=400, stretch='normal', size='scalable')) = 10.05
2025-01-09 11:26:10,370 DEBUG:findfont: score(FontEntry(fname='C:\\Users\\chimpaleenantaphon\\AppData\\Local\\anaconda3\\Lib\\site-packages\\matplotlib\\mpl-data\\fonts\\ttf\\DejaVuSansMono-BoldOblique.ttf', name='DejaVu Sans Mono', style='oblique', variant='normal', weight=700, stretch='normal', size='scalable')) = 11.335
2025-01-09 11:26:10,371 DEBUG:findfont: score(FontEntry(fname='C:\\Users\\chimpaleenantaphon\\AppData\\Local\\anaconda3\\Lib\\site-packages\\matplotlib\\mpl-data\\fonts\\ttf\\DejaVuSerif.ttf', name='DejaVu Serif', style='normal', variant='normal', weight=400, stretch='normal', size='scalable')) = 10.05
2025-01-09 11:26:10,371 DEBUG:findfont: score(FontEntry(fname='C:\\Users\\chimpaleenantaphon\\AppData\\Local\\anaconda3\\Lib\\site-packages\\matplotlib\\mpl-data\\fonts\\ttf\\STIXNonUniIta.ttf', name='STIXNonUnicode', style='italic', variant='normal', weight=400, stretch='normal', size='scalable')) = 11.05
2025-01-09 11:26:10,372 DEBUG:findfont: score(FontEntry(fname='C:\\Users\\chimpaleenantaphon\\AppData\\Local\\anaconda3\\Lib\\site-packages\\matplotlib\\mpl-data\\fonts\\ttf\\STIXGeneralBolIta.ttf', name='STIXGeneral', style='italic', variant='normal', weight=700, stretch='normal', size='scalable')) = 11.335
2025-01-09 11:26:10,372 DEBUG:findfont: score(FontEntry(fname='C:\\Users\\chimpaleenantaphon\\AppData\\Local\\anaconda3\\Lib\\site-packages\\matplotlib\\mpl-data\\fonts\\ttf\\STIXSizFiveSymReg.ttf', name='STIXSizeFiveSym', style='normal', variant='normal', weight=400, stretch='normal', size='scalable')) = 10.05
2025-01-09 11:26:10,372 DEBUG:findfont: score(FontEntry(fname='C:\\Users\\chimpaleenantaphon\\AppData\\Local\\anaconda3\\Lib\\site-packages\\matplotlib\\mpl-data\\fonts\\ttf\\DejaVuSans-BoldOblique.ttf', name='DejaVu Sans', style='oblique', variant='normal', weight=700, stretch='normal', size='scalable')) = 1.335
2025-01-09 11:26:10,373 DEBUG:findfont: score(FontEntry(fname='C:\\Users\\chimpaleenantaphon\\AppData\\Local\\anaconda3\\Lib\\site-packages\\matplotlib\\mpl-data\\fonts\\ttf\\STIXSizOneSymBol.ttf', name='STIXSizeOneSym', style='normal', variant='normal', weight=700, stretch='normal', size='scalable')) = 10.335
2025-01-09 11:26:10,373 DEBUG:findfont: score(FontEntry(fname='C:\\Users\\chimpaleenantaphon\\AppData\\Local\\anaconda3\\Lib\\site-packages\\matplotlib\\mpl-data\\fonts\\ttf\\cmsy10.ttf', name='cmsy10', style='normal', variant='normal', weight=400, stretch='normal', size='scalable')) = 10.05
2025-01-09 11:26:10,374 DEBUG:findfont: score(FontEntry(fname='C:\\Users\\chimpaleenantaphon\\AppData\\Local\\anaconda3\\Lib\\site-packages\\matplotlib\\mpl-data\\fonts\\ttf\\DejaVuSerifDisplay.ttf', name='DejaVu Serif Display', style='normal', variant='normal', weight=400, stretch='normal', size='scalable')) = 10.05
2025-01-09 11:26:10,374 DEBUG:findfont: score(FontEntry(fname='C:\\Users\\chimpaleenantaphon\\AppData\\Local\\anaconda3\\Lib\\site-packages\\matplotlib\\mpl-data\\fonts\\ttf\\DejaVuSansMono-Oblique.ttf', name='DejaVu Sans Mono', style='oblique', variant='normal', weight=400, stretch='normal', size='scalable')) = 11.05
2025-01-09 11:26:10,375 DEBUG:findfont: score(FontEntry(fname='C:\\Users\\chimpaleenantaphon\\AppData\\Local\\anaconda3\\Lib\\site-packages\\matplotlib\\mpl-data\\fonts\\ttf\\STIXSizThreeSymBol.ttf', name='STIXSizeThreeSym', style='normal', variant='normal', weight=700, stretch='normal', size='scalable')) = 10.335
2025-01-09 11:26:10,375 DEBUG:findfont: score(FontEntry(fname='C:\\Windows\\Fonts\\PERTILI.TTF', name='Perpetua Titling MT', style='normal', variant='normal', weight=300, stretch='normal', size='scalable')) = 10.145
2025-01-09 11:26:10,375 DEBUG:findfont: score(FontEntry(fname='C:\\Windows\\Fonts\\OCRB.TTF', name='OCRB', style='normal', variant='normal', weight=400, stretch='normal', size='scalable')) = 10.05
2025-01-09 11:26:10,376 DEBUG:findfont: score(FontEntry(fname='C:\\Windows\\Fonts\\CALISTI.TTF', name='Calisto MT', style='italic', variant='normal', weight=400, stretch='normal', size='scalable')) = 11.05
2025-01-09 11:26:10,376 DEBUG:findfont: score(FontEntry(fname='C:\\Windows\\Fonts\\impact.ttf', name='Impact', style='normal', variant='normal', weight=400, stretch='normal', size='scalable')) = 10.05
2025-01-09 11:26:10,377 DEBUG:findfont: score(FontEntry(fname='C:\\Windows\\Fonts\\monosi.ttf', name='Monospac821 BT', style='italic', variant='normal', weight=400, stretch='normal', size='scalable')) = 11.05
2025-01-09 11:26:10,377 DEBUG:findfont: score(FontEntry(fname='C:\\Windows\\Fonts\\comicbd.ttf', name='Comic Sans MS', style='normal', variant='normal', weight=700, stretch='normal', size='scalable')) = 10.335
2025-01-09 11:26:10,378 DEBUG:findfont: score(FontEntry(fname='C:\\Windows\\Fonts\\micross.ttf', name='Microsoft Sans Serif', style='normal', variant='normal', weight=400, stretch='normal', size='scalable')) = 10.05
2025-01-09 11:26:10,378 DEBUG:findfont: score(FontEntry(fname='C:\\Windows\\Fonts\\GOTHIC.TTF', name='Century Gothic', style='normal', variant='normal', weight=400, stretch='normal', size='scalable')) = 10.05
2025-01-09 11:26:10,379 DEBUG:findfont: score(FontEntry(fname='C:\\Windows\\Fonts\\courbd.ttf', name='Courier New', style='normal', variant='normal', weight=700, stretch='normal', size='scalable')) = 10.335
2025-01-09 11:26:10,379 DEBUG:findfont: score(FontEntry(fname='C:\\Windows\\Fonts\\scripts_IV50.ttf', name='ScriptS', style='normal', variant='normal', weight=400, stretch='normal', size='scalable')) = 10.05
2025-01-09 11:26:10,380 DEBUG:findfont: score(FontEntry(fname='C:\\Windows\\Fonts\\WINGDNG3.TTF', name='Wingdings 3', style='normal', variant='normal', weight=400, stretch='normal', size='scalable')) = 10.05
2025-01-09 11:26:10,380 DEBUG:findfont: score(FontEntry(fname='C:\\Windows\\Fonts\\holomdl2.ttf', name='HoloLens MDL2 Assets', style='normal', variant='normal', weight=400, stretch='normal', size='scalable')) = 10.05
2025-01-09 11:26:10,381 DEBUG:findfont: score(FontEntry(fname='C:\\Windows\\Fonts\\arialbi.ttf', name='Arial', style='italic', variant='normal', weight=700, stretch='normal', size='scalable')) = 7.698636363636363
2025-01-09 11:26:10,381 DEBUG:findfont: score(FontEntry(fname='C:\\Windows\\Fonts\\greekc_IV25.ttf', name='GreekC', style='normal', variant='normal', weight=400, stretch='normal', size='scalable')) = 10.05
2025-01-09 11:26:10,382 DEBUG:findfont: score(FontEntry(fname='C:\\Windows\\Fonts\\monotxt_IV50.ttf', name='Monotxt', style='normal', variant='normal', weight=400, stretch='normal', size='scalable')) = 10.05
2025-01-09 11:26:10,383 DEBUG:findfont: score(FontEntry(fname='C:\\Windows\\Fonts\\consolai.ttf', name='Consolas', style='italic', variant='normal', weight=400, stretch='normal', size='scalable')) = 11.05
2025-01-09 11:26:10,383 DEBUG:findfont: score(FontEntry(fname='C:\\Windows\\Fonts\\SansSerifCollection.ttf', name='Sans Serif Collection', style='normal', variant='normal', weight=400, stretch='normal', size='scalable')) = 10.05
2025-01-09 11:26:10,384 DEBUG:findfont: score(FontEntry(fname='C:\\Windows\\Fonts\\simplex_IV50.ttf', name='Simplex', style='normal', variant='normal', weight=400, stretch='normal', size='scalable')) = 10.05
2025-01-09 11:26:10,384 DEBUG:findfont: score(FontEntry(fname='C:\\Windows\\Fonts\\mingliub.ttc', name='MingLiU-ExtB', style='normal', variant='normal', weight=400, stretch='normal', size='scalable')) = 10.05
2025-01-09 11:26:10,384 DEBUG:findfont: score(FontEntry(fname='C:\\Windows\\Fonts\\Artifakt Element Light Italic.ttf', name='Artifakt Element', style='italic', variant='normal', weight=300, stretch='normal', size='scalable')) = 11.145
2025-01-09 11:26:10,388 DEBUG:findfont: score(FontEntry(fname='C:\\Windows\\Fonts\\isoct2_IV50.ttf', name='ISOCT2', style='normal', variant='normal', weight=400, stretch='normal', size='scalable')) = 10.05
2025-01-09 11:26:10,388 DEBUG:findfont: score(FontEntry(fname='C:\\Windows\\Fonts\\YuGothL.ttc', name='Yu Gothic', style='normal', variant='normal', weight=300, stretch='normal', size='scalable')) = 10.145
2025-01-09 11:26:10,388 DEBUG:findfont: score(FontEntry(fname='C:\\Windows\\Fonts\\simplex_.ttf', name='Simplex', style='normal', variant='normal', weight=400, stretch='normal', size='scalable')) = 10.05
2025-01-09 11:26:10,389 DEBUG:findfont: score(FontEntry(fname='C:\\Windows\\Fonts\\trebuc.ttf', name='Trebuchet MS', style='normal', variant='normal', weight=400, stretch='normal', size='scalable')) = 10.05
2025-01-09 11:26:10,390 DEBUG:findfont: score(FontEntry(fname='C:\\Windows\\Fonts\\Artifakt Element Italic.ttf', name='Artifakt Element', style='italic', variant='normal', weight=400, stretch='normal', size='scalable')) = 11.05
2025-01-09 11:26:10,391 DEBUG:findfont: score(FontEntry(fname='C:\\Windows\\Fonts\\taileb.ttf', name='Microsoft Tai Le', style='normal', variant='normal', weight=700, stretch='normal', size='scalable')) = 10.335
2025-01-09 11:26:10,392 DEBUG:findfont: score(FontEntry(fname='C:\\Windows\\Fonts\\VINERITC.TTF', name='Viner Hand ITC', style='normal', variant='normal', weight=400, stretch='normal', size='scalable')) = 10.05
2025-01-09 11:26:10,392 DEBUG:findfont: score(FontEntry(fname='C:\\Windows\\Fonts\\mtproxy3.ttf', name='Proxy 3', style='normal', variant='normal', weight=400, stretch='normal', size='scalable')) = 10.05
2025-01-09 11:26:10,393 DEBUG:findfont: score(FontEntry(fname='C:\\Windows\\Fonts\\symath_IV50.ttf', name='Symath', style='normal', variant='normal', weight=400, stretch='normal', size='scalable')) = 10.05
2025-01-09 11:26:10,394 DEBUG:findfont: score(FontEntry(fname='C:\\Windows\\Fonts\\symeteo_IV25.ttf', name='Symeteo', style='normal', variant='normal', weight=400, stretch='normal', size='scalable')) = 10.05
2025-01-09 11:26:10,394 DEBUG:findfont: score(FontEntry(fname='C:\\Windows\\Fonts\\Amgdt_IV50.ttf', name='AMGDT_IV50', style='normal', variant='normal', weight=400, stretch='normal', size='scalable')) = 10.05
2025-01-09 11:26:10,395 DEBUG:findfont: score(FontEntry(fname='C:\\Windows\\Fonts\\GOUDYSTO.TTF', name='Goudy Stout', style='normal', variant='normal', weight=400, stretch='normal', size='scalable')) = 10.05
2025-01-09 11:26:10,395 DEBUG:findfont: score(FontEntry(fname='C:\\Windows\\Fonts\\OCRAEXT.TTF', name='OCR A Extended', style='normal', variant='normal', weight=400, stretch='expanded', size='scalable')) = 10.25
2025-01-09 11:26:10,395 DEBUG:findfont: score(FontEntry(fname='C:\\Windows\\Fonts\\syastro_IV25.ttf', name='Syastro', style='normal', variant='normal', weight=400, stretch='normal', size='scalable')) = 10.05
2025-01-09 11:26:10,397 DEBUG:findfont: score(FontEntry(fname='C:\\Windows\\Fonts\\ERASMD.TTF', name='Eras Medium ITC', style='normal', variant='normal', weight=400, stretch='normal', size='scalable')) = 10.05
2025-01-09 11:26:10,397 DEBUG:findfont: score(FontEntry(fname='C:\\Windows\\Fonts\\CENTAUR.TTF', name='Centaur', style='normal', variant='normal', weight=400, stretch='normal', size='scalable')) = 10.05
2025-01-09 11:26:10,397 DEBUG:findfont: score(FontEntry(fname='C:\\Windows\\Fonts\\txt_____.ttf', name='Txt', style='normal', variant='normal', weight=400, stretch='normal', size='scalable')) = 10.05
2025-01-09 11:26:10,398 DEBUG:findfont: score(FontEntry(fname='C:\\Windows\\Fonts\\ANTQUAI.TTF', name='Book Antiqua', style='italic', variant='normal', weight=400, stretch='normal', size='scalable')) = 11.05
2025-01-09 11:26:10,398 DEBUG:findfont: score(FontEntry(fname='C:\\Windows\\Fonts\\HGRME.TTC', name='HGMinchoE', style='normal', variant='normal', weight=400, stretch='normal', size='scalable')) = 10.05
2025-01-09 11:26:10,398 DEBUG:findfont: score(FontEntry(fname='C:\\Windows\\Fonts\\sansso__.ttf', name='SansSerif', style='oblique', variant='normal', weight=400, stretch='normal', size='scalable')) = 11.05
2025-01-09 11:26:10,399 DEBUG:findfont: score(FontEntry(fname='C:\\Windows\\Fonts\\SCHLBKBI.TTF', name='Century Schoolbook', style='italic', variant='normal', weight=700, stretch='normal', size='scalable')) = 11.335
2025-01-09 11:26:10,399 DEBUG:findfont: score(FontEntry(fname='C:\\Windows\\Fonts\\ARIALN.TTF', name='Arial', style='normal', variant='normal', weight=400, stretch='condensed', size='scalable')) = 6.613636363636363
2025-01-09 11:26:10,400 DEBUG:findfont: score(FontEntry(fname='C:\\Windows\\Fonts\\constanz.ttf', name='Constantia', style='italic', variant='normal', weight=700, stretch='normal', size='scalable')) = 11.335
2025-01-09 11:26:10,401 DEBUG:findfont: score(FontEntry(fname='C:\\Windows\\Fonts\\GOTHICB.TTF', name='Century Gothic', style='normal', variant='normal', weight=700, stretch='normal', size='scalable')) = 10.335
2025-01-09 11:26:10,401 DEBUG:findfont: score(FontEntry(fname='C:\\Windows\\Fonts\\GOUDOS.TTF', name='Goudy Old Style', style='normal', variant='normal', weight=400, stretch='normal', size='scalable')) = 10.05
2025-01-09 11:26:10,401 DEBUG:findfont: score(FontEntry(fname='C:\\Windows\\Fonts\\compi.ttf', name='CommercialPi BT', style='normal', variant='normal', weight=400, stretch='normal', size='scalable')) = 10.05
2025-01-09 11:26:10,402 DEBUG:findfont: score(FontEntry(fname='C:\\Windows\\Fonts\\stylu.ttf', name='Stylus BT', style='normal', variant='normal', weight=300, stretch='normal', size='scalable')) = 10.145
2025-01-09 11:26:10,402 DEBUG:findfont: score(FontEntry(fname='C:\\Windows\\Fonts\\FRABKIT.TTF', name='Franklin Gothic Book', style='italic', variant='normal', weight=400, stretch='normal', size='scalable')) = 11.05
2025-01-09 11:26:10,402 DEBUG:findfont: score(FontEntry(fname='C:\\Windows\\Fonts\\Artifakt Element Black.ttf', name='Artifakt Element', style='normal', variant='normal', weight=800, stretch='normal', size='scalable')) = 10.43
2025-01-09 11:26:10,403 DEBUG:findfont: score(FontEntry(fname='C:\\Windows\\Fonts\\symusic_.ttf', name='Symusic', style='normal', variant='normal', weight=400, stretch='normal', size='scalable')) = 10.05
2025-01-09 11:26:10,403 DEBUG:findfont: score(FontEntry(fname='C:\\Windows\\Fonts\\arialbd.ttf', name='Arial', style='normal', variant='normal', weight=700, stretch='normal', size='scalable')) = 6.698636363636363
2025-01-09 11:26:10,403 DEBUG:findfont: score(FontEntry(fname='C:\\Windows\\Fonts\\segoeprb.ttf', name='Segoe Print', style='normal', variant='normal', weight=700, stretch='normal', size='scalable')) = 10.335
2025-01-09 11:26:10,403 DEBUG:findfont: score(FontEntry(fname='C:\\Windows\\Fonts\\isocteur.ttf', name='ISOCTEUR', style='normal', variant='normal', weight=400, stretch='normal', size='scalable')) = 10.05
2025-01-09 11:26:10,403 DEBUG:findfont: score(FontEntry(fname='C:\\Windows\\Fonts\\verdanai.ttf', name='Verdana', style='italic', variant='normal', weight=400, stretch='normal', size='scalable')) = 4.6863636363636365
2025-01-09 11:26:10,404 DEBUG:findfont: score(FontEntry(fname='C:\\Windows\\Fonts\\DUBAI-LIGHT.TTF', name='Dubai', style='normal', variant='normal', weight=300, stretch='normal', size='scalable')) = 10.145
2025-01-09 11:26:10,404 DEBUG:findfont: score(FontEntry(fname='C:\\Windows\\Fonts\\italict_.ttf', name='ItalicT', style='italic', variant='normal', weight=400, stretch='normal', size='scalable')) = 11.05
2025-01-09 11:26:10,405 DEBUG:findfont: score(FontEntry(fname='C:\\Windows\\Fonts\\greeks_IV50.ttf', name='GreekS', style='normal', variant='normal', weight=400, stretch='normal', size='scalable')) = 10.05
2025-01-09 11:26:10,405 DEBUG:findfont: score(FontEntry(fname='C:\\Windows\\Fonts\\counb___.ttf', name='CountryBlueprint', style='normal', variant='normal', weight=400, stretch='normal', size='scalable')) = 10.05
2025-01-09 11:26:10,405 DEBUG:findfont: score(FontEntry(fname='C:\\Windows\\Fonts\\gadugi.ttf', name='Gadugi', style='normal', variant='normal', weight=400, stretch='normal', size='scalable')) = 10.05
2025-01-09 11:26:10,406 DEBUG:findfont: score(FontEntry(fname='C:\\Windows\\Fonts\\Artifakt Element Bold Italic.ttf', name='Artifakt Element', style='italic', variant='normal', weight=700, stretch='normal', size='scalable')) = 11.335
2025-01-09 11:26:10,406 DEBUG:findfont: score(FontEntry(fname='C:\\Windows\\Fonts\\HTOWERTI.TTF', name='High Tower Text', style='italic', variant='normal', weight=400, stretch='normal', size='scalable')) = 11.05
2025-01-09 11:26:10,406 DEBUG:findfont: score(FontEntry(fname='C:\\Windows\\Fonts\\WINGDNG2.TTF', name='Wingdings 2', style='normal', variant='normal', weight=400, stretch='normal', size='scalable')) = 10.05
2025-01-09 11:26:10,406 DEBUG:findfont: score(FontEntry(fname='C:\\Windows\\Fonts\\cambria.ttc', name='Cambria', style='normal', variant='normal', weight=400, stretch='normal', size='scalable')) = 10.05
2025-01-09 11:26:10,407 DEBUG:findfont: score(FontEntry(fname='C:\\Windows\\Fonts\\georgiai.ttf', name='Georgia', style='italic', variant='normal', weight=400, stretch='normal', size='scalable')) = 11.05
2025-01-09 11:26:10,407 DEBUG:findfont: score(FontEntry(fname='C:\\Windows\\Fonts\\POORICH.TTF', name='Poor Richard', style='normal', variant='normal', weight=400, stretch='normal', size='scalable')) = 10.05
2025-01-09 11:26:10,407 DEBUG:findfont: score(FontEntry(fname='C:\\Windows\\Fonts\\AcadEref.ttf', name='AcadEref', style='normal', variant='normal', weight=400, stretch='normal', size='scalable')) = 10.05
2025-01-09 11:26:10,407 DEBUG:findfont: score(FontEntry(fname='C:\\Windows\\Fonts\\LeelUIsl.ttf', name='Leelawadee UI', style='normal', variant='normal', weight=350, stretch='normal', size='scalable')) = 10.0975
2025-01-09 11:26:10,408 DEBUG:findfont: score(FontEntry(fname='C:\\Windows\\Fonts\\georgiaz.ttf', name='Georgia', style='italic', variant='normal', weight=700, stretch='normal', size='scalable')) = 11.335
2025-01-09 11:26:10,408 DEBUG:findfont: score(FontEntry(fname='C:\\Windows\\Fonts\\ERASDEMI.TTF', name='Eras Demi ITC', style='normal', variant='normal', weight=400, stretch='normal', size='scalable')) = 10.05
2025-01-09 11:26:10,408 DEBUG:findfont: score(FontEntry(fname='C:\\Windows\\Fonts\\FRADMCN.TTF', name='Franklin Gothic Demi Cond', style='normal', variant='normal', weight=400, stretch='condensed', size='scalable')) = 10.25
2025-01-09 11:26:10,408 DEBUG:findfont: score(FontEntry(fname='C:\\Windows\\Fonts\\swisse.ttf', name='Swis721 Ex BT', style='normal', variant='normal', weight=400, stretch='expanded', size='scalable')) = 10.25
2025-01-09 11:26:10,408 DEBUG:findfont: score(FontEntry(fname='C:\\Windows\\Fonts\\ARIALNB.TTF', name='Arial', style='normal', variant='normal', weight=700, stretch='condensed', size='scalable')) = 6.8986363636363635
2025-01-09 11:26:10,409 DEBUG:findfont: score(FontEntry(fname='C:\\Windows\\Fonts\\calibriz.ttf', name='Calibri', style='italic', variant='normal', weight=700, stretch='normal', size='scalable')) = 11.335
2025-01-09 11:26:10,409 DEBUG:findfont: score(FontEntry(fname='C:\\Windows\\Fonts\\yuminl.ttf', name='Yu Mincho', style='normal', variant='normal', weight=300, stretch='normal', size='scalable')) = 10.145
2025-01-09 11:26:10,409 DEBUG:findfont: score(FontEntry(fname='C:\\Windows\\Fonts\\technic_.ttf', name='Technic', style='normal', variant='normal', weight=400, stretch='normal', size='scalable')) = 10.05
2025-01-09 11:26:10,410 DEBUG:findfont: score(FontEntry(fname='C:\\Windows\\Fonts\\bgothl.ttf', name='BankGothic Lt BT', style='normal', variant='normal', weight=400, stretch='normal', size='scalable')) = 10.05
2025-01-09 11:26:10,410 DEBUG:findfont: score(FontEntry(fname='C:\\Windows\\Fonts\\msjhbd.ttc', name='Microsoft JhengHei', style='normal', variant='normal', weight=700, stretch='normal', size='scalable')) = 10.335
2025-01-09 11:26:10,411 DEBUG:findfont: score(FontEntry(fname='C:\\Windows\\Fonts\\SegoeIcons.ttf', name='Segoe Fluent Icons', style='normal', variant='normal', weight=400, stretch='normal', size='scalable')) = 10.05
2025-01-09 11:26:10,411 DEBUG:findfont: score(FontEntry(fname='C:\\Windows\\Fonts\\TCBI____.TTF', name='Tw Cen MT', style='italic', variant='normal', weight=700, stretch='normal', size='scalable')) = 11.335
2025-01-09 11:26:10,411 DEBUG:findfont: score(FontEntry(fname='C:\\Windows\\Fonts\\malgun.ttf', name='Malgun Gothic', style='normal', variant='normal', weight=400, stretch='normal', size='scalable')) = 10.05
2025-01-09 11:26:10,412 DEBUG:findfont: score(FontEntry(fname='C:\\Windows\\Fonts\\TCM_____.TTF', name='Tw Cen MT', style='normal', variant='normal', weight=400, stretch='normal', size='scalable')) = 10.05
2025-01-09 11:26:10,412 DEBUG:findfont: score(FontEntry(fname='C:\\Windows\\Fonts\\ROCKBI.TTF', name='Rockwell', style='italic', variant='normal', weight=700, stretch='normal', size='scalable')) = 11.335
2025-01-09 11:26:10,413 DEBUG:findfont: score(FontEntry(fname='C:\\Windows\\Fonts\\javatext.ttf', name='Javanese Text', style='normal', variant='normal', weight=400, stretch='normal', size='scalable')) = 10.05
2025-01-09 11:26:10,413 DEBUG:findfont: score(FontEntry(fname='C:\\Windows\\Fonts\\TCCM____.TTF', name='Tw Cen MT Condensed', style='normal', variant='normal', weight=400, stretch='condensed', size='scalable')) = 10.25
2025-01-09 11:26:10,413 DEBUG:findfont: score(FontEntry(fname='C:\\Windows\\Fonts\\timesbi.ttf', name='Times New Roman', style='italic', variant='normal', weight=700, stretch='normal', size='scalable')) = 11.335
2025-01-09 11:26:10,414 DEBUG:findfont: score(FontEntry(fname='C:\\Windows\\Fonts\\seguisym.ttf', name='Segoe UI Symbol', style='normal', variant='normal', weight=400, stretch='normal', size='scalable')) = 10.05
2025-01-09 11:26:10,414 DEBUG:findfont: score(FontEntry(fname='C:\\Windows\\Fonts\\PALSCRI.TTF', name='Palace Script MT', style='normal', variant='normal', weight=400, stretch='normal', size='scalable')) = 10.05
2025-01-09 11:26:10,415 DEBUG:findfont: score(FontEntry(fname='C:\\Windows\\Fonts\\TCCB____.TTF', name='Tw Cen MT Condensed', style='normal', variant='normal', weight=700, stretch='condensed', size='scalable')) = 10.535
2025-01-09 11:26:10,415 DEBUG:findfont: score(FontEntry(fname='C:\\Windows\\Fonts\\calibrib.ttf', name='Calibri', style='normal', variant='normal', weight=700, stretch='normal', size='scalable')) = 10.335
2025-01-09 11:26:10,415 DEBUG:findfont: score(FontEntry(fname='C:\\Windows\\Fonts\\ebrima.ttf', name='Ebrima', style='normal', variant='normal', weight=400, stretch='normal', size='scalable')) = 10.05
2025-01-09 11:26:10,416 DEBUG:findfont: score(FontEntry(fname='C:\\Windows\\Fonts\\DUBAI-MEDIUM.TTF', name='Dubai', style='normal', variant='normal', weight=500, stretch='normal', size='scalable')) = 10.145
2025-01-09 11:26:10,416 DEBUG:findfont: score(FontEntry(fname='C:\\Windows\\Fonts\\monotxt_.ttf', name='Monotxt', style='normal', variant='normal', weight=400, stretch='normal', size='scalable')) = 10.05
2025-01-09 11:26:10,416 DEBUG:findfont: score(FontEntry(fname='C:\\Windows\\Fonts\\segoesc.ttf', name='Segoe Script', style='normal', variant='normal', weight=400, stretch='normal', size='scalable')) = 10.05
2025-01-09 11:26:10,417 DEBUG:findfont: score(FontEntry(fname='C:\\Windows\\Fonts\\YuGothB.ttc', name='Yu Gothic', style='normal', variant='normal', weight=700, stretch='normal', size='scalable')) = 10.335
2025-01-09 11:26:10,417 DEBUG:findfont: score(FontEntry(fname='C:\\Windows\\Fonts\\dutch.ttf', name='Dutch801 Rm BT', style='normal', variant='normal', weight=400, stretch='normal', size='scalable')) = 10.05
2025-01-09 11:26:10,417 DEBUG:findfont: score(FontEntry(fname='C:\\Windows\\Fonts\\BIZ-UDGothicB.ttc', name='BIZ UDGothic', style='normal', variant='normal', weight=700, stretch='normal', size='scalable')) = 10.335
2025-01-09 11:26:10,418 DEBUG:findfont: score(FontEntry(fname='C:\\Windows\\Fonts\\NirmalaB.ttf', name='Nirmala UI', style='normal', variant='normal', weight=700, stretch='normal', size='scalable')) = 10.335
2025-01-09 11:26:10,418 DEBUG:findfont: score(FontEntry(fname='C:\\Windows\\Fonts\\himalaya.ttf', name='Microsoft Himalaya', style='normal', variant='normal', weight=400, stretch='normal', size='scalable')) = 10.05
2025-01-09 11:26:10,418 DEBUG:findfont: score(FontEntry(fname='C:\\Windows\\Fonts\\CALIFB.TTF', name='Californian FB', style='normal', variant='normal', weight=700, stretch='normal', size='scalable')) = 10.335
2025-01-09 11:26:10,419 DEBUG:findfont: score(FontEntry(fname='C:\\Windows\\Fonts\\mmrtextb.ttf', name='Myanmar Text', style='normal', variant='normal', weight=700, stretch='normal', size='scalable')) = 10.335
2025-01-09 11:26:10,419 DEBUG:findfont: score(FontEntry(fname='C:\\Windows\\Fonts\\JOKERMAN.TTF', name='Jokerman', style='normal', variant='normal', weight=400, stretch='normal', size='scalable')) = 10.05
2025-01-09 11:26:10,419 DEBUG:findfont: score(FontEntry(fname='C:\\Windows\\Fonts\\HGRGM.TTC', name='HGGothicM', style='normal', variant='normal', weight=400, stretch='normal', size='scalable')) = 10.05
2025-01-09 11:26:10,420 DEBUG:findfont: score(FontEntry(fname='C:\\Windows\\Fonts\\MTCORSVA.TTF', name='Monotype Corsiva', style='normal', variant='normal', weight=400, stretch='normal', size='scalable')) = 10.05
2025-01-09 11:26:10,420 DEBUG:findfont: score(FontEntry(fname='C:\\Windows\\Fonts\\ERASBD.TTF', name='Eras Bold ITC', style='normal', variant='normal', weight=400, stretch='normal', size='scalable')) = 10.05
2025-01-09 11:26:10,420 DEBUG:findfont: score(FontEntry(fname='C:\\Windows\\Fonts\\FRABK.TTF', name='Franklin Gothic Book', style='normal', variant='normal', weight=400, stretch='normal', size='scalable')) = 10.05
2025-01-09 11:26:10,420 DEBUG:findfont: score(FontEntry(fname='C:\\Windows\\Fonts\\verdanaz.ttf', name='Verdana', style='italic', variant='normal', weight=700, stretch='normal', size='scalable')) = 4.971363636363637
2025-01-09 11:26:10,421 DEBUG:findfont: score(FontEntry(fname='C:\\Windows\\Fonts\\scriptc_.ttf', name='ScriptC', style='normal', variant='normal', weight=400, stretch='normal', size='scalable')) = 10.05
2025-01-09 11:26:10,421 DEBUG:findfont: score(FontEntry(fname='C:\\Windows\\Fonts\\seguiemj.ttf', name='Segoe UI Emoji', style='normal', variant='normal', weight=400, stretch='normal', size='scalable')) = 10.05
2025-01-09 11:26:10,421 DEBUG:findfont: score(FontEntry(fname='C:\\Windows\\Fonts\\dutcheb.ttf', name='Dutch801 XBd BT', style='normal', variant='normal', weight=400, stretch='normal', size='scalable')) = 10.05
2025-01-09 11:26:10,422 DEBUG:findfont: score(FontEntry(fname='C:\\Windows\\Fonts\\Artifakt Element Heavy.ttf', name='Artifakt Element', style='normal', variant='normal', weight=900, stretch='normal', size='scalable')) = 10.525
2025-01-09 11:26:10,422 DEBUG:findfont: score(FontEntry(fname='C:\\Windows\\Fonts\\BRLNSDB.TTF', name='Berlin Sans FB Demi', style='normal', variant='normal', weight=700, stretch='normal', size='scalable')) = 10.335
2025-01-09 11:26:10,422 DEBUG:findfont: score(FontEntry(fname='C:\\Windows\\Fonts\\LTYPEBO.TTF', name='Lucida Sans Typewriter', style='oblique', variant='normal', weight=600, stretch='normal', size='scalable')) = 11.24
2025-01-09 11:26:10,422 DEBUG:findfont: score(FontEntry(fname='C:\\Windows\\Fonts\\italic_IV50.ttf', name='Italic', style='italic', variant='normal', weight=400, stretch='normal', size='scalable')) = 11.05
2025-01-09 11:26:10,423 DEBUG:findfont: score(FontEntry(fname='C:\\Windows\\Fonts\\bgothm.ttf', name='BankGothic Md BT', style='normal', variant='normal', weight=400, stretch='normal', size='scalable')) = 10.05
2025-01-09 11:26:10,423 DEBUG:findfont: score(FontEntry(fname='C:\\Windows\\Fonts\\LFAX.TTF', name='Lucida Fax', style='normal', variant='normal', weight=400, stretch='normal', size='scalable')) = 10.05
2025-01-09 11:26:10,423 DEBUG:findfont: score(FontEntry(fname='C:\\Windows\\Fonts\\FELIXTI.TTF', name='Felix Titling', style='normal', variant='normal', weight=400, stretch='normal', size='scalable')) = 10.05
2025-01-09 11:26:10,424 DEBUG:findfont: score(FontEntry(fname='C:\\Windows\\Fonts\\meiryo.ttc', name='Meiryo', style='normal', variant='normal', weight=400, stretch='normal', size='scalable')) = 10.05
2025-01-09 11:26:10,424 DEBUG:findfont: score(FontEntry(fname='C:\\Windows\\Fonts\\calibrii.ttf', name='Calibri', style='italic', variant='normal', weight=400, stretch='normal', size='scalable')) = 11.05
2025-01-09 11:26:10,424 DEBUG:findfont: score(FontEntry(fname='C:\\Windows\\Fonts\\BRITANIC.TTF', name='Britannic Bold', style='normal', variant='normal', weight=400, stretch='normal', size='scalable')) = 10.05
2025-01-09 11:26:10,424 DEBUG:findfont: score(FontEntry(fname='C:\\Windows\\Fonts\\BELL.TTF', name='Bell MT', style='normal', variant='normal', weight=400, stretch='normal', size='scalable')) = 10.05
2025-01-09 11:26:10,425 DEBUG:findfont: score(FontEntry(fname='C:\\Windows\\Fonts\\ROCKB.TTF', name='Rockwell', style='normal', variant='normal', weight=700, stretch='normal', size='scalable')) = 10.335
2025-01-09 11:26:10,425 DEBUG:findfont: score(FontEntry(fname='C:\\Windows\\Fonts\\COPRGTB.TTF', name='Copperplate Gothic Bold', style='normal', variant='normal', weight=400, stretch='normal', size='scalable')) = 10.05
2025-01-09 11:26:10,426 DEBUG:findfont: score(FontEntry(fname='C:\\Windows\\Fonts\\PERBI___.TTF', name='Perpetua', style='italic', variant='normal', weight=700, stretch='normal', size='scalable')) = 11.335
2025-01-09 11:26:10,426 DEBUG:findfont: score(FontEntry(fname='C:\\Windows\\Fonts\\BOD_CR.TTF', name='Bodoni MT', style='normal', variant='normal', weight=400, stretch='condensed', size='scalable')) = 10.25
2025-01-09 11:26:10,426 DEBUG:findfont: score(FontEntry(fname='C:\\Windows\\Fonts\\REFSPCL.TTF', name='MS Reference Specialty', style='normal', variant='normal', weight=400, stretch='normal', size='scalable')) = 10.05
2025-01-09 11:26:10,426 DEBUG:findfont: score(FontEntry(fname='C:\\Windows\\Fonts\\BOD_I.TTF', name='Bodoni MT', style='italic', variant='normal', weight=400, stretch='normal', size='scalable')) = 11.05
2025-01-09 11:26:10,427 DEBUG:findfont: score(FontEntry(fname='C:\\Windows\\Fonts\\verdana.ttf', name='Verdana', style='normal', variant='normal', weight=400, stretch='normal', size='scalable')) = 3.6863636363636365
2025-01-09 11:26:10,428 DEBUG:findfont: score(FontEntry(fname='C:\\Windows\\Fonts\\dutchi.ttf', name='Dutch801 Rm BT', style='italic', variant='normal', weight=400, stretch='normal', size='scalable')) = 11.05
2025-01-09 11:26:10,428 DEBUG:findfont: score(FontEntry(fname='C:\\Windows\\Fonts\\NIAGENG.TTF', name='Niagara Engraved', style='normal', variant='normal', weight=400, stretch='normal', size='scalable')) = 10.05
2025-01-09 11:26:10,429 DEBUG:findfont: score(FontEntry(fname='C:\\Windows\\Fonts\\isocpeur.ttf', name='ISOCPEUR', style='normal', variant='normal', weight=400, stretch='normal', size='scalable')) = 10.05
2025-01-09 11:26:10,429 DEBUG:findfont: score(FontEntry(fname='C:\\Windows\\Fonts\\corbel.ttf', name='Corbel', style='normal', variant='normal', weight=400, stretch='normal', size='scalable')) = 10.05
2025-01-09 11:26:10,430 DEBUG:findfont: score(FontEntry(fname='C:\\Windows\\Fonts\\ebrimabd.ttf', name='Ebrima', style='normal', variant='normal', weight=700, stretch='normal', size='scalable')) = 10.335
2025-01-09 11:26:10,430 DEBUG:findfont: score(FontEntry(fname='C:\\Windows\\Fonts\\ARLRDBD.TTF', name='Arial Rounded MT Bold', style='normal', variant='normal', weight=400, stretch='normal', size='scalable')) = 10.05
2025-01-09 11:26:10,431 DEBUG:findfont: score(FontEntry(fname='C:\\Windows\\Fonts\\comic.ttf', name='Comic Sans MS', style='normal', variant='normal', weight=400, stretch='normal', size='scalable')) = 10.05
2025-01-09 11:26:10,431 DEBUG:findfont: score(FontEntry(fname='C:\\Windows\\Fonts\\isoct2__.ttf', name='ISOCT2', style='normal', variant='normal', weight=400, stretch='normal', size='scalable')) = 10.05
2025-01-09 11:26:10,431 DEBUG:findfont: score(FontEntry(fname='C:\\Windows\\Fonts\\isocpeui.ttf', name='ISOCPEUR', style='italic', variant='normal', weight=400, stretch='normal', size='scalable')) = 11.05
2025-01-09 11:26:10,431 DEBUG:findfont: score(FontEntry(fname='C:\\Windows\\Fonts\\cambriab.ttf', name='Cambria', style='normal', variant='normal', weight=700, stretch='normal', size='scalable')) = 10.335
2025-01-09 11:26:10,432 DEBUG:findfont: score(FontEntry(fname='C:\\Windows\\Fonts\\ROCK.TTF', name='Rockwell', style='normal', variant='normal', weight=400, stretch='normal', size='scalable')) = 10.05
2025-01-09 11:26:10,432 DEBUG:findfont: score(FontEntry(fname='C:\\Windows\\Fonts\\BOD_CB.TTF', name='Bodoni MT', style='normal', variant='normal', weight=700, stretch='condensed', size='scalable')) = 10.535
2025-01-09 11:26:10,432 DEBUG:findfont: score(FontEntry(fname='C:\\Windows\\Fonts\\symap_IV50.ttf', name='Symap', style='normal', variant='normal', weight=400, stretch='normal', size='scalable')) = 10.05
2025-01-09 11:26:10,432 DEBUG:findfont: score(FontEntry(fname='C:\\Windows\\Fonts\\symusic_IV50.ttf', name='Symusic', style='normal', variant='normal', weight=400, stretch='normal', size='scalable')) = 10.05
2025-01-09 11:26:10,433 DEBUG:findfont: score(FontEntry(fname='C:\\Windows\\Fonts\\GIGI.TTF', name='Gigi', style='normal', variant='normal', weight=400, stretch='normal', size='scalable')) = 10.05
2025-01-09 11:26:10,433 DEBUG:findfont: score(FontEntry(fname='C:\\Windows\\Fonts\\constanb.ttf', name='Constantia', style='normal', variant='normal', weight=700, stretch='normal', size='scalable')) = 10.335
2025-01-09 11:26:10,433 DEBUG:findfont: score(FontEntry(fname='C:\\Windows\\Fonts\\symath_IV25.ttf', name='Symath', style='normal', variant='normal', weight=400, stretch='normal', size='scalable')) = 10.05
2025-01-09 11:26:10,433 DEBUG:findfont: score(FontEntry(fname='C:\\Windows\\Fonts\\BERNHC.TTF', name='Bernard MT Condensed', style='normal', variant='normal', weight=400, stretch='condensed', size='scalable')) = 10.25
2025-01-09 11:26:10,433 DEBUG:findfont: score(FontEntry(fname='C:\\Windows\\Fonts\\symbol.ttf', name='Symbol', style='normal', variant='normal', weight=400, stretch='normal', size='scalable')) = 10.05
2025-01-09 11:26:10,434 DEBUG:findfont: score(FontEntry(fname='C:\\Windows\\Fonts\\GOTHICI.TTF', name='Century Gothic', style='italic', variant='normal', weight=400, stretch='normal', size='scalable')) = 11.05
2025-01-09 11:26:10,434 DEBUG:findfont: score(FontEntry(fname='C:\\Windows\\Fonts\\gothici_.ttf', name='GothicI', style='normal', variant='normal', weight=400, stretch='normal', size='scalable')) = 10.05
2025-01-09 11:26:10,434 DEBUG:findfont: score(FontEntry(fname='C:\\Windows\\Fonts\\romantic.ttf', name='Romantic', style='normal', variant='normal', weight=400, stretch='normal', size='scalable')) = 10.05
2025-01-09 11:26:10,435 DEBUG:findfont: score(FontEntry(fname='C:\\Windows\\Fonts\\mvboli.ttf', name='MV Boli', style='normal', variant='normal', weight=400, stretch='normal', size='scalable')) = 10.05
2025-01-09 11:26:10,435 DEBUG:findfont: score(FontEntry(fname='C:\\Windows\\Fonts\\pala.ttf', name='Palatino Linotype', style='normal', variant='normal', weight=400, stretch='normal', size='scalable')) = 10.05
2025-01-09 11:26:10,435 DEBUG:findfont: score(FontEntry(fname='C:\\Windows\\Fonts\\corbelli.ttf', name='Corbel', style='italic', variant='normal', weight=300, stretch='normal', size='scalable')) = 11.145
2025-01-09 11:26:10,436 DEBUG:findfont: score(FontEntry(fname='C:\\Windows\\Fonts\\monos.ttf', name='Monospac821 BT', style='normal', variant='normal', weight=400, stretch='normal', size='scalable')) = 10.05
2025-01-09 11:26:10,436 DEBUG:findfont: score(FontEntry(fname='C:\\Windows\\Fonts\\ARIALNBI.TTF', name='Arial', style='italic', variant='normal', weight=700, stretch='condensed', size='scalable')) = 7.8986363636363635
2025-01-09 11:26:10,436 DEBUG:findfont: score(FontEntry(fname='C:\\Windows\\Fonts\\HGRSKP.TTF', name='HGSeikaishotaiPRO', style='normal', variant='normal', weight=400, stretch='normal', size='scalable')) = 10.05
2025-01-09 11:26:10,436 DEBUG:findfont: score(FontEntry(fname='C:\\Windows\\Fonts\\swissb.ttf', name='Swis721 BT', style='normal', variant='normal', weight=700, stretch='normal', size='scalable')) = 10.335
2025-01-09 11:26:10,436 DEBUG:findfont: score(FontEntry(fname='C:\\Windows\\Fonts\\swissel.ttf', name='Swis721 LtEx BT', style='normal', variant='normal', weight=400, stretch='expanded', size='scalable')) = 10.25
2025-01-09 11:26:10,437 DEBUG:findfont: score(FontEntry(fname='C:\\Windows\\Fonts\\isoct3_IV50.ttf', name='ISOCT3', style='normal', variant='normal', weight=400, stretch='normal', size='scalable')) = 10.05
2025-01-09 11:26:10,437 DEBUG:findfont: score(FontEntry(fname='C:\\Windows\\Fonts\\LeelawUI.ttf', name='Leelawadee UI', style='normal', variant='normal', weight=400, stretch='normal', size='scalable')) = 10.05
2025-01-09 11:26:10,437 DEBUG:findfont: score(FontEntry(fname='C:\\Windows\\Fonts\\constan.ttf', name='Constantia', style='normal', variant='normal', weight=400, stretch='normal', size='scalable')) = 10.05
2025-01-09 11:26:10,437 DEBUG:findfont: score(FontEntry(fname='C:\\Windows\\Fonts\\georgiab.ttf', name='Georgia', style='normal', variant='normal', weight=700, stretch='normal', size='scalable')) = 10.335
2025-01-09 11:26:10,438 DEBUG:findfont: score(FontEntry(fname='C:\\Windows\\Fonts\\ariali.ttf', name='Arial', style='italic', variant='normal', weight=400, stretch='normal', size='scalable')) = 7.413636363636363
2025-01-09 11:26:10,438 DEBUG:findfont: score(FontEntry(fname='C:\\Windows\\Fonts\\consolaz.ttf', name='Consolas', style='italic', variant='normal', weight=700, stretch='normal', size='scalable')) = 11.335
2025-01-09 11:26:10,438 DEBUG:findfont: score(FontEntry(fname='C:\\Windows\\Fonts\\swissl.ttf', name='Swis721 Lt BT', style='normal', variant='normal', weight=400, stretch='normal', size='scalable')) = 10.05
2025-01-09 11:26:10,438 DEBUG:findfont: score(FontEntry(fname='C:\\Windows\\Fonts\\isocp3__.ttf', name='ISOCP3', style='normal', variant='normal', weight=400, stretch='normal', size='scalable')) = 10.05
2025-01-09 11:26:10,438 DEBUG:findfont: score(FontEntry(fname='C:\\Windows\\Fonts\\mtproxy2.ttf', name='Proxy 2', style='normal', variant='normal', weight=400, stretch='normal', size='scalable')) = 10.05
2025-01-09 11:26:10,439 DEBUG:findfont: score(FontEntry(fname='C:\\Windows\\Fonts\\Artifakt Element Thin.ttf', name='Artifakt Element', style='normal', variant='normal', weight=200, stretch='normal', size='scalable')) = 10.24
2025-01-09 11:26:10,439 DEBUG:findfont: score(FontEntry(fname='C:\\Windows\\Fonts\\YuGothM.ttc', name='Yu Gothic', style='normal', variant='normal', weight=500, stretch='normal', size='scalable')) = 10.145
2025-01-09 11:26:10,439 DEBUG:findfont: score(FontEntry(fname='C:\\Windows\\Fonts\\seguihis.ttf', name='Segoe UI Historic', style='normal', variant='normal', weight=400, stretch='normal', size='scalable')) = 10.05
2025-01-09 11:26:10,440 DEBUG:findfont: score(FontEntry(fname='C:\\Windows\\Fonts\\BOD_CBI.TTF', name='Bodoni MT', style='italic', variant='normal', weight=700, stretch='condensed', size='scalable')) = 11.535
2025-01-09 11:26:10,440 DEBUG:findfont: score(FontEntry(fname='C:\\Windows\\Fonts\\GARA.TTF', name='Garamond', style='normal', variant='normal', weight=400, stretch='normal', size='scalable')) = 10.05
2025-01-09 11:26:10,440 DEBUG:findfont: score(FontEntry(fname='C:\\Windows\\Fonts\\palai.ttf', name='Palatino Linotype', style='italic', variant='normal', weight=400, stretch='normal', size='scalable')) = 11.05
2025-01-09 11:26:10,440 DEBUG:findfont: score(FontEntry(fname='C:\\Windows\\Fonts\\swissci.ttf', name='Swis721 Cn BT', style='italic', variant='normal', weight=400, stretch='condensed', size='scalable')) = 11.25
2025-01-09 11:26:10,441 DEBUG:findfont: score(FontEntry(fname='C:\\Windows\\Fonts\\LFAXDI.TTF', name='Lucida Fax', style='italic', variant='normal', weight=600, stretch='normal', size='scalable')) = 11.24
2025-01-09 11:26:10,441 DEBUG:findfont: score(FontEntry(fname='C:\\Windows\\Fonts\\BOD_BLAR.TTF', name='Bodoni MT', style='normal', variant='normal', weight=900, stretch='normal', size='scalable')) = 10.525
2025-01-09 11:26:10,441 DEBUG:findfont: score(FontEntry(fname='C:\\Windows\\Fonts\\swiss.ttf', name='Swis721 BT', style='normal', variant='normal', weight=400, stretch='normal', size='scalable')) = 10.05
2025-01-09 11:26:10,441 DEBUG:findfont: score(FontEntry(fname='C:\\Windows\\Fonts\\MATURASC.TTF', name='Matura MT Script Capitals', style='normal', variant='normal', weight=400, stretch='normal', size='scalable')) = 10.05
2025-01-09 11:26:10,442 DEBUG:findfont: score(FontEntry(fname='C:\\Windows\\Fonts\\HGRPP1.TTC', name='HGSoeiKakupoptai', style='normal', variant='normal', weight=400, stretch='normal', size='scalable')) = 10.05
2025-01-09 11:26:10,442 DEBUG:findfont: score(FontEntry(fname='C:\\Windows\\Fonts\\mtproxy4.ttf', name='Proxy 4', style='normal', variant='normal', weight=400, stretch='normal', size='scalable')) = 10.05
2025-01-09 11:26:10,442 DEBUG:findfont: score(FontEntry(fname='C:\\Windows\\Fonts\\isocp_IV25.ttf', name='ISOCP', style='normal', variant='normal', weight=400, stretch='normal', size='scalable')) = 10.05
2025-01-09 11:26:10,442 DEBUG:findfont: score(FontEntry(fname='C:\\Windows\\Fonts\\CASTELAR.TTF', name='Castellar', style='normal', variant='normal', weight=400, stretch='normal', size='scalable')) = 10.05
2025-01-09 11:26:10,442 DEBUG:findfont: score(FontEntry(fname='C:\\Windows\\Fonts\\Artifakt Element Hair.ttf', name='Artifakt Element', style='normal', variant='normal', weight=100, stretch='normal', size='scalable')) = 10.335
2025-01-09 11:26:10,443 DEBUG:findfont: score(FontEntry(fname='C:\\Windows\\Fonts\\LeelaUIb.ttf', name='Leelawadee UI', style='normal', variant='normal', weight=700, stretch='normal', size='scalable')) = 10.335
2025-01-09 11:26:10,443 DEBUG:findfont: score(FontEntry(fname='C:\\Windows\\Fonts\\BASKVILL.TTF', name='Baskerville Old Face', style='normal', variant='normal', weight=400, stretch='normal', size='scalable')) = 10.05
2025-01-09 11:26:10,444 DEBUG:findfont: score(FontEntry(fname='C:\\Windows\\Fonts\\romand__.ttf', name='RomanD', style='normal', variant='normal', weight=400, stretch='normal', size='scalable')) = 10.05
2025-01-09 11:26:10,444 DEBUG:findfont: score(FontEntry(fname='C:\\Windows\\Fonts\\sanssb__.ttf', name='SansSerif', style='normal', variant='normal', weight=700, stretch='normal', size='scalable')) = 10.335
2025-01-09 11:26:10,445 DEBUG:findfont: score(FontEntry(fname='C:\\Windows\\Fonts\\mtproxy6.ttf', name='Proxy 6', style='normal', variant='normal', weight=400, stretch='normal', size='scalable')) = 10.05
2025-01-09 11:26:10,445 DEBUG:findfont: score(FontEntry(fname='C:\\Windows\\Fonts\\segoeuiz.ttf', name='Segoe UI', style='italic', variant='normal', weight=700, stretch='normal', size='scalable')) = 11.335
2025-01-09 11:26:10,446 DEBUG:findfont: score(FontEntry(fname='C:\\Windows\\Fonts\\GARABD.TTF', name='Garamond', style='normal', variant='normal', weight=700, stretch='normal', size='scalable')) = 10.335
2025-01-09 11:26:10,446 DEBUG:findfont: score(FontEntry(fname='C:\\Windows\\Fonts\\BIZ-UDGothicR.ttc', name='BIZ UDGothic', style='normal', variant='normal', weight=400, stretch='normal', size='scalable')) = 10.05
2025-01-09 11:26:10,447 DEBUG:findfont: score(FontEntry(fname='C:\\Windows\\Fonts\\MSUIGHUR.TTF', name='Microsoft Uighur', style='normal', variant='normal', weight=400, stretch='normal', size='scalable')) = 10.05
2025-01-09 11:26:10,447 DEBUG:findfont: score(FontEntry(fname='C:\\Windows\\Fonts\\REFSAN.TTF', name='MS Reference Sans Serif', style='normal', variant='normal', weight=400, stretch='normal', size='scalable')) = 10.05
2025-01-09 11:26:10,447 DEBUG:findfont: score(FontEntry(fname='C:\\Windows\\Fonts\\NirmalaS.ttf', name='Nirmala UI', style='normal', variant='normal', weight=350, stretch='normal', size='scalable')) = 10.0975
2025-01-09 11:26:10,448 DEBUG:findfont: score(FontEntry(fname='C:\\Windows\\Fonts\\couri.ttf', name='Courier New', style='italic', variant='normal', weight=400, stretch='normal', size='scalable')) = 11.05
2025-01-09 11:26:10,448 DEBUG:findfont: score(FontEntry(fname='C:\\Windows\\Fonts\\constani.ttf', name='Constantia', style='italic', variant='normal', weight=400, stretch='normal', size='scalable')) = 11.05
2025-01-09 11:26:10,448 DEBUG:findfont: score(FontEntry(fname='C:\\Windows\\Fonts\\mtproxy9.ttf', name='Proxy 9', style='normal', variant='normal', weight=400, stretch='normal', size='scalable')) = 10.05
2025-01-09 11:26:10,448 DEBUG:findfont: score(FontEntry(fname='C:\\Windows\\Fonts\\BOD_CI.TTF', name='Bodoni MT', style='italic', variant='normal', weight=400, stretch='condensed', size='scalable')) = 11.25
2025-01-09 11:26:10,449 DEBUG:findfont: score(FontEntry(fname='C:\\Windows\\Fonts\\seguili.ttf', name='Segoe UI', style='italic', variant='normal', weight=300, stretch='normal', size='scalable')) = 11.145
2025-01-09 11:26:10,449 DEBUG:findfont: score(FontEntry(fname='C:\\Windows\\Fonts\\GOST Common Italic.ttf', name='GOST Common', style='italic', variant='normal', weight=400, stretch='normal', size='scalable')) = 11.05
2025-01-09 11:26:10,449 DEBUG:findfont: score(FontEntry(fname='C:\\Windows\\Fonts\\gadugib.ttf', name='Gadugi', style='normal', variant='normal', weight=700, stretch='normal', size='scalable')) = 10.335
2025-01-09 11:26:10,450 DEBUG:findfont: score(FontEntry(fname='C:\\Windows\\Fonts\\italicc_.ttf', name='ItalicC', style='italic', variant='normal', weight=400, stretch='normal', size='scalable')) = 11.05
2025-01-09 11:26:10,450 DEBUG:findfont: score(FontEntry(fname='C:\\Windows\\Fonts\\Candaraz.ttf', name='Candara', style='italic', variant='normal', weight=700, stretch='normal', size='scalable')) = 11.335
2025-01-09 11:26:10,450 DEBUG:findfont: score(FontEntry(fname='C:\\Windows\\Fonts\\tahoma.ttf', name='Tahoma', style='normal', variant='normal', weight=400, stretch='normal', size='scalable')) = 10.05
2025-01-09 11:26:10,450 DEBUG:findfont: score(FontEntry(fname='C:\\Windows\\Fonts\\HGRPRE.TTC', name='HGSoeiPresenceEB', style='normal', variant='normal', weight=400, stretch='normal', size='scalable')) = 10.05
2025-01-09 11:26:10,450 DEBUG:findfont: score(FontEntry(fname='C:\\Windows\\Fonts\\umath.ttf', name='UniversalMath1 BT', style='normal', variant='normal', weight=400, stretch='normal', size='scalable')) = 10.05
2025-01-09 11:26:10,451 DEBUG:findfont: score(FontEntry(fname='C:\\Windows\\Fonts\\FRADM.TTF', name='Franklin Gothic Demi', style='normal', variant='normal', weight=400, stretch='normal', size='scalable')) = 10.05
2025-01-09 11:26:10,451 DEBUG:findfont: score(FontEntry(fname='C:\\Windows\\Fonts\\CALISTBI.TTF', name='Calisto MT', style='italic', variant='normal', weight=700, stretch='normal', size='scalable')) = 11.335
2025-01-09 11:26:10,451 DEBUG:findfont: score(FontEntry(fname='C:\\Windows\\Fonts\\SNAP____.TTF', name='Snap ITC', style='normal', variant='normal', weight=400, stretch='normal', size='scalable')) = 10.05
2025-01-09 11:26:10,452 DEBUG:findfont: score(FontEntry(fname='C:\\Windows\\Fonts\\msjh.ttc', name='Microsoft JhengHei', style='normal', variant='normal', weight=400, stretch='normal', size='scalable')) = 10.05
2025-01-09 11:26:10,452 DEBUG:findfont: score(FontEntry(fname='C:\\Windows\\Fonts\\CALIST.TTF', name='Calisto MT', style='normal', variant='normal', weight=400, stretch='normal', size='scalable')) = 10.05
2025-01-09 11:26:10,452 DEBUG:findfont: score(FontEntry(fname='C:\\Windows\\Fonts\\BRLNSR.TTF', name='Berlin Sans FB', style='normal', variant='normal', weight=400, stretch='normal', size='scalable')) = 10.05
2025-01-09 11:26:10,452 DEBUG:findfont: score(FontEntry(fname='C:\\Windows\\Fonts\\cambriai.ttf', name='Cambria', style='italic', variant='normal', weight=400, stretch='normal', size='scalable')) = 11.05
2025-01-09 11:26:10,452 DEBUG:findfont: score(FontEntry(fname='C:\\Windows\\Fonts\\txt_IV25.ttf', name='Txt', style='normal', variant='normal', weight=400, stretch='normal', size='scalable')) = 10.05
2025-01-09 11:26:10,453 DEBUG:findfont: score(FontEntry(fname='C:\\Windows\\Fonts\\FRSCRIPT.TTF', name='French Script MT', style='normal', variant='normal', weight=400, stretch='normal', size='scalable')) = 10.05
2025-01-09 11:26:10,453 DEBUG:findfont: score(FontEntry(fname='C:\\Windows\\Fonts\\PRISTINA.TTF', name='Pristina', style='normal', variant='normal', weight=400, stretch='normal', size='scalable')) = 10.05
2025-01-09 11:26:10,453 DEBUG:findfont: score(FontEntry(fname='C:\\Windows\\Fonts\\calibri.ttf', name='Calibri', style='normal', variant='normal', weight=400, stretch='normal', size='scalable')) = 10.05
2025-01-09 11:26:10,453 DEBUG:findfont: score(FontEntry(fname='C:\\Windows\\Fonts\\ARIALNI.TTF', name='Arial', style='italic', variant='normal', weight=400, stretch='condensed', size='scalable')) = 7.613636363636363
2025-01-09 11:26:10,453 DEBUG:findfont: score(FontEntry(fname='C:\\Windows\\Fonts\\segoeuib.ttf', name='Segoe UI', style='normal', variant='normal', weight=700, stretch='normal', size='scalable')) = 10.335
2025-01-09 11:26:10,454 DEBUG:findfont: score(FontEntry(fname='C:\\Windows\\Fonts\\msjhl.ttc', name='Microsoft JhengHei', style='normal', variant='normal', weight=290, stretch='normal', size='scalable')) = 10.1545
2025-01-09 11:26:10,454 DEBUG:findfont: score(FontEntry(fname='C:\\Windows\\Fonts\\mtproxy1.ttf', name='Proxy 1', style='normal', variant='normal', weight=400, stretch='normal', size='scalable')) = 10.05
2025-01-09 11:26:10,454 DEBUG:findfont: score(FontEntry(fname='C:\\Windows\\Fonts\\BRADHITC.TTF', name='Bradley Hand ITC', style='normal', variant='normal', weight=400, stretch='normal', size='scalable')) = 10.05
2025-01-09 11:26:10,454 DEBUG:findfont: score(FontEntry(fname='C:\\Windows\\Fonts\\swisscki.ttf', name='Swis721 BlkCn BT', style='italic', variant='normal', weight=400, stretch='condensed', size='scalable')) = 11.25
2025-01-09 11:26:10,455 DEBUG:findfont: score(FontEntry(fname='C:\\Windows\\Fonts\\LSANS.TTF', name='Lucida Sans', style='normal', variant='normal', weight=400, stretch='normal', size='scalable')) = 10.05
2025-01-09 11:26:10,455 DEBUG:findfont: score(FontEntry(fname='C:\\Windows\\Fonts\\monbaiti.ttf', name='Mongolian Baiti', style='normal', variant='normal', weight=400, stretch='normal', size='scalable')) = 10.05
2025-01-09 11:26:10,455 DEBUG:findfont: score(FontEntry(fname='C:\\Windows\\Fonts\\LCALLIG.TTF', name='Lucida Calligraphy', style='italic', variant='normal', weight=400, stretch='normal', size='scalable')) = 11.05
2025-01-09 11:26:10,455 DEBUG:findfont: score(FontEntry(fname='C:\\Windows\\Fonts\\eurr____.ttf', name='EuroRoman', style='normal', variant='normal', weight=400, stretch='normal', size='scalable')) = 10.05
2025-01-09 11:26:10,455 DEBUG:findfont: score(FontEntry(fname='C:\\Windows\\Fonts\\supef___.ttf', name='SuperFrench', style='normal', variant='normal', weight=400, stretch='normal', size='scalable')) = 10.05
2025-01-09 11:26:10,456 DEBUG:findfont: score(FontEntry(fname='C:\\Windows\\Fonts\\swisski.ttf', name='Swis721 Blk BT', style='italic', variant='normal', weight=400, stretch='normal', size='scalable')) = 11.05
2025-01-09 11:26:10,456 DEBUG:findfont: score(FontEntry(fname='C:\\Windows\\Fonts\\trebucbd.ttf', name='Trebuchet MS', style='normal', variant='normal', weight=700, stretch='normal', size='scalable')) = 10.335
2025-01-09 11:26:10,456 DEBUG:findfont: score(FontEntry(fname='C:\\Windows\\Fonts\\tahomabd.ttf', name='Tahoma', style='normal', variant='normal', weight=700, stretch='normal', size='scalable')) = 10.335
2025-01-09 11:26:10,456 DEBUG:findfont: score(FontEntry(fname='C:\\Windows\\Fonts\\swissi.ttf', name='Swis721 BT', style='italic', variant='normal', weight=400, stretch='normal', size='scalable')) = 11.05
2025-01-09 11:26:10,457 DEBUG:findfont: score(FontEntry(fname='C:\\Windows\\Fonts\\GENISO.ttf', name='GENISO', style='normal', variant='normal', weight=400, stretch='normal', size='scalable')) = 10.05
2025-01-09 11:26:10,457 DEBUG:findfont: score(FontEntry(fname='C:\\Windows\\Fonts\\SitkaVF.ttf', name='Sitka', style='normal', variant='normal', weight=400, stretch='normal', size='scalable')) = 10.05
2025-01-09 11:26:10,457 DEBUG:findfont: score(FontEntry(fname='C:\\Windows\\Fonts\\GOTHICBI.TTF', name='Century Gothic', style='italic', variant='normal', weight=700, stretch='normal', size='scalable')) = 11.335
2025-01-09 11:26:10,457 DEBUG:findfont: score(FontEntry(fname='C:\\Windows\\Fonts\\italic_IV25.ttf', name='Italic', style='italic', variant='normal', weight=400, stretch='normal', size='scalable')) = 11.05
2025-01-09 11:26:10,458 DEBUG:findfont: score(FontEntry(fname='C:\\Windows\\Fonts\\isoct3_IV25.ttf', name='ISOCT3', style='normal', variant='normal', weight=400, stretch='normal', size='scalable')) = 10.05
2025-01-09 11:26:10,458 DEBUG:findfont: score(FontEntry(fname='C:\\Windows\\Fonts\\OUTLOOK.TTF', name='MS Outlook', style='normal', variant='normal', weight=400, stretch='normal', size='scalable')) = 10.05
2025-01-09 11:26:10,458 DEBUG:findfont: score(FontEntry(fname='C:\\Windows\\Fonts\\msyh.ttc', name='Microsoft YaHei', style='normal', variant='normal', weight=400, stretch='normal', size='scalable')) = 10.05
2025-01-09 11:26:10,458 DEBUG:findfont: score(FontEntry(fname='C:\\Windows\\Fonts\\corbelb.ttf', name='Corbel', style='normal', variant='normal', weight=700, stretch='normal', size='scalable')) = 10.335
2025-01-09 11:26:10,459 DEBUG:findfont: score(FontEntry(fname='C:\\Windows\\Fonts\\greeks_IV25.ttf', name='GreekS', style='normal', variant='normal', weight=400, stretch='normal', size='scalable')) = 10.05
2025-01-09 11:26:10,459 DEBUG:findfont: score(FontEntry(fname='C:\\Windows\\Fonts\\lucon.ttf', name='Lucida Console', style='normal', variant='normal', weight=400, stretch='normal', size='scalable')) = 10.05
2025-01-09 11:26:10,460 DEBUG:findfont: score(FontEntry(fname='C:\\Windows\\Fonts\\swissbo.ttf', name='Swis721 BdOul BT', style='normal', variant='normal', weight=400, stretch='normal', size='scalable')) = 10.05
2025-01-09 11:26:10,461 DEBUG:findfont: score(FontEntry(fname='C:\\Windows\\Fonts\\GILC____.TTF', name='Gill Sans MT Condensed', style='normal', variant='normal', weight=400, stretch='condensed', size='scalable')) = 10.25
2025-01-09 11:26:10,461 DEBUG:findfont: score(FontEntry(fname='C:\\Windows\\Fonts\\HGRMB.TTC', name='HGMinchoB', style='normal', variant='normal', weight=400, stretch='normal', size='scalable')) = 10.05
2025-01-09 11:26:10,462 DEBUG:findfont: score(FontEntry(fname='C:\\Windows\\Fonts\\simsun.ttc', name='SimSun', style='normal', variant='normal', weight=400, stretch='normal', size='scalable')) = 10.05
2025-01-09 11:26:10,463 DEBUG:findfont: score(FontEntry(fname='C:\\Windows\\Fonts\\monosbi.ttf', name='Monospac821 BT', style='italic', variant='normal', weight=700, stretch='normal', size='scalable')) = 11.335
2025-01-09 11:26:10,463 DEBUG:findfont: score(FontEntry(fname='C:\\Windows\\Fonts\\Inkfree.ttf', name='Ink Free', style='normal', variant='normal', weight=400, stretch='normal', size='scalable')) = 10.05
2025-01-09 11:26:10,463 DEBUG:findfont: score(FontEntry(fname='C:\\Windows\\Fonts\\SHOWG.TTF', name='Showcard Gothic', style='normal', variant='normal', weight=400, stretch='normal', size='scalable')) = 10.05
2025-01-09 11:26:10,464 DEBUG:findfont: score(FontEntry(fname='C:\\Windows\\Fonts\\FRAHVIT.TTF', name='Franklin Gothic Heavy', style='italic', variant='normal', weight=400, stretch='normal', size='scalable')) = 11.05
2025-01-09 11:26:10,464 DEBUG:findfont: score(FontEntry(fname='C:\\Windows\\Fonts\\BOOKOSBI.TTF', name='Bookman Old Style', style='italic', variant='normal', weight=600, stretch='normal', size='scalable')) = 11.24
2025-01-09 11:26:10,465 DEBUG:findfont: score(FontEntry(fname='C:\\Windows\\Fonts\\calibrili.ttf', name='Calibri', style='italic', variant='normal', weight=300, stretch='normal', size='scalable')) = 11.145
2025-01-09 11:26:10,466 DEBUG:findfont: score(FontEntry(fname='C:\\Windows\\Fonts\\FORTE.TTF', name='Forte', style='normal', variant='normal', weight=400, stretch='normal', size='scalable')) = 10.05
2025-01-09 11:26:10,466 DEBUG:findfont: score(FontEntry(fname='C:\\Windows\\Fonts\\swissck.ttf', name='Swis721 BlkCn BT', style='normal', variant='normal', weight=400, stretch='condensed', size='scalable')) = 10.25
2025-01-09 11:26:10,466 DEBUG:findfont: score(FontEntry(fname='C:\\Windows\\Fonts\\swissli.ttf', name='Swis721 Lt BT', style='italic', variant='normal', weight=400, stretch='normal', size='scalable')) = 11.05
2025-01-09 11:26:10,466 DEBUG:findfont: score(FontEntry(fname='C:\\Windows\\Fonts\\FRAMDCN.TTF', name='Franklin Gothic Medium Cond', style='normal', variant='normal', weight=400, stretch='condensed', size='scalable')) = 10.25
2025-01-09 11:26:10,467 DEBUG:findfont: score(FontEntry(fname='C:\\Windows\\Fonts\\HGRSGU.TTC', name='HGSoeiKakugothicUB', style='normal', variant='normal', weight=400, stretch='normal', size='scalable')) = 10.05
2025-01-09 11:26:10,467 DEBUG:findfont: score(FontEntry(fname='C:\\Windows\\Fonts\\Candaral.ttf', name='Candara', style='normal', variant='normal', weight=400, stretch='normal', size='scalable')) = 10.05
2025-01-09 11:26:10,467 DEBUG:findfont: score(FontEntry(fname='C:\\Windows\\Fonts\\syastro_.ttf', name='Syastro', style='normal', variant='normal', weight=400, stretch='normal', size='scalable')) = 10.05
2025-01-09 11:26:10,467 DEBUG:findfont: score(FontEntry(fname='C:\\Windows\\Fonts\\CENTURY.TTF', name='Century', style='normal', variant='normal', weight=400, stretch='normal', size='scalable')) = 10.05
2025-01-09 11:26:10,468 DEBUG:findfont: score(FontEntry(fname='C:\\Windows\\Fonts\\timesbd.ttf', name='Times New Roman', style='normal', variant='normal', weight=700, stretch='normal', size='scalable')) = 10.335
2025-01-09 11:26:10,468 DEBUG:findfont: score(FontEntry(fname='C:\\Windows\\Fonts\\BIZ-UDMinchoM.ttc', name='BIZ UDMincho', style='normal', variant='normal', weight=500, stretch='normal', size='scalable')) = 10.145
2025-01-09 11:26:10,468 DEBUG:findfont: score(FontEntry(fname='C:\\Windows\\Fonts\\Candarai.ttf', name='Candara', style='italic', variant='normal', weight=400, stretch='normal', size='scalable')) = 11.05
2025-01-09 11:26:10,468 DEBUG:findfont: score(FontEntry(fname='C:\\Windows\\Fonts\\GILB____.TTF', name='Gill Sans MT', style='normal', variant='normal', weight=700, stretch='normal', size='scalable')) = 10.335
2025-01-09 11:26:10,469 DEBUG:findfont: score(FontEntry(fname='C:\\Windows\\Fonts\\simsunb.ttf', name='SimSun-ExtB', style='normal', variant='normal', weight=400, stretch='normal', size='scalable')) = 10.05
2025-01-09 11:26:10,469 DEBUG:findfont: score(FontEntry(fname='C:\\Windows\\Fonts\\BRUSHSCI.TTF', name='Brush Script MT', style='italic', variant='normal', weight=400, stretch='normal', size='scalable')) = 11.05
2025-01-09 11:26:10,469 DEBUG:findfont: score(FontEntry(fname='C:\\Windows\\Fonts\\PARCHM.TTF', name='Parchment', style='normal', variant='normal', weight=400, stretch='normal', size='scalable')) = 10.05
2025-01-09 11:26:10,470 DEBUG:findfont: score(FontEntry(fname='C:\\Windows\\Fonts\\BSSYM7.TTF', name='Bookshelf Symbol 7', style='normal', variant='normal', weight=400, stretch='normal', size='scalable')) = 10.05
2025-01-09 11:26:10,470 DEBUG:findfont: score(FontEntry(fname='C:\\Windows\\Fonts\\BOD_PSTC.TTF', name='Bodoni MT', style='normal', variant='normal', weight=300, stretch='normal', size='scalable')) = 10.145
2025-01-09 11:26:10,470 DEBUG:findfont: score(FontEntry(fname='C:\\Windows\\Fonts\\seguisb.ttf', name='Segoe UI', style='normal', variant='normal', weight=600, stretch='normal', size='scalable')) = 10.24
2025-01-09 11:26:10,471 DEBUG:findfont: score(FontEntry(fname='C:\\Windows\\Fonts\\BELLB.TTF', name='Bell MT', style='normal', variant='normal', weight=700, stretch='normal', size='scalable')) = 10.335
2025-01-09 11:26:10,471 DEBUG:findfont: score(FontEntry(fname='C:\\Windows\\Fonts\\meiryob.ttc', name='Meiryo', style='normal', variant='normal', weight=700, stretch='normal', size='scalable')) = 10.335
2025-01-09 11:26:10,471 DEBUG:findfont: score(FontEntry(fname='C:\\Windows\\Fonts\\mtproxy8.ttf', name='Proxy 8', style='normal', variant='normal', weight=400, stretch='normal', size='scalable')) = 10.05
2025-01-09 11:26:10,471 DEBUG:findfont: score(FontEntry(fname='C:\\Windows\\Fonts\\greeks__.ttf', name='GreekS', style='normal', variant='normal', weight=400, stretch='normal', size='scalable')) = 10.05
2025-01-09 11:26:10,472 DEBUG:findfont: score(FontEntry(fname='C:\\Windows\\Fonts\\mtproxy5.ttf', name='Proxy 5', style='normal', variant='normal', weight=400, stretch='normal', size='scalable')) = 10.05
2025-01-09 11:26:10,472 DEBUG:findfont: score(FontEntry(fname='C:\\Windows\\Fonts\\isoct___.ttf', name='ISOCT', style='normal', variant='normal', weight=400, stretch='normal', size='scalable')) = 10.05
2025-01-09 11:26:10,472 DEBUG:findfont: score(FontEntry(fname='C:\\Windows\\Fonts\\PAPYRUS.TTF', name='Papyrus', style='normal', variant='normal', weight=400, stretch='normal', size='scalable')) = 10.05
2025-01-09 11:26:10,472 DEBUG:findfont: score(FontEntry(fname='C:\\Windows\\Fonts\\GILSANUB.TTF', name='Gill Sans Ultra Bold', style='normal', variant='normal', weight=400, stretch='normal', size='scalable')) = 10.05
2025-01-09 11:26:10,473 DEBUG:findfont: score(FontEntry(fname='C:\\Windows\\Fonts\\isocp2__.ttf', name='ISOCP2', style='normal', variant='normal', weight=400, stretch='normal', size='scalable')) = 10.05
2025-01-09 11:26:10,473 DEBUG:findfont: score(FontEntry(fname='C:\\Windows\\Fonts\\LTYPEO.TTF', name='Lucida Sans Typewriter', style='oblique', variant='normal', weight=400, stretch='normal', size='scalable')) = 11.05
2025-01-09 11:26:10,473 DEBUG:findfont: score(FontEntry(fname='C:\\Windows\\Fonts\\arial.ttf', name='Arial', style='normal', variant='normal', weight=400, stretch='normal', size='scalable')) = 6.413636363636363
2025-01-09 11:26:10,474 DEBUG:findfont: score(FontEntry(fname='C:\\Windows\\Fonts\\segoeuii.ttf', name='Segoe UI', style='italic', variant='normal', weight=400, stretch='normal', size='scalable')) = 11.05
2025-01-09 11:26:10,474 DEBUG:findfont: score(FontEntry(fname='C:\\Windows\\Fonts\\UDDigiKyokashoN-R.ttc', name='UD Digi Kyokasho N-R', style='normal', variant='normal', weight=400, stretch='normal', size='scalable')) = 10.05
2025-01-09 11:26:10,474 DEBUG:findfont: score(FontEntry(fname='C:\\Windows\\Fonts\\framd.ttf', name='Franklin Gothic Medium', style='normal', variant='normal', weight=400, stretch='normal', size='scalable')) = 10.05
2025-01-09 11:26:10,475 DEBUG:findfont: score(FontEntry(fname='C:\\Windows\\Fonts\\CALIFR.TTF', name='Californian FB', style='normal', variant='normal', weight=400, stretch='normal', size='scalable')) = 10.05
2025-01-09 11:26:10,475 DEBUG:findfont: score(FontEntry(fname='C:\\Windows\\Fonts\\BAUHS93.TTF', name='Bauhaus 93', style='normal', variant='normal', weight=400, stretch='normal', size='scalable')) = 10.05
2025-01-09 11:26:10,476 DEBUG:findfont: score(FontEntry(fname='C:\\Windows\\Fonts\\sanss___.ttf', name='SansSerif', style='normal', variant='normal', weight=400, stretch='normal', size='scalable')) = 10.05
2025-01-09 11:26:10,476 DEBUG:findfont: score(FontEntry(fname='C:\\Windows\\Fonts\\LHANDW.TTF', name='Lucida Handwriting', style='italic', variant='normal', weight=400, stretch='normal', size='scalable')) = 11.05
2025-01-09 11:26:10,476 DEBUG:findfont: score(FontEntry(fname='C:\\Windows\\Fonts\\AGENCYB.TTF', name='Agency FB', style='normal', variant='normal', weight=700, stretch='normal', size='scalable')) = 10.335
2025-01-09 11:26:10,477 DEBUG:findfont: score(FontEntry(fname='C:\\Windows\\Fonts\\framdit.ttf', name='Franklin Gothic Medium', style='italic', variant='normal', weight=400, stretch='normal', size='scalable')) = 11.05
2025-01-09 11:26:10,477 DEBUG:findfont: score(FontEntry(fname='C:\\Windows\\Fonts\\ntailu.ttf', name='Microsoft New Tai Lue', style='normal', variant='normal', weight=400, stretch='normal', size='scalable')) = 10.05
2025-01-09 11:26:10,478 DEBUG:findfont: score(FontEntry(fname='C:\\Windows\\Fonts\\timesi.ttf', name='Times New Roman', style='italic', variant='normal', weight=400, stretch='normal', size='scalable')) = 11.05
2025-01-09 11:26:10,478 DEBUG:findfont: score(FontEntry(fname='C:\\Windows\\Fonts\\swisscli.ttf', name='Swis721 LtCn BT', style='italic', variant='normal', weight=400, stretch='condensed', size='scalable')) = 11.25
2025-01-09 11:26:10,478 DEBUG:findfont: score(FontEntry(fname='C:\\Windows\\Fonts\\ALGER.TTF', name='Algerian', style='normal', variant='normal', weight=400, stretch='normal', size='scalable')) = 10.05
2025-01-09 11:26:10,479 DEBUG:findfont: score(FontEntry(fname='C:\\Windows\\Fonts\\DUBAI-REGULAR.TTF', name='Dubai', style='normal', variant='normal', weight=400, stretch='normal', size='scalable')) = 10.05
2025-01-09 11:26:10,479 DEBUG:findfont: score(FontEntry(fname='C:\\Windows\\Fonts\\corbeli.ttf', name='Corbel', style='italic', variant='normal', weight=400, stretch='normal', size='scalable')) = 11.05
2025-01-09 11:26:10,479 DEBUG:findfont: score(FontEntry(fname='C:\\Windows\\Fonts\\greekc_IV50.ttf', name='GreekC', style='normal', variant='normal', weight=400, stretch='normal', size='scalable')) = 10.05
2025-01-09 11:26:10,480 DEBUG:findfont: score(FontEntry(fname='C:\\Windows\\Fonts\\LTYPE.TTF', name='Lucida Sans Typewriter', style='normal', variant='normal', weight=400, stretch='normal', size='scalable')) = 10.05
2025-01-09 11:26:10,480 DEBUG:findfont: score(FontEntry(fname='C:\\Windows\\Fonts\\Artifakt Element LIght.ttf', name='Artifakt Element', style='normal', variant='normal', weight=300, stretch='normal', size='scalable')) = 10.145
2025-01-09 11:26:10,480 DEBUG:findfont: score(FontEntry(fname='C:\\Windows\\Fonts\\MOD20.TTF', name='Modern No. 20', style='normal', variant='normal', weight=400, stretch='normal', size='scalable')) = 10.05
2025-01-09 11:26:10,481 DEBUG:findfont: score(FontEntry(fname='C:\\Windows\\Fonts\\BOD_R.TTF', name='Bodoni MT', style='normal', variant='normal', weight=400, stretch='normal', size='scalable')) = 10.05
2025-01-09 11:26:10,481 DEBUG:findfont: score(FontEntry(fname='C:\\Windows\\Fonts\\malgunsl.ttf', name='Malgun Gothic', style='normal', variant='normal', weight=300, stretch='normal', size='scalable')) = 10.145
2025-01-09 11:26:10,481 DEBUG:findfont: score(FontEntry(fname='C:\\Windows\\Fonts\\segoescb.ttf', name='Segoe Script', style='normal', variant='normal', weight=700, stretch='normal', size='scalable')) = 10.335
2025-01-09 11:26:10,482 DEBUG:findfont: score(FontEntry(fname='C:\\Windows\\Fonts\\ariblk.ttf', name='Arial', style='normal', variant='normal', weight=900, stretch='normal', size='scalable')) = 6.888636363636364
2025-01-09 11:26:10,482 DEBUG:findfont: score(FontEntry(fname='C:\\Windows\\Fonts\\swissc.ttf', name='Swis721 Cn BT', style='normal', variant='normal', weight=400, stretch='condensed', size='scalable')) = 10.25
2025-01-09 11:26:10,482 DEBUG:findfont: score(FontEntry(fname='C:\\Windows\\Fonts\\swisseb.ttf', name='Swis721 Ex BT', style='normal', variant='normal', weight=700, stretch='expanded', size='scalable')) = 10.535
2025-01-09 11:26:10,482 DEBUG:findfont: score(FontEntry(fname='C:\\Windows\\Fonts\\yumin.ttf', name='Yu Mincho', style='normal', variant='normal', weight=400, stretch='normal', size='scalable')) = 10.05
2025-01-09 11:26:10,483 DEBUG:findfont: score(FontEntry(fname='C:\\Windows\\Fonts\\BOD_BLAI.TTF', name='Bodoni MT', style='italic', variant='normal', weight=900, stretch='normal', size='scalable')) = 11.525
2025-01-09 11:26:10,483 DEBUG:findfont: score(FontEntry(fname='C:\\Windows\\Fonts\\msyi.ttf', name='Microsoft Yi Baiti', style='normal', variant='normal', weight=400, stretch='normal', size='scalable')) = 10.05
2025-01-09 11:26:10,483 DEBUG:findfont: score(FontEntry(fname='C:\\Windows\\Fonts\\segoeui.ttf', name='Segoe UI', style='normal', variant='normal', weight=400, stretch='normal', size='scalable')) = 10.05
2025-01-09 11:26:10,484 DEBUG:findfont: score(FontEntry(fname='C:\\Windows\\Fonts\\BOD_BI.TTF', name='Bodoni MT', style='italic', variant='normal', weight=700, stretch='normal', size='scalable')) = 11.335
2025-01-09 11:26:10,484 DEBUG:findfont: score(FontEntry(fname='C:\\Windows\\Fonts\\MTEXTRA.TTF', name='MT Extra', style='normal', variant='normal', weight=400, stretch='normal', size='scalable')) = 10.05
2025-01-09 11:26:10,484 DEBUG:findfont: score(FontEntry(fname='C:\\Windows\\Fonts\\BRLNSB.TTF', name='Berlin Sans FB', style='normal', variant='normal', weight=700, stretch='normal', size='scalable')) = 10.335
2025-01-09 11:26:10,484 DEBUG:findfont: score(FontEntry(fname='C:\\Windows\\Fonts\\PER_____.TTF', name='Perpetua', style='normal', variant='normal', weight=400, stretch='normal', size='scalable')) = 10.05
2025-01-09 11:26:10,485 DEBUG:findfont: score(FontEntry(fname='C:\\Windows\\Fonts\\palab.ttf', name='Palatino Linotype', style='normal', variant='normal', weight=700, stretch='normal', size='scalable')) = 10.335
2025-01-09 11:26:10,485 DEBUG:findfont: score(FontEntry(fname='C:\\Windows\\Fonts\\symusic_IV25.ttf', name='Symusic', style='normal', variant='normal', weight=400, stretch='normal', size='scalable')) = 10.05
2025-01-09 11:26:10,485 DEBUG:findfont: score(FontEntry(fname='C:\\Windows\\Fonts\\gdt_IV50.ttf', name='GDT_IV50', style='normal', variant='normal', weight=400, stretch='normal', size='scalable')) = 10.05
2025-01-09 11:26:10,486 DEBUG:findfont: score(FontEntry(fname='C:\\Windows\\Fonts\\gdt_____.ttf', name='GDT', style='normal', variant='normal', weight=400, stretch='normal', size='scalable')) = 10.05
2025-01-09 11:26:10,486 DEBUG:findfont: score(FontEntry(fname='C:\\Windows\\Fonts\\vinet.ttf', name='Vineta BT', style='normal', variant='normal', weight=400, stretch='normal', size='scalable')) = 10.05
2025-01-09 11:26:10,486 DEBUG:findfont: score(FontEntry(fname='C:\\Windows\\Fonts\\greekc__.ttf', name='GreekC', style='normal', variant='normal', weight=400, stretch='normal', size='scalable')) = 10.05
2025-01-09 11:26:10,486 DEBUG:findfont: score(FontEntry(fname='C:\\Windows\\Fonts\\mtproxy7.ttf', name='Proxy 7', style='normal', variant='normal', weight=400, stretch='normal', size='scalable')) = 10.05
2025-01-09 11:26:10,487 DEBUG:findfont: score(FontEntry(fname='C:\\Windows\\Fonts\\romanc__.ttf', name='RomanC', style='normal', variant='normal', weight=400, stretch='normal', size='scalable')) = 10.05
2025-01-09 11:26:10,487 DEBUG:findfont: score(FontEntry(fname='C:\\Windows\\Fonts\\Artifakt Element Medium.ttf', name='Artifakt Element', style='normal', variant='normal', weight=600, stretch='normal', size='scalable')) = 10.24
2025-01-09 11:26:10,487 DEBUG:findfont: score(FontEntry(fname='C:\\Windows\\Fonts\\LATINWD.TTF', name='Wide Latin', style='normal', variant='normal', weight=400, stretch='expanded', size='scalable')) = 10.25
2025-01-09 11:26:10,487 DEBUG:findfont: score(FontEntry(fname='C:\\Windows\\Fonts\\swisscl.ttf', name='Swis721 LtCn BT', style='normal', variant='normal', weight=400, stretch='condensed', size='scalable')) = 10.25
2025-01-09 11:26:10,488 DEBUG:findfont: score(FontEntry(fname='C:\\Windows\\Fonts\\trebucit.ttf', name='Trebuchet MS', style='italic', variant='normal', weight=400, stretch='normal', size='scalable')) = 11.05
2025-01-09 11:26:10,488 DEBUG:findfont: score(FontEntry(fname='C:\\Windows\\Fonts\\PERB____.TTF', name='Perpetua', style='normal', variant='normal', weight=700, stretch='normal', size='scalable')) = 10.335
2025-01-09 11:26:10,488 DEBUG:findfont: score(FontEntry(fname='C:\\Windows\\Fonts\\FRAHV.TTF', name='Franklin Gothic Heavy', style='normal', variant='normal', weight=400, stretch='normal', size='scalable')) = 10.05
2025-01-09 11:26:10,489 DEBUG:findfont: score(FontEntry(fname='C:\\Windows\\Fonts\\simplex_IV25.ttf', name='Simplex', style='normal', variant='normal', weight=400, stretch='normal', size='scalable')) = 10.05
2025-01-09 11:26:10,489 DEBUG:findfont: score(FontEntry(fname='C:\\Windows\\Fonts\\GILI____.TTF', name='Gill Sans MT', style='italic', variant='normal', weight=400, stretch='normal', size='scalable')) = 11.05
2025-01-09 11:26:10,489 DEBUG:findfont: score(FontEntry(fname='C:\\Windows\\Fonts\\segoeuil.ttf', name='Segoe UI', style='normal', variant='normal', weight=300, stretch='normal', size='scalable')) = 10.145
2025-01-09 11:26:10,490 DEBUG:findfont: score(FontEntry(fname='C:\\Windows\\Fonts\\Artifakt Element Book.ttf', name='Artifakt Element', style='normal', variant='normal', weight=450, stretch='normal', size='scalable')) = 10.0975
2025-01-09 11:26:10,490 DEBUG:findfont: score(FontEntry(fname='C:\\Windows\\Fonts\\Candarali.ttf', name='Candara', style='italic', variant='normal', weight=400, stretch='normal', size='scalable')) = 11.05
2025-01-09 11:26:10,490 DEBUG:findfont: score(FontEntry(fname='C:\\Windows\\Fonts\\DUBAI-BOLD.TTF', name='Dubai', style='normal', variant='normal', weight=700, stretch='normal', size='scalable')) = 10.335
2025-01-09 11:26:10,491 DEBUG:findfont: score(FontEntry(fname='C:\\Windows\\Fonts\\FTLTLT.TTF', name='Footlight MT Light', style='normal', variant='normal', weight=300, stretch='normal', size='scalable')) = 10.145
2025-01-09 11:26:10,492 DEBUG:findfont: score(FontEntry(fname='C:\\Windows\\Fonts\\syastro_IV50.ttf', name='Syastro', style='normal', variant='normal', weight=400, stretch='normal', size='scalable')) = 10.05
2025-01-09 11:26:10,492 DEBUG:findfont: score(FontEntry(fname='C:\\Windows\\Fonts\\monosb.ttf', name='Monospac821 BT', style='normal', variant='normal', weight=700, stretch='normal', size='scalable')) = 10.335
2025-01-09 11:26:10,492 DEBUG:findfont: score(FontEntry(fname='C:\\Windows\\Fonts\\corbell.ttf', name='Corbel', style='normal', variant='normal', weight=300, stretch='normal', size='scalable')) = 10.145
2025-01-09 11:26:10,492 DEBUG:findfont: score(FontEntry(fname='C:\\Windows\\Fonts\\STENCIL.TTF', name='Stencil', style='normal', variant='normal', weight=400, stretch='normal', size='scalable')) = 10.05
2025-01-09 11:26:10,493 DEBUG:findfont: score(FontEntry(fname='C:\\Windows\\Fonts\\SCHLBKI.TTF', name='Century Schoolbook', style='italic', variant='normal', weight=400, stretch='normal', size='scalable')) = 11.05
2025-01-09 11:26:10,493 DEBUG:findfont: score(FontEntry(fname='C:\\Windows\\Fonts\\romant__.ttf', name='RomanT', style='normal', variant='normal', weight=400, stretch='normal', size='scalable')) = 10.05
2025-01-09 11:26:10,494 DEBUG:findfont: score(FontEntry(fname='C:\\Windows\\Fonts\\swissk.ttf', name='Swis721 Blk BT', style='normal', variant='normal', weight=400, stretch='normal', size='scalable')) = 10.05
2025-01-09 11:26:10,495 DEBUG:findfont: score(FontEntry(fname='C:\\Windows\\Fonts\\swissek.ttf', name='Swis721 BlkEx BT', style='normal', variant='normal', weight=400, stretch='expanded', size='scalable')) = 10.25
2025-01-09 11:26:10,496 DEBUG:findfont: score(FontEntry(fname='C:\\Windows\\Fonts\\JUICE___.TTF', name='Juice ITC', style='normal', variant='normal', weight=400, stretch='normal', size='scalable')) = 10.05
2025-01-09 11:26:10,496 DEBUG:findfont: score(FontEntry(fname='C:\\Windows\\Fonts\\SCHLBKB.TTF', name='Century Schoolbook', style='normal', variant='normal', weight=700, stretch='normal', size='scalable')) = 10.335
2025-01-09 11:26:10,497 DEBUG:findfont: score(FontEntry(fname='C:\\Windows\\Fonts\\symath__.ttf', name='Symath', style='normal', variant='normal', weight=400, stretch='normal', size='scalable')) = 10.05
2025-01-09 11:26:10,497 DEBUG:findfont: score(FontEntry(fname='C:\\Windows\\Fonts\\ITCKRIST.TTF', name='Kristen ITC', style='normal', variant='normal', weight=400, stretch='normal', size='scalable')) = 10.05
2025-01-09 11:26:10,498 DEBUG:findfont: score(FontEntry(fname='C:\\Windows\\Fonts\\seguibli.ttf', name='Segoe UI', style='italic', variant='normal', weight=900, stretch='normal', size='scalable')) = 11.525
2025-01-09 11:26:10,498 DEBUG:findfont: score(FontEntry(fname='C:\\Windows\\Fonts\\swissko.ttf', name='Swis721 BlkOul BT', style='normal', variant='normal', weight=400, stretch='normal', size='scalable')) = 10.05
2025-01-09 11:26:10,498 DEBUG:findfont: score(FontEntry(fname='C:\\Windows\\Fonts\\l_10646.ttf', name='Lucida Sans Unicode', style='normal', variant='normal', weight=400, stretch='normal', size='scalable')) = 10.05
2025-01-09 11:26:10,499 DEBUG:findfont: score(FontEntry(fname='C:\\Windows\\Fonts\\AMGDT___.ttf', name='AMGDT', style='normal', variant='normal', weight=400, stretch='normal', size='scalable')) = 10.05
2025-01-09 11:26:10,499 DEBUG:findfont: score(FontEntry(fname='C:\\Windows\\Fonts\\RAVIE.TTF', name='Ravie', style='normal', variant='normal', weight=400, stretch='normal', size='scalable')) = 10.05
2025-01-09 11:26:10,499 DEBUG:findfont: score(FontEntry(fname='C:\\Windows\\Fonts\\COOPBL.TTF', name='Cooper Black', style='normal', variant='normal', weight=400, stretch='normal', size='scalable')) = 10.05
2025-01-09 11:26:10,499 DEBUG:findfont: score(FontEntry(fname='C:\\Windows\\Fonts\\ROCKEB.TTF', name='Rockwell Extra Bold', style='normal', variant='normal', weight=800, stretch='normal', size='scalable')) = 10.43
2025-01-09 11:26:10,500 DEBUG:findfont: score(FontEntry(fname='C:\\Windows\\Fonts\\Gabriola.ttf', name='Gabriola', style='normal', variant='normal', weight=400, stretch='normal', size='scalable')) = 10.05
2025-01-09 11:26:10,500 DEBUG:findfont: score(FontEntry(fname='C:\\Windows\\Fonts\\PLAYBILL.TTF', name='Playbill', style='normal', variant='normal', weight=400, stretch='normal', size='scalable')) = 10.05
2025-01-09 11:26:10,500 DEBUG:findfont: score(FontEntry(fname='C:\\Windows\\Fonts\\times.ttf', name='Times New Roman', style='normal', variant='normal', weight=400, stretch='normal', size='scalable')) = 10.05
2025-01-09 11:26:10,500 DEBUG:findfont: score(FontEntry(fname='C:\\Windows\\Fonts\\Candara.ttf', name='Candara', style='normal', variant='normal', weight=400, stretch='normal', size='scalable')) = 10.05
2025-01-09 11:26:10,501 DEBUG:findfont: score(FontEntry(fname='C:\\Windows\\Fonts\\isocteui.ttf', name='ISOCTEUR', style='italic', variant='normal', weight=400, stretch='normal', size='scalable')) = 11.05
2025-01-09 11:26:10,501 DEBUG:findfont: score(FontEntry(fname='C:\\Windows\\Fonts\\HGRKK.TTC', name='HGKyokashotai', style='normal', variant='normal', weight=400, stretch='normal', size='scalable')) = 10.05
2025-01-09 11:26:10,501 DEBUG:findfont: score(FontEntry(fname='C:\\Windows\\Fonts\\comici.ttf', name='Comic Sans MS', style='italic', variant='normal', weight=400, stretch='normal', size='scalable')) = 11.05
2025-01-09 11:26:10,502 DEBUG:findfont: score(FontEntry(fname='C:\\Windows\\Fonts\\comicz.ttf', name='Comic Sans MS', style='italic', variant='normal', weight=700, stretch='normal', size='scalable')) = 11.335
2025-01-09 11:26:10,502 DEBUG:findfont: score(FontEntry(fname='C:\\Windows\\Fonts\\Artifakt Element Medium Italic.ttf', name='Artifakt Element', style='italic', variant='normal', weight=600, stretch='normal', size='scalable')) = 11.24
2025-01-09 11:26:10,502 DEBUG:findfont: score(FontEntry(fname='C:\\Windows\\Fonts\\swisscb.ttf', name='Swis721 Cn BT', style='normal', variant='normal', weight=700, stretch='condensed', size='scalable')) = 10.535
2025-01-09 11:26:10,503 DEBUG:findfont: score(FontEntry(fname='C:\\Windows\\Fonts\\CHILLER.TTF', name='Chiller', style='normal', variant='normal', weight=400, stretch='normal', size='scalable')) = 10.05
2025-01-09 11:26:10,503 DEBUG:findfont: score(FontEntry(fname='C:\\Windows\\Fonts\\GLSNECB.TTF', name='Gill Sans MT Ext Condensed Bold', style='normal', variant='normal', weight=400, stretch='condensed', size='scalable')) = 10.25
2025-01-09 11:26:10,503 DEBUG:findfont: score(FontEntry(fname='C:\\Windows\\Fonts\\GARAIT.TTF', name='Garamond', style='italic', variant='normal', weight=400, stretch='normal', size='scalable')) = 11.05
2025-01-09 11:26:10,503 DEBUG:findfont: score(FontEntry(fname='C:\\Windows\\Fonts\\INFROMAN.TTF', name='Informal Roman', style='normal', variant='normal', weight=400, stretch='normal', size='scalable')) = 10.05
2025-01-09 11:26:10,504 DEBUG:findfont: score(FontEntry(fname='C:\\Windows\\Fonts\\Artifakt Element Bold.ttf', name='Artifakt Element', style='normal', variant='normal', weight=700, stretch='normal', size='scalable')) = 10.335
2025-01-09 11:26:10,504 DEBUG:findfont: score(FontEntry(fname='C:\\Windows\\Fonts\\symap___.ttf', name='Symap', style='normal', variant='normal', weight=400, stretch='normal', size='scalable')) = 10.05
2025-01-09 11:26:10,504 DEBUG:findfont: score(FontEntry(fname='C:\\Windows\\Fonts\\LTYPEB.TTF', name='Lucida Sans Typewriter', style='normal', variant='normal', weight=600, stretch='normal', size='scalable')) = 10.24
2025-01-09 11:26:10,505 DEBUG:findfont: score(FontEntry(fname='C:\\Windows\\Fonts\\italic__.ttf', name='Italic', style='italic', variant='normal', weight=400, stretch='normal', size='scalable')) = 11.05
2025-01-09 11:26:10,506 DEBUG:findfont: score(FontEntry(fname='C:\\Windows\\Fonts\\cour.ttf', name='Courier New', style='normal', variant='normal', weight=400, stretch='normal', size='scalable')) = 10.05
2025-01-09 11:26:10,506 DEBUG:findfont: score(FontEntry(fname='C:\\Windows\\Fonts\\seguisbi.ttf', name='Segoe UI', style='italic', variant='normal', weight=600, stretch='normal', size='scalable')) = 11.24
2025-01-09 11:26:10,506 DEBUG:findfont: score(FontEntry(fname='C:\\Windows\\Fonts\\VIVALDII.TTF', name='Vivaldi', style='italic', variant='normal', weight=400, stretch='normal', size='scalable')) = 11.05
2025-01-09 11:26:10,506 DEBUG:findfont: score(FontEntry(fname='C:\\Windows\\Fonts\\TCB_____.TTF', name='Tw Cen MT', style='normal', variant='normal', weight=700, stretch='normal', size='scalable')) = 10.335
2025-01-09 11:26:10,507 DEBUG:findfont: score(FontEntry(fname='C:\\Windows\\Fonts\\Artifakt Element Hair Italic.ttf', name='Artifakt Element', style='italic', variant='normal', weight=100, stretch='normal', size='scalable')) = 11.335
2025-01-09 11:26:10,507 DEBUG:findfont: score(FontEntry(fname='C:\\Windows\\Fonts\\ELEPHNT.TTF', name='Elephant', style='normal', variant='normal', weight=400, stretch='normal', size='scalable')) = 10.05
2025-01-09 11:26:10,507 DEBUG:findfont: score(FontEntry(fname='C:\\Windows\\Fonts\\symap_IV25.ttf', name='Symap', style='normal', variant='normal', weight=400, stretch='normal', size='scalable')) = 10.05
2025-01-09 11:26:10,507 DEBUG:findfont: score(FontEntry(fname='C:\\Windows\\Fonts\\BOD_B.TTF', name='Bodoni MT', style='normal', variant='normal', weight=700, stretch='normal', size='scalable')) = 10.335
2025-01-09 11:26:10,508 DEBUG:findfont: score(FontEntry(fname='C:\\Windows\\Fonts\\romans_IV50.ttf', name='RomanS', style='normal', variant='normal', weight=400, stretch='normal', size='scalable')) = 10.05
2025-01-09 11:26:10,508 DEBUG:findfont: score(FontEntry(fname='C:\\Windows\\Fonts\\phagspa.ttf', name='Microsoft PhagsPa', style='normal', variant='normal', weight=400, stretch='normal', size='scalable')) = 10.05
2025-01-09 11:26:10,508 DEBUG:findfont: score(FontEntry(fname='C:\\Windows\\Fonts\\ROCC____.TTF', name='Rockwell Condensed', style='normal', variant='normal', weight=400, stretch='condensed', size='scalable')) = 10.25
2025-01-09 11:26:10,508 DEBUG:findfont: score(FontEntry(fname='C:\\Windows\\Fonts\\RAGE.TTF', name='Rage Italic', style='italic', variant='normal', weight=400, stretch='normal', size='scalable')) = 11.05
2025-01-09 11:26:10,509 DEBUG:findfont: score(FontEntry(fname='C:\\Windows\\Fonts\\Artifakt Element Thin Italic.ttf', name='Artifakt Element', style='italic', variant='normal', weight=200, stretch='normal', size='scalable')) = 11.24
2025-01-09 11:26:10,509 DEBUG:findfont: score(FontEntry(fname='C:\\Windows\\Fonts\\GOUDOSI.TTF', name='Goudy Old Style', style='italic', variant='normal', weight=400, stretch='normal', size='scalable')) = 11.05
2025-01-09 11:26:10,509 DEBUG:findfont: score(FontEntry(fname='C:\\Windows\\Fonts\\FREESCPT.TTF', name='Freestyle Script', style='normal', variant='normal', weight=400, stretch='normal', size='scalable')) = 10.05
2025-01-09 11:26:10,510 DEBUG:findfont: score(FontEntry(fname='C:\\Windows\\Fonts\\isoct2_IV25.ttf', name='ISOCT2', style='normal', variant='normal', weight=400, stretch='normal', size='scalable')) = 10.05
2025-01-09 11:26:10,510 DEBUG:findfont: score(FontEntry(fname='C:\\Windows\\Fonts\\romans__.ttf', name='RomanS', style='normal', variant='normal', weight=400, stretch='normal', size='scalable')) = 10.05
2025-01-09 11:26:10,511 DEBUG:findfont: score(FontEntry(fname='C:\\Windows\\Fonts\\SitkaVF-Italic.ttf', name='Sitka', style='italic', variant='normal', weight=400, stretch='normal', size='scalable')) = 11.05
2025-01-09 11:26:10,511 DEBUG:findfont: score(FontEntry(fname='C:\\Windows\\Fonts\\dutchb.ttf', name='Dutch801 Rm BT', style='normal', variant='normal', weight=700, stretch='normal', size='scalable')) = 10.335
2025-01-09 11:26:10,511 DEBUG:findfont: score(FontEntry(fname='C:\\Windows\\Fonts\\isocp3_IV50.ttf', name='ISOCP3', style='normal', variant='normal', weight=400, stretch='normal', size='scalable')) = 10.05
2025-01-09 11:26:10,512 DEBUG:findfont: score(FontEntry(fname='C:\\Windows\\Fonts\\GILLUBCD.TTF', name='Gill Sans Ultra Bold Condensed', style='normal', variant='normal', weight=400, stretch='condensed', size='scalable')) = 10.25
2025-01-09 11:26:10,512 DEBUG:findfont: score(FontEntry(fname='C:\\Windows\\Fonts\\swisscbi.ttf', name='Swis721 Cn BT', style='italic', variant='normal', weight=700, stretch='condensed', size='scalable')) = 11.535
2025-01-09 11:26:10,512 DEBUG:findfont: score(FontEntry(fname='C:\\Windows\\Fonts\\SCRIPTBL.TTF', name='Script MT Bold', style='normal', variant='normal', weight=700, stretch='normal', size='scalable')) = 10.335
2025-01-09 11:26:10,512 DEBUG:findfont: score(FontEntry(fname='C:\\Windows\\Fonts\\gothicg_.ttf', name='GothicG', style='normal', variant='normal', weight=400, stretch='normal', size='scalable')) = 10.05
2025-01-09 11:26:10,513 DEBUG:findfont: score(FontEntry(fname='C:\\Windows\\Fonts\\HGRSMP.TTF', name='HGMaruGothicMPRO', style='normal', variant='normal', weight=400, stretch='normal', size='scalable')) = 10.05
2025-01-09 11:26:10,513 DEBUG:findfont: score(FontEntry(fname='C:\\Windows\\Fonts\\isocp2_IV25.ttf', name='ISOCP2', style='normal', variant='normal', weight=400, stretch='normal', size='scalable')) = 10.05
2025-01-09 11:26:10,513 DEBUG:findfont: score(FontEntry(fname='C:\\Windows\\Fonts\\bahnschrift.ttf', name='Bahnschrift', style='normal', variant='normal', weight=400, stretch='normal', size='scalable')) = 10.05
2025-01-09 11:26:10,514 DEBUG:findfont: score(FontEntry(fname='C:\\Windows\\Fonts\\phagspab.ttf', name='Microsoft PhagsPa', style='normal', variant='normal', weight=700, stretch='normal', size='scalable')) = 10.335
2025-01-09 11:26:10,514 DEBUG:findfont: score(FontEntry(fname='C:\\Windows\\Fonts\\calibril.ttf', name='Calibri', style='normal', variant='normal', weight=300, stretch='normal', size='scalable')) = 10.145
2025-01-09 11:26:10,515 DEBUG:findfont: score(FontEntry(fname='C:\\Windows\\Fonts\\Artifakt Element Black Italic.ttf', name='Artifakt Element', style='italic', variant='normal', weight=800, stretch='normal', size='scalable')) = 11.43
2025-01-09 11:26:10,515 DEBUG:findfont: score(FontEntry(fname='C:\\Windows\\Fonts\\consola.ttf', name='Consolas', style='normal', variant='normal', weight=400, stretch='normal', size='scalable')) = 10.05
2025-01-09 11:26:10,515 DEBUG:findfont: score(FontEntry(fname='C:\\Windows\\Fonts\\PERI____.TTF', name='Perpetua', style='italic', variant='normal', weight=400, stretch='normal', size='scalable')) = 11.05
2025-01-09 11:26:10,516 DEBUG:findfont: score(FontEntry(fname='C:\\Windows\\Fonts\\techb___.ttf', name='TechnicBold', style='normal', variant='normal', weight=400, stretch='normal', size='scalable')) = 10.05
2025-01-09 11:26:10,516 DEBUG:findfont: score(FontEntry(fname='C:\\Windows\\Fonts\\trebucbi.ttf', name='Trebuchet MS', style='italic', variant='normal', weight=700, stretch='normal', size='scalable')) = 11.335
2025-01-09 11:26:10,517 DEBUG:findfont: score(FontEntry(fname='C:\\Windows\\Fonts\\UDDigiKyokashoN-B.ttc', name='UD Digi Kyokasho N-B', style='normal', variant='normal', weight=700, stretch='normal', size='scalable')) = 10.335
2025-01-09 11:26:10,517 DEBUG:findfont: score(FontEntry(fname='C:\\Windows\\Fonts\\ROCCB___.TTF', name='Rockwell Condensed', style='normal', variant='normal', weight=700, stretch='condensed', size='scalable')) = 10.535
2025-01-09 11:26:10,517 DEBUG:findfont: score(FontEntry(fname='C:\\Windows\\Fonts\\BKANT.TTF', name='Book Antiqua', style='normal', variant='normal', weight=400, stretch='normal', size='scalable')) = 10.05
2025-01-09 11:26:10,517 DEBUG:findfont: score(FontEntry(fname='C:\\Windows\\Fonts\\LSANSD.TTF', name='Lucida Sans', style='normal', variant='normal', weight=600, stretch='normal', size='scalable')) = 10.24
2025-01-09 11:26:10,518 DEBUG:findfont: score(FontEntry(fname='C:\\Windows\\Fonts\\Candarab.ttf', name='Candara', style='normal', variant='normal', weight=700, stretch='normal', size='scalable')) = 10.335
2025-01-09 11:26:10,518 DEBUG:findfont: score(FontEntry(fname='C:\\Windows\\Fonts\\romai___.ttf', name='Romantic', style='italic', variant='normal', weight=400, stretch='normal', size='scalable')) = 11.05
2025-01-09 11:26:10,518 DEBUG:findfont: score(FontEntry(fname='C:\\Windows\\Fonts\\isoct_IV50.ttf', name='ISOCT', style='normal', variant='normal', weight=400, stretch='normal', size='scalable')) = 10.05
2025-01-09 11:26:10,519 DEBUG:findfont: score(FontEntry(fname='C:\\Windows\\Fonts\\LBRITEDI.TTF', name='Lucida Bright', style='italic', variant='normal', weight=600, stretch='normal', size='scalable')) = 11.24
2025-01-09 11:26:10,519 DEBUG:findfont: score(FontEntry(fname='C:\\Windows\\Fonts\\NIAGSOL.TTF', name='Niagara Solid', style='normal', variant='normal', weight=400, stretch='normal', size='scalable')) = 10.05
2025-01-09 11:26:10,519 DEBUG:findfont: score(FontEntry(fname='C:\\Windows\\Fonts\\GOST Common.ttf', name='GOST Common', style='normal', variant='normal', weight=400, stretch='normal', size='scalable')) = 10.05
2025-01-09 11:26:10,519 DEBUG:findfont: score(FontEntry(fname='C:\\Windows\\Fonts\\isocp3_IV25.ttf', name='ISOCP3', style='normal', variant='normal', weight=400, stretch='normal', size='scalable')) = 10.05
2025-01-09 11:26:10,520 DEBUG:findfont: score(FontEntry(fname='C:\\Windows\\Fonts\\panroman.ttf', name='PanRoman', style='normal', variant='normal', weight=400, stretch='normal', size='scalable')) = 10.05
2025-01-09 11:26:10,520 DEBUG:findfont: score(FontEntry(fname='C:\\Windows\\Fonts\\consolab.ttf', name='Consolas', style='normal', variant='normal', weight=700, stretch='normal', size='scalable')) = 10.335
2025-01-09 11:26:10,520 DEBUG:findfont: score(FontEntry(fname='C:\\Windows\\Fonts\\BOOKOS.TTF', name='Bookman Old Style', style='normal', variant='normal', weight=300, stretch='normal', size='scalable')) = 10.145
2025-01-09 11:26:10,520 DEBUG:findfont: score(FontEntry(fname='C:\\Windows\\Fonts\\mmrtext.ttf', name='Myanmar Text', style='normal', variant='normal', weight=400, stretch='normal', size='scalable')) = 10.05
2025-01-09 11:26:10,521 DEBUG:findfont: score(FontEntry(fname='C:\\Windows\\Fonts\\LFAXI.TTF', name='Lucida Fax', style='italic', variant='normal', weight=400, stretch='normal', size='scalable')) = 11.05
2025-01-09 11:26:10,521 DEBUG:findfont: score(FontEntry(fname='C:\\Windows\\Fonts\\seguibl.ttf', name='Segoe UI', style='normal', variant='normal', weight=900, stretch='normal', size='scalable')) = 10.525
2025-01-09 11:26:10,521 DEBUG:findfont: score(FontEntry(fname='C:\\Windows\\Fonts\\romab___.ttf', name='Romantic', style='normal', variant='normal', weight=700, stretch='normal', size='scalable')) = 10.335
2025-01-09 11:26:10,522 DEBUG:findfont: score(FontEntry(fname='C:\\Windows\\Fonts\\isocp___.ttf', name='ISOCP', style='normal', variant='normal', weight=400, stretch='normal', size='scalable')) = 10.05
2025-01-09 11:26:10,522 DEBUG:findfont: score(FontEntry(fname='C:\\Windows\\Fonts\\scripts_.ttf', name='ScriptS', style='normal', variant='normal', weight=400, stretch='normal', size='scalable')) = 10.05
2025-01-09 11:26:10,523 DEBUG:findfont: score(FontEntry(fname='C:\\Windows\\Fonts\\symeteo_.ttf', name='Symeteo', style='normal', variant='normal', weight=400, stretch='normal', size='scalable')) = 10.05
2025-01-09 11:26:10,523 DEBUG:findfont: score(FontEntry(fname='C:\\Windows\\Fonts\\isoct3__.ttf', name='ISOCT3', style='normal', variant='normal', weight=400, stretch='normal', size='scalable')) = 10.05
2025-01-09 11:26:10,523 DEBUG:findfont: score(FontEntry(fname='C:\\Windows\\Fonts\\COLONNA.TTF', name='Colonna MT', style='normal', variant='normal', weight=400, stretch='normal', size='scalable')) = 10.05
2025-01-09 11:26:10,524 DEBUG:findfont: score(FontEntry(fname='C:\\Windows\\Fonts\\comsc.ttf', name='CommercialScript BT', style='normal', variant='normal', weight=400, stretch='normal', size='scalable')) = 10.05
2025-01-09 11:26:10,524 DEBUG:findfont: score(FontEntry(fname='C:\\Windows\\Fonts\\msgothic.ttc', name='MS Gothic', style='normal', variant='normal', weight=400, stretch='normal', size='scalable')) = 10.05
2025-01-09 11:26:10,524 DEBUG:findfont: score(FontEntry(fname='C:\\Windows\\Fonts\\KUNSTLER.TTF', name='Kunstler Script', style='normal', variant='normal', weight=400, stretch='normal', size='scalable')) = 10.05
2025-01-09 11:26:10,525 DEBUG:findfont: score(FontEntry(fname='C:\\Windows\\Fonts\\corbelz.ttf', name='Corbel', style='italic', variant='normal', weight=700, stretch='normal', size='scalable')) = 11.335
2025-01-09 11:26:10,525 DEBUG:findfont: score(FontEntry(fname='C:\\Windows\\Fonts\\romans_IV25.ttf', name='RomanS', style='normal', variant='normal', weight=400, stretch='normal', size='scalable')) = 10.05
2025-01-09 11:26:10,526 DEBUG:findfont: score(FontEntry(fname='C:\\Windows\\Fonts\\BOOKOSB.TTF', name='Bookman Old Style', style='normal', variant='normal', weight=600, stretch='normal', size='scalable')) = 10.24
2025-01-09 11:26:10,526 DEBUG:findfont: score(FontEntry(fname='C:\\Windows\\Fonts\\ntailub.ttf', name='Microsoft New Tai Lue', style='normal', variant='normal', weight=700, stretch='normal', size='scalable')) = 10.335
2025-01-09 11:26:10,526 DEBUG:findfont: score(FontEntry(fname='C:\\Windows\\Fonts\\malgunbd.ttf', name='Malgun Gothic', style='normal', variant='normal', weight=700, stretch='normal', size='scalable')) = 10.335
2025-01-09 11:26:10,527 DEBUG:findfont: score(FontEntry(fname='C:\\Windows\\Fonts\\complex_IV25.ttf', name='Complex', style='normal', variant='normal', weight=400, stretch='normal', size='scalable')) = 10.05
2025-01-09 11:26:10,528 DEBUG:findfont: score(FontEntry(fname='C:\\Windows\\Fonts\\segoeuisl.ttf', name='Segoe UI', style='normal', variant='normal', weight=350, stretch='normal', size='scalable')) = 10.0975
2025-01-09 11:26:10,528 DEBUG:findfont: score(FontEntry(fname='C:\\Windows\\Fonts\\ERASLGHT.TTF', name='Eras Light ITC', style='normal', variant='normal', weight=400, stretch='normal', size='scalable')) = 10.05
2025-01-09 11:26:10,528 DEBUG:findfont: score(FontEntry(fname='C:\\Windows\\Fonts\\TCCEB.TTF', name='Tw Cen MT Condensed Extra Bold', style='normal', variant='normal', weight=400, stretch='condensed', size='scalable')) = 10.25
2025-01-09 11:26:10,529 DEBUG:findfont: score(FontEntry(fname='C:\\Windows\\Fonts\\txt_IV50.ttf', name='Txt', style='normal', variant='normal', weight=400, stretch='normal', size='scalable')) = 10.05
2025-01-09 11:26:10,529 DEBUG:findfont: score(FontEntry(fname='C:\\Windows\\Fonts\\BELLI.TTF', name='Bell MT', style='italic', variant='normal', weight=400, stretch='normal', size='scalable')) = 11.05
2025-01-09 11:26:10,530 DEBUG:findfont: score(FontEntry(fname='C:\\Windows\\Fonts\\GIL_____.TTF', name='Gill Sans MT', style='normal', variant='normal', weight=400, stretch='normal', size='scalable')) = 10.05
2025-01-09 11:26:10,530 DEBUG:findfont: score(FontEntry(fname='C:\\Windows\\Fonts\\scripts_IV25.ttf', name='ScriptS', style='normal', variant='normal', weight=400, stretch='normal', size='scalable')) = 10.05
2025-01-09 11:26:10,531 DEBUG:findfont: score(FontEntry(fname='C:\\Windows\\Fonts\\HGRGY.TTC', name='HGGyoshotai', style='normal', variant='normal', weight=400, stretch='normal', size='scalable')) = 10.05
2025-01-09 11:26:10,531 DEBUG:findfont: score(FontEntry(fname='C:\\Windows\\Fonts\\MAGNETOB.TTF', name='Magneto', style='normal', variant='normal', weight=700, stretch='normal', size='scalable')) = 10.335
2025-01-09 11:26:10,532 DEBUG:findfont: score(FontEntry(fname='C:\\Windows\\Fonts\\TEMPSITC.TTF', name='Tempus Sans ITC', style='normal', variant='normal', weight=400, stretch='normal', size='scalable')) = 10.05
2025-01-09 11:26:10,532 DEBUG:findfont: score(FontEntry(fname='C:\\Windows\\Fonts\\palabi.ttf', name='Palatino Linotype', style='italic', variant='normal', weight=700, stretch='normal', size='scalable')) = 11.335
2025-01-09 11:26:10,533 DEBUG:findfont: score(FontEntry(fname='C:\\Windows\\Fonts\\isocp_IV50.ttf', name='ISOCP', style='normal', variant='normal', weight=400, stretch='normal', size='scalable')) = 10.05
2025-01-09 11:26:10,533 DEBUG:findfont: score(FontEntry(fname='C:\\Windows\\Fonts\\cityb___.ttf', name='CityBlueprint', style='normal', variant='normal', weight=400, stretch='normal', size='scalable')) = 10.05
2025-01-09 11:26:10,534 DEBUG:findfont: score(FontEntry(fname='C:\\Windows\\Fonts\\IMPRISHA.TTF', name='Imprint MT Shadow', style='normal', variant='normal', weight=400, stretch='normal', size='scalable')) = 10.05
2025-01-09 11:26:10,534 DEBUG:findfont: score(FontEntry(fname='C:\\Windows\\Fonts\\FRADMIT.TTF', name='Franklin Gothic Demi', style='italic', variant='normal', weight=400, stretch='normal', size='scalable')) = 11.05
2025-01-09 11:26:10,535 DEBUG:findfont: score(FontEntry(fname='C:\\Windows\\Fonts\\courbi.ttf', name='Courier New', style='italic', variant='normal', weight=700, stretch='normal', size='scalable')) = 11.335
2025-01-09 11:26:10,535 DEBUG:findfont: score(FontEntry(fname='C:\\Windows\\Fonts\\YuGothR.ttc', name='Yu Gothic', style='normal', variant='normal', weight=400, stretch='normal', size='scalable')) = 10.05
2025-01-09 11:26:10,536 DEBUG:findfont: score(FontEntry(fname='C:\\Windows\\Fonts\\msyhl.ttc', name='Microsoft YaHei', style='normal', variant='normal', weight=290, stretch='normal', size='scalable')) = 10.1545
2025-01-09 11:26:10,537 DEBUG:findfont: score(FontEntry(fname='C:\\Windows\\Fonts\\LSANSI.TTF', name='Lucida Sans', style='italic', variant='normal', weight=400, stretch='normal', size='scalable')) = 11.05
2025-01-09 11:26:10,537 DEBUG:findfont: score(FontEntry(fname='C:\\Windows\\Fonts\\Artifakt Element Heavy Italic.ttf', name='Artifakt Element', style='italic', variant='normal', weight=900, stretch='normal', size='scalable')) = 11.525
2025-01-09 11:26:10,538 DEBUG:findfont: score(FontEntry(fname='C:\\Windows\\Fonts\\cambriaz.ttf', name='Cambria', style='italic', variant='normal', weight=700, stretch='normal', size='scalable')) = 11.335
2025-01-09 11:26:10,538 DEBUG:findfont: score(FontEntry(fname='C:\\Windows\\Fonts\\TCMI____.TTF', name='Tw Cen MT', style='italic', variant='normal', weight=400, stretch='normal', size='scalable')) = 11.05
2025-01-09 11:26:10,538 DEBUG:findfont: score(FontEntry(fname='C:\\Windows\\Fonts\\wingding.ttf', name='Wingdings', style='normal', variant='normal', weight=400, stretch='normal', size='scalable')) = 10.05
2025-01-09 11:26:10,539 DEBUG:findfont: score(FontEntry(fname='C:\\Windows\\Fonts\\HTOWERT.TTF', name='High Tower Text', style='normal', variant='normal', weight=400, stretch='normal', size='scalable')) = 10.05
2025-01-09 11:26:10,539 DEBUG:findfont: score(FontEntry(fname='C:\\Windows\\Fonts\\complex_IV50.ttf', name='Complex', style='normal', variant='normal', weight=400, stretch='normal', size='scalable')) = 10.05
2025-01-09 11:26:10,540 DEBUG:findfont: score(FontEntry(fname='C:\\Windows\\Fonts\\isocp2_IV50.ttf', name='ISOCP2', style='normal', variant='normal', weight=400, stretch='normal', size='scalable')) = 10.05
2025-01-09 11:26:10,540 DEBUG:findfont: score(FontEntry(fname='C:\\Windows\\Fonts\\Nirmala.ttf', name='Nirmala UI', style='normal', variant='normal', weight=400, stretch='normal', size='scalable')) = 10.05
2025-01-09 11:26:10,540 DEBUG:findfont: score(FontEntry(fname='C:\\Windows\\Fonts\\ONYX.TTF', name='Onyx', style='normal', variant='normal', weight=400, stretch='normal', size='scalable')) = 10.05
2025-01-09 11:26:10,541 DEBUG:findfont: score(FontEntry(fname='C:\\Windows\\Fonts\\ITCEDSCR.TTF', name='Edwardian Script ITC', style='normal', variant='normal', weight=400, stretch='normal', size='scalable')) = 10.05
2025-01-09 11:26:10,541 DEBUG:findfont: score(FontEntry(fname='C:\\Windows\\Fonts\\OLDENGL.TTF', name='Old English Text MT', style='normal', variant='normal', weight=400, stretch='normal', size='scalable')) = 10.05
2025-01-09 11:26:10,541 DEBUG:findfont: score(FontEntry(fname='C:\\Windows\\Fonts\\AMDT_Symbols.ttf', name='AmdtSymbols', style='normal', variant='normal', weight=400, stretch='normal', size='scalable')) = 10.05
2025-01-09 11:26:10,542 DEBUG:findfont: score(FontEntry(fname='C:\\Windows\\Fonts\\isoct_IV25.ttf', name='ISOCT', style='normal', variant='normal', weight=400, stretch='normal', size='scalable')) = 10.05
2025-01-09 11:26:10,542 DEBUG:findfont: score(FontEntry(fname='C:\\Windows\\Fonts\\ITCBLKAD.TTF', name='Blackadder ITC', style='normal', variant='normal', weight=400, stretch='normal', size='scalable')) = 10.05
2025-01-09 11:26:10,542 DEBUG:findfont: score(FontEntry(fname='C:\\Windows\\Fonts\\ANTQUABI.TTF', name='Book Antiqua', style='italic', variant='normal', weight=700, stretch='normal', size='scalable')) = 11.335
2025-01-09 11:26:10,543 DEBUG:findfont: score(FontEntry(fname='C:\\Windows\\Fonts\\LFAXD.TTF', name='Lucida Fax', style='normal', variant='normal', weight=600, stretch='normal', size='scalable')) = 10.24
2025-01-09 11:26:10,543 DEBUG:findfont: score(FontEntry(fname='C:\\Windows\\Fonts\\COPRGTL.TTF', name='Copperplate Gothic Light', style='normal', variant='normal', weight=400, stretch='normal', size='scalable')) = 10.05
2025-01-09 11:26:10,544 DEBUG:findfont: score(FontEntry(fname='C:\\Windows\\Fonts\\seguisli.ttf', name='Segoe UI', style='italic', variant='normal', weight=350, stretch='normal', size='scalable')) = 11.0975
2025-01-09 11:26:10,544 DEBUG:findfont: score(FontEntry(fname='C:\\Windows\\Fonts\\swisscbo.ttf', name='Swis721 BdCnOul BT', style='normal', variant='normal', weight=400, stretch='condensed', size='scalable')) = 10.25
2025-01-09 11:26:10,545 DEBUG:findfont: score(FontEntry(fname='C:\\Windows\\Fonts\\Artifakt Element Book Italic.ttf', name='Artifakt Element', style='italic', variant='normal', weight=450, stretch='normal', size='scalable')) = 11.0975
2025-01-09 11:26:10,545 DEBUG:findfont: score(FontEntry(fname='C:\\Windows\\Fonts\\GOUDOSB.TTF', name='Goudy Old Style', style='normal', variant='normal', weight=700, stretch='normal', size='scalable')) = 10.335
2025-01-09 11:26:10,545 DEBUG:findfont: score(FontEntry(fname='C:\\Windows\\Fonts\\MISTRAL.TTF', name='Mistral', style='normal', variant='normal', weight=400, stretch='normal', size='scalable')) = 10.05
2025-01-09 11:26:10,546 DEBUG:findfont: score(FontEntry(fname='C:\\Windows\\Fonts\\BOOKOSI.TTF', name='Bookman Old Style', style='italic', variant='normal', weight=300, stretch='normal', size='scalable')) = 11.145
2025-01-09 11:26:10,546 DEBUG:findfont: score(FontEntry(fname='C:\\Windows\\Fonts\\sylfaen.ttf', name='Sylfaen', style='normal', variant='normal', weight=400, stretch='normal', size='scalable')) = 10.05
2025-01-09 11:26:10,546 DEBUG:findfont: score(FontEntry(fname='C:\\Windows\\Fonts\\ENGR.TTF', name='Engravers MT', style='normal', variant='normal', weight=500, stretch='normal', size='scalable')) = 10.145
2025-01-09 11:26:10,547 DEBUG:findfont: score(FontEntry(fname='C:\\Windows\\Fonts\\CALIFI.TTF', name='Californian FB', style='italic', variant='normal', weight=400, stretch='normal', size='scalable')) = 11.05
2025-01-09 11:26:10,547 DEBUG:findfont: score(FontEntry(fname='C:\\Windows\\Fonts\\HGRGE.TTC', name='HGGothicE', style='normal', variant='normal', weight=400, stretch='normal', size='scalable')) = 10.05
2025-01-09 11:26:10,547 DEBUG:findfont: score(FontEntry(fname='C:\\Windows\\Fonts\\LBRITE.TTF', name='Lucida Bright', style='normal', variant='normal', weight=400, stretch='normal', size='scalable')) = 10.05
2025-01-09 11:26:10,548 DEBUG:findfont: score(FontEntry(fname='C:\\Windows\\Fonts\\complex_.ttf', name='Complex', style='normal', variant='normal', weight=400, stretch='normal', size='scalable')) = 10.05
2025-01-09 11:26:10,548 DEBUG:findfont: score(FontEntry(fname='C:\\Windows\\Fonts\\yumindb.ttf', name='Yu Mincho', style='normal', variant='normal', weight=600, stretch='normal', size='scalable')) = 10.24
2025-01-09 11:26:10,548 DEBUG:findfont: score(FontEntry(fname='C:\\Windows\\Fonts\\CENSCBK.TTF', name='Century Schoolbook', style='normal', variant='normal', weight=400, stretch='normal', size='scalable')) = 10.05
2025-01-09 11:26:10,549 DEBUG:findfont: score(FontEntry(fname='C:\\Windows\\Fonts\\symeteo_IV50.ttf', name='Symeteo', style='normal', variant='normal', weight=400, stretch='normal', size='scalable')) = 10.05
2025-01-09 11:26:10,549 DEBUG:findfont: score(FontEntry(fname='C:\\Windows\\Fonts\\webdings.ttf', name='Webdings', style='normal', variant='normal', weight=400, stretch='normal', size='scalable')) = 10.05
2025-01-09 11:26:10,549 DEBUG:findfont: score(FontEntry(fname='C:\\Windows\\Fonts\\techl___.ttf', name='TechnicLite', style='normal', variant='normal', weight=400, stretch='normal', size='scalable')) = 10.05
2025-01-09 11:26:10,549 DEBUG:findfont: score(FontEntry(fname='C:\\Windows\\Fonts\\LBRITED.TTF', name='Lucida Bright', style='normal', variant='normal', weight=600, stretch='normal', size='scalable')) = 10.24
2025-01-09 11:26:10,551 DEBUG:findfont: score(FontEntry(fname='C:\\Windows\\Fonts\\LEELAWDB.TTF', name='Leelawadee', style='normal', variant='normal', weight=700, stretch='normal', size='scalable')) = 10.335
2025-01-09 11:26:10,551 DEBUG:findfont: score(FontEntry(fname='C:\\Windows\\Fonts\\sanssbo_.ttf', name='SansSerif', style='oblique', variant='normal', weight=700, stretch='normal', size='scalable')) = 11.335
2025-01-09 11:26:10,551 DEBUG:findfont: score(FontEntry(fname='C:\\Windows\\Fonts\\VLADIMIR.TTF', name='Vladimir Script', style='normal', variant='normal', weight=400, stretch='normal', size='scalable')) = 10.05
2025-01-09 11:26:10,551 DEBUG:findfont: score(FontEntry(fname='C:\\Windows\\Fonts\\HARNGTON.TTF', name='Harrington', style='normal', variant='normal', weight=400, stretch='normal', size='scalable')) = 10.05
2025-01-09 11:26:10,551 DEBUG:findfont: score(FontEntry(fname='C:\\Windows\\Fonts\\LEELAWAD.TTF', name='Leelawadee', style='normal', variant='normal', weight=400, stretch='normal', size='scalable')) = 10.05
2025-01-09 11:26:10,552 DEBUG:findfont: score(FontEntry(fname='C:\\Windows\\Fonts\\gothice_.ttf', name='GothicE', style='normal', variant='normal', weight=400, stretch='normal', size='scalable')) = 10.05
2025-01-09 11:26:10,552 DEBUG:findfont: score(FontEntry(fname='C:\\Windows\\Fonts\\SegUIVar.ttf', name='Segoe UI Variable', style='normal', variant='normal', weight=400, stretch='normal', size='scalable')) = 10.05
2025-01-09 11:26:10,552 DEBUG:findfont: score(FontEntry(fname='C:\\Windows\\Fonts\\Amgdt_IV25.ttf', name='AMGDT_IV25', style='normal', variant='normal', weight=400, stretch='normal', size='scalable')) = 10.05
2025-01-09 11:26:10,553 DEBUG:findfont: score(FontEntry(fname='C:\\Windows\\Fonts\\georgia.ttf', name='Georgia', style='normal', variant='normal', weight=400, stretch='normal', size='scalable')) = 10.05
2025-01-09 11:26:10,553 DEBUG:findfont: score(FontEntry(fname='C:\\Windows\\Fonts\\CALISTB.TTF', name='Calisto MT', style='normal', variant='normal', weight=700, stretch='normal', size='scalable')) = 10.335
2025-01-09 11:26:10,553 DEBUG:findfont: score(FontEntry(fname='C:\\Windows\\Fonts\\ELEPHNTI.TTF', name='Elephant', style='italic', variant='normal', weight=400, stretch='normal', size='scalable')) = 11.05
2025-01-09 11:26:10,554 DEBUG:findfont: score(FontEntry(fname='C:\\Windows\\Fonts\\LSANSDI.TTF', name='Lucida Sans', style='italic', variant='normal', weight=600, stretch='normal', size='scalable')) = 11.24
2025-01-09 11:26:10,554 DEBUG:findfont: score(FontEntry(fname='C:\\Windows\\Fonts\\segmdl2.ttf', name='Segoe MDL2 Assets', style='normal', variant='normal', weight=400, stretch='normal', size='scalable')) = 10.05
2025-01-09 11:26:10,554 DEBUG:findfont: score(FontEntry(fname='C:\\Windows\\Fonts\\MAIAN.TTF', name='Maiandra GD', style='normal', variant='normal', weight=400, stretch='normal', size='scalable')) = 10.05
2025-01-09 11:26:10,555 DEBUG:findfont: score(FontEntry(fname='C:\\Windows\\Fonts\\dutchbi.ttf', name='Dutch801 Rm BT', style='italic', variant='normal', weight=700, stretch='normal', size='scalable')) = 11.335
2025-01-09 11:26:10,555 DEBUG:findfont: score(FontEntry(fname='C:\\Windows\\Fonts\\CURLZ___.TTF', name='Curlz MT', style='normal', variant='normal', weight=400, stretch='normal', size='scalable')) = 10.05
2025-01-09 11:26:10,555 DEBUG:findfont: score(FontEntry(fname='C:\\Windows\\Fonts\\AGENCYR.TTF', name='Agency FB', style='normal', variant='normal', weight=400, stretch='normal', size='scalable')) = 10.05
2025-01-09 11:26:10,555 DEBUG:findfont: score(FontEntry(fname='C:\\Windows\\Fonts\\gdt_IV25.ttf', name='GDT_IV25', style='normal', variant='normal', weight=400, stretch='normal', size='scalable')) = 10.05
2025-01-09 11:26:10,556 DEBUG:findfont: score(FontEntry(fname='C:\\Windows\\Fonts\\monotxt_IV25.ttf', name='Monotxt', style='normal', variant='normal', weight=400, stretch='normal', size='scalable')) = 10.05
2025-01-09 11:26:10,556 DEBUG:findfont: score(FontEntry(fname='C:\\Windows\\Fonts\\segoepr.ttf', name='Segoe Print', style='normal', variant='normal', weight=400, stretch='normal', size='scalable')) = 10.05
2025-01-09 11:26:10,556 DEBUG:findfont: score(FontEntry(fname='C:\\Windows\\Fonts\\msyhbd.ttc', name='Microsoft YaHei', style='normal', variant='normal', weight=700, stretch='normal', size='scalable')) = 10.335
2025-01-09 11:26:10,556 DEBUG:findfont: score(FontEntry(fname='C:\\Windows\\Fonts\\verdanab.ttf', name='Verdana', style='normal', variant='normal', weight=700, stretch='normal', size='scalable')) = 3.9713636363636367
2025-01-09 11:26:10,557 DEBUG:findfont: score(FontEntry(fname='C:\\Windows\\Fonts\\ANTQUAB.TTF', name='Book Antiqua', style='normal', variant='normal', weight=700, stretch='normal', size='scalable')) = 10.335
2025-01-09 11:26:10,557 DEBUG:findfont: score(FontEntry(fname='C:\\Windows\\Fonts\\eurro___.ttf', name='EuroRoman', style='oblique', variant='normal', weight=400, stretch='normal', size='scalable')) = 11.05
2025-01-09 11:26:10,557 DEBUG:findfont: score(FontEntry(fname='C:\\Windows\\Fonts\\PERTIBD.TTF', name='Perpetua Titling MT', style='normal', variant='normal', weight=700, stretch='normal', size='scalable')) = 10.335
2025-01-09 11:26:10,557 DEBUG:findfont: score(FontEntry(fname='C:\\Windows\\Fonts\\Artifakt Element Regular.ttf', name='Artifakt Element', style='normal', variant='normal', weight=400, stretch='normal', size='scalable')) = 10.05
2025-01-09 11:26:10,558 DEBUG:findfont: score(FontEntry(fname='C:\\Windows\\Fonts\\MSUIGHUB.TTF', name='Microsoft Uighur', style='normal', variant='normal', weight=700, stretch='normal', size='scalable')) = 10.335
2025-01-09 11:26:10,558 DEBUG:findfont: score(FontEntry(fname='C:\\Windows\\Fonts\\swissbi.ttf', name='Swis721 BT', style='italic', variant='normal', weight=700, stretch='normal', size='scalable')) = 11.335
2025-01-09 11:26:10,558 DEBUG:findfont: score(FontEntry(fname='C:\\Windows\\Fonts\\LBRITEI.TTF', name='Lucida Bright', style='italic', variant='normal', weight=400, stretch='normal', size='scalable')) = 11.05
2025-01-09 11:26:10,559 DEBUG:findfont: score(FontEntry(fname='C:\\Windows\\Fonts\\msmincho.ttc', name='MS Mincho', style='normal', variant='normal', weight=400, stretch='normal', size='scalable')) = 10.05
2025-01-09 11:26:10,559 DEBUG:findfont: score(FontEntry(fname='C:\\Windows\\Fonts\\ARIALUNI.ttf', name='Arial Unicode MS', style='normal', variant='normal', weight=400, stretch='normal', size='scalable')) = 10.05
2025-01-09 11:26:10,559 DEBUG:findfont: score(FontEntry(fname='C:\\Windows\\Fonts\\BROADW.TTF', name='Broadway', style='normal', variant='normal', weight=400, stretch='normal', size='scalable')) = 10.05
2025-01-09 11:26:10,561 DEBUG:findfont: score(FontEntry(fname='C:\\Windows\\Fonts\\AIGDT___.TTF', name='AIGDT', style='normal', variant='normal', weight=400, stretch='normal', size='scalable')) = 10.05
2025-01-09 11:26:10,561 DEBUG:findfont: score(FontEntry(fname='C:\\Windows\\Fonts\\HATTEN.TTF', name='Haettenschweiler', style='normal', variant='normal', weight=400, stretch='normal', size='scalable')) = 10.05
2025-01-09 11:26:10,562 DEBUG:findfont: score(FontEntry(fname='C:\\Windows\\Fonts\\taile.ttf', name='Microsoft Tai Le', style='normal', variant='normal', weight=400, stretch='normal', size='scalable')) = 10.05
2025-01-09 11:26:10,562 DEBUG:findfont: score(FontEntry(fname='C:\\Windows\\Fonts\\HARLOWSI.TTF', name='Harlow Solid Italic', style='italic', variant='normal', weight=400, stretch='normal', size='scalable')) = 11.05
2025-01-09 11:26:10,562 DEBUG:findfont: score(FontEntry(fname='C:\\Windows\\Fonts\\GLECB.TTF', name='Gloucester MT Extra Condensed', style='normal', variant='normal', weight=400, stretch='condensed', size='scalable')) = 10.25
2025-01-09 11:26:10,563 DEBUG:findfont: score(FontEntry(fname='C:\\Windows\\Fonts\\ROCKI.TTF', name='Rockwell', style='italic', variant='normal', weight=400, stretch='normal', size='scalable')) = 11.05
2025-01-09 11:26:10,563 DEBUG:findfont: score(FontEntry(fname='C:\\Windows\\Fonts\\GILBI___.TTF', name='Gill Sans MT', style='italic', variant='normal', weight=700, stretch='normal', size='scalable')) = 11.335
2025-01-09 11:26:10,563 DEBUG:findfont: Matching sans\-serif:style=normal:variant=normal:weight=normal:stretch=normal:size=12.0 to DejaVu Sans ('C:\\Users\\chimpaleenantaphon\\AppData\\Local\\anaconda3\\Lib\\site-packages\\matplotlib\\mpl-data\\fonts\\ttf\\DejaVuSans.ttf') with score of 0.050000.
2025-01-09 11:26:10,716 DEBUG:Assigning font /F1 = 'C:\\Users\\chimpaleenantaphon\\AppData\\Local\\anaconda3\\Lib\\site-packages\\matplotlib\\mpl-data\\fonts\\ttf\\DejaVuSans.ttf'
2025-01-09 11:26:11,480 DEBUG:Embedding font C:\Users\chimpaleenantaphon\AppData\Local\anaconda3\Lib\site-packages\matplotlib\mpl-data\fonts\ttf\DejaVuSans.ttf.
2025-01-09 11:26:11,480 DEBUG:Writing TrueType font.
2025-01-09 11:26:11,520 INFO:Processed and saved PDF for W://20241224133021_1505_XXX0035_20rpm.csv
2025-01-09 11:26:13,848 INFO:Download CSV button clicked with filepath=W://20241224133021_1505_XXX0035_20rpm.csv
2025-01-09 11:26:13,849 DEBUG:open file: W:/20241224133021_1505_XXX0035_20rpm.csv
2025-01-09 11:27:11,334 INFO:Note: NumExpr detected 12 cores but "NUMEXPR_MAX_THREADS" not set, so enforcing safe limit of 8.
2025-01-09 11:27:11,334 INFO:NumExpr defaulting to 8 threads.
2025-01-09 11:27:13,215 DEBUG:matplotlib data path: C:\Users\chimpaleenantaphon\AppData\Local\anaconda3\Lib\site-packages\matplotlib\mpl-data
2025-01-09 11:27:13,224 DEBUG:CONFIGDIR=C:\Users\chimpaleenantaphon\.matplotlib
2025-01-09 11:27:13,228 DEBUG:interactive is False
2025-01-09 11:27:13,228 DEBUG:platform is win32
2025-01-09 11:27:13,339 DEBUG:CACHEDIR=C:\Users\chimpaleenantaphon\.matplotlib
2025-01-09 11:27:13,345 DEBUG:Using fontManager instance from C:\Users\chimpaleenantaphon\.matplotlib\fontlist-v330.json
2025-01-09 11:28:48,534 INFO:Note: NumExpr detected 12 cores but "NUMEXPR_MAX_THREADS" not set, so enforcing safe limit of 8.
2025-01-09 11:28:48,535 INFO:NumExpr defaulting to 8 threads.
2025-01-09 11:28:49,740 DEBUG:matplotlib data path: C:\Users\chimpaleenantaphon\AppData\Local\anaconda3\Lib\site-packages\matplotlib\mpl-data
2025-01-09 11:28:49,745 DEBUG:CONFIGDIR=C:\Users\chimpaleenantaphon\.matplotlib
2025-01-09 11:28:49,747 DEBUG:interactive is False
2025-01-09 11:28:49,748 DEBUG:platform is win32
2025-01-09 11:28:49,802 DEBUG:CACHEDIR=C:\Users\chimpaleenantaphon\.matplotlib
2025-01-09 11:28:49,805 DEBUG:Using fontManager instance from C:\Users\chimpaleenantaphon\.matplotlib\fontlist-v330.json
2025-01-09 11:28:54,762 INFO:Note: NumExpr detected 12 cores but "NUMEXPR_MAX_THREADS" not set, so enforcing safe limit of 8.
2025-01-09 11:28:54,763 INFO:NumExpr defaulting to 8 threads.
2025-01-09 11:28:55,640 DEBUG:matplotlib data path: C:\Users\chimpaleenantaphon\AppData\Local\anaconda3\Lib\site-packages\matplotlib\mpl-data
2025-01-09 11:28:55,646 DEBUG:CONFIGDIR=C:\Users\chimpaleenantaphon\.matplotlib
2025-01-09 11:28:55,648 DEBUG:interactive is False
2025-01-09 11:28:55,649 DEBUG:platform is win32
2025-01-09 11:28:55,711 DEBUG:CACHEDIR=C:\Users\chimpaleenantaphon\.matplotlib
2025-01-09 11:28:55,717 DEBUG:Using fontManager instance from C:\Users\chimpaleenantaphon\.matplotlib\fontlist-v330.json
2025-01-09 11:29:12,607 DEBUG:open file: W:/20241224133021_1505_XXX0035_20rpm.csv
2025-01-09 11:29:12,729 DEBUG:open file: W:/20241224133021_1505_XXX0035_20rpm.csv
2025-01-09 11:29:13,017 ERROR:Error storing measurement and features: (sqlite3.IntegrityError) UNIQUE constraint failed: measurements.file_path
[SQL: INSERT INTO measurements (file_path, operator_id, ball_size_id, timestamp, status) VALUES (?, ?, ?, ?, ?)]
[parameters: ('W://20241224133021_1505_XXX0035_20rpm.csv', '奥山', '2', '2025-01-09 11:29:13.014018', 'Processed')]
(Background on this error at: https://sqlalche.me/e/20/gkpj)
2025-01-09 11:29:13,017 ERROR:Error in model prediction: [Errno 2] No such file or directory: 'best_model.pkl'
2025-01-09 11:29:15,297 INFO:Download CSV button clicked with filepath=W://20241224133021_1505_XXX0035_20rpm.csv
2025-01-09 11:32:29,730 INFO:Note: NumExpr detected 12 cores but "NUMEXPR_MAX_THREADS" not set, so enforcing safe limit of 8.
2025-01-09 11:32:29,731 INFO:NumExpr defaulting to 8 threads.
2025-01-09 11:32:31,032 DEBUG:matplotlib data path: C:\Users\chimpaleenantaphon\AppData\Local\anaconda3\Lib\site-packages\matplotlib\mpl-data
2025-01-09 11:32:31,036 DEBUG:CONFIGDIR=C:\Users\chimpaleenantaphon\.matplotlib
2025-01-09 11:32:31,038 DEBUG:interactive is False
2025-01-09 11:32:31,038 DEBUG:platform is win32
2025-01-09 11:32:31,141 DEBUG:CACHEDIR=C:\Users\chimpaleenantaphon\.matplotlib
2025-01-09 11:32:31,146 DEBUG:Using fontManager instance from C:\Users\chimpaleenantaphon\.matplotlib\fontlist-v330.json
2025-01-09 11:55:39,685 DEBUG:open file: W:/20241224151112_1505_XXX0043_20rpm.csv
2025-01-09 11:55:39,784 DEBUG:open file: W:/20241224151112_1505_XXX0043_20rpm.csv
2025-01-09 11:55:40,131 ERROR:Error storing measurement and features: (sqlite3.IntegrityError) UNIQUE constraint failed: measurements.file_path
[SQL: INSERT INTO measurements (file_path, operator_id, ball_size_id, timestamp, status) VALUES (?, ?, ?, ?, ?)]
[parameters: ('W://20241224151112_1505_XXX0043_20rpm.csv', '奥山', '2', '2025-01-09 11:55:40.127186', 'Processed')]
(Background on this error at: https://sqlalche.me/e/20/gkpj)
2025-01-09 11:55:40,132 ERROR:Error in model prediction: [Errno 2] No such file or directory: 'best_model.pkl'
2025-01-09 11:55:55,477 INFO:Note: NumExpr detected 12 cores but "NUMEXPR_MAX_THREADS" not set, so enforcing safe limit of 8.
2025-01-09 11:55:55,478 INFO:NumExpr defaulting to 8 threads.
2025-01-09 11:55:56,392 DEBUG:matplotlib data path: C:\Users\chimpaleenantaphon\AppData\Local\anaconda3\Lib\site-packages\matplotlib\mpl-data
2025-01-09 11:55:56,397 DEBUG:CONFIGDIR=C:\Users\chimpaleenantaphon\.matplotlib
2025-01-09 11:55:56,398 DEBUG:interactive is False
2025-01-09 11:55:56,399 DEBUG:platform is win32
2025-01-09 11:55:56,456 DEBUG:CACHEDIR=C:\Users\chimpaleenantaphon\.matplotlib
2025-01-09 11:55:56,459 DEBUG:Using fontManager instance from C:\Users\chimpaleenantaphon\.matplotlib\fontlist-v330.json
2025-01-09 12:47:06,323 INFO:Note: NumExpr detected 12 cores but "NUMEXPR_MAX_THREADS" not set, so enforcing safe limit of 8.
2025-01-09 12:47:06,325 INFO:NumExpr defaulting to 8 threads.
2025-01-09 12:47:09,209 DEBUG:matplotlib data path: C:\Users\chimpaleenantaphon\AppData\Local\anaconda3\Lib\site-packages\matplotlib\mpl-data
2025-01-09 12:47:09,220 DEBUG:CONFIGDIR=C:\Users\chimpaleenantaphon\.matplotlib
2025-01-09 12:47:09,223 DEBUG:interactive is False
2025-01-09 12:47:09,223 DEBUG:platform is win32
2025-01-09 12:47:09,369 DEBUG:CACHEDIR=C:\Users\chimpaleenantaphon\.matplotlib
2025-01-09 12:47:09,377 DEBUG:Using fontManager instance from C:\Users\chimpaleenantaphon\.matplotlib\fontlist-v330.json
